date,season,neutral,playoff,team1,team2,elo1_pre,elo2_pre,elo_prob1,elo_prob2,elo1_post,elo2_post,score1,score2
1920-09-26,1920,0,,rii,stp,1503.947,1300.0,0.8246512009492516,0.1753487990507484,1516.108,1287.838,48,0
1920-10-03,1920,0,,cbd,ptq,1504.688,1300.0,0.8252671507782987,0.1747328492217013,1516.803,1287.885,48,0
1920-10-03,1920,0,,bff,wbu,1478.004,1300.0,0.8020003005487033,0.1979996994512967,1489.757,1288.247,32,6
1920-10-03,1920,0,,akr,whe,1503.42,1300.0,0.8242120973373386,0.17578790266266142,1515.278,1288.142,43,0
1920-10-03,1920,0,,rch,abu,1503.42,1300.0,0.8242120973373386,0.17578790266266142,1510.934,1292.486,10,0
1920-10-03,1920,0,,rii,mun,1516.108,1478.004,0.6441710901126361,0.35582890988736393,1542.135,1451.977,45,0
1920-10-03,1920,0,,chi,mut,1368.333,1300.0,0.6829855714913705,0.3170144285086295,1386.533,1281.8,20,0
1920-10-03,1920,0,,day,col,1493.002,1504.908,0.5758191240920725,0.4241808759079275,1515.434,1482.475,14,0
1920-10-10,1920,0,,chi,kew,1386.533,1300.0,0.7052228213582555,0.29477717864174446,1402.774,1283.76,25,7
1920-10-10,1920,0,,cbd,tlm,1516.803,1300.0,0.8350967251138723,0.16490327488612766,1527.799,1289.004,42,0
1920-10-10,1920,0,,bff,abu,1489.757,1292.486,0.8190246337513903,0.18097536624860966,1502.536,1279.708,51,0
1920-10-10,1920,0,,dhr,clp,1499.667,1300.0,0.8210600128920061,0.17893998710799386,1510.196,1289.472,40,14
1920-10-10,1920,0,,akr,col,1515.278,1482.475,0.6371462416975575,0.3628537583024425,1540.552,1457.2,37,0
1920-10-10,1920,0,,cht,ari,1300.0,1493.002,0.32369581012897025,0.6763041898710298,1305.377,1487.625,0,0
1920-10-10,1920,0,,day,cti,1515.434,1464.506,0.6609062119549988,0.33909378804500123,1510.527,1469.414,0,0
1920-10-10,1920,0,,rch,ftp,1510.934,1300.0,0.8303914086394528,0.16960859136054718,1523.607,1287.327,66,0
1920-10-10,1920,0,,rii,ham,1542.135,1444.259,0.7186125156699114,0.28138748433008864,1559.405,1426.99,26,0
1920-10-17,1920,0,,day,ham,1510.527,1426.99,0.7016249406064283,0.2983750593935717,1531.807,1405.71,44,0
1920-10-17,1920,0,,rii,chi,1559.405,1402.774,0.7817358026736219,0.21826419732637814,1523.251,1438.927,0,7
1920-10-17,1920,0,,ftw,col,1300.0,1457.2,0.3703429439183118,0.6296570560816882,1335.595,1421.606,14,0
1920-10-17,1920,0,,cht,dhr,1305.377,1510.196,0.3089862674970486,0.6910137325029514,1343.231,1472.342,12,0
1920-10-17,1920,0,,akr,cnc,1540.552,1300.0,0.8530716765977777,0.14692832340222228,1547.362,1293.191,13,0
1920-10-17,1920,0,,bff,mck,1502.536,1300.0,0.8234735946274689,0.17652640537253106,1512.265,1290.27,28,7
1920-10-17,1920,0,,ari,mut,1487.625,1281.8,0.8262089539380489,0.17379104606195106,1498.252,1271.172,33,3
1920-10-17,1920,0,,cbd,cti,1527.799,1469.414,0.6704588627828753,0.32954113721712475,1540.777,1456.436,7,0
1920-10-17,1920,0,,rch,uti,1523.607,1300.0,0.8404198708258926,0.15958012917410735,1513.225,1310.382,0,0
1920-10-24,1920,0,,bff,tlm,1512.265,1289.004,0.8401525693602044,0.15984743063979556,1522.621,1278.649,38,0
1920-10-24,1920,0,,akr,cti,1547.362,1456.436,0.7104523923311487,0.28954760766885135,1558.607,1445.191,7,0
1920-10-24,1920,0,,rch,syr,1513.225,1300.0,0.8322407496806097,0.16775925031939032,1521.291,1291.934,21,7
1920-10-24,1920,0,,rii,ari,1523.251,1498.252,0.6266977349565902,0.3733022650434098,1538.166,1483.337,7,0
1920-10-24,1920,0,,dhr,col,1472.342,1421.606,0.6606584732908434,0.3393415267091566,1484.888,1409.059,6,0
1920-10-24,1920,0,,cht,chi,1343.231,1438.927,0.455939487249168,0.544060512750832,1321.666,1460.492,0,10
1920-10-24,1920,0,,day,cbd,1531.807,1540.777,0.5799418307749183,0.42005816922508166,1529.368,1543.215,20,20
1920-10-31,1920,0,,rii,cht,1538.166,1321.666,0.8348563894691186,0.16514361053088145,1545.894,1313.938,20,7
1920-10-31,1920,0,,bff,rch,1522.621,1521.291,0.5943134780522634,0.4056865219477366,1542.193,1501.719,17,6
1920-10-31,1920,0,,cbd,akr,1543.215,1558.607,0.5709104192320837,0.42908958076791626,1515.204,1586.618,0,10
1920-10-31,1920,0,,log,ham,1300.0,1405.71,0.44168025618991663,0.5583197438100833,1284.46,1421.25,9,14
1920-10-31,1920,0,,ari,dhr,1483.337,1484.888,0.590308732113072,0.409691267886928,1507.955,1460.271,21,0
1920-10-31,1920,0,,cti,col,1445.191,1409.059,0.6415648660951777,0.3584351339048223,1459.443,1394.807,7,0
1920-10-31,1920,0,,day,cnc,1529.368,1293.191,0.849886887823208,0.15011311217679202,1536.85,1285.709,23,7
1920-10-31,1920,0,,rck,chi,1300.0,1460.492,0.36593490987853744,0.6340650901214626,1276.143,1484.349,0,29
1920-11-07,1920,0,,bff,atn,1542.193,1300.0,0.8542517418951552,0.14574825810484482,1551.359,1290.834,35,0
1920-11-07,1920,0,,cti,cbd,1459.443,1515.204,0.5132928566698408,0.4867071433301592,1429.088,1545.558,0,18
1920-11-07,1920,0,,rii,chi,1545.894,1484.349,0.6744653897706056,0.32553461022939445,1540.573,1489.67,0,0
1920-11-07,1920,0,,zan,col,1300.0,1394.807,0.457209209875749,0.542790790124251,1278.366,1416.441,0,10
1920-11-07,1920,0,,cht,ari,1313.938,1507.955,0.3224180406221354,0.6775819593778646,1305.494,1516.399,3,6
1920-11-07,1920,0,,pul,ham,1300.0,1421.25,0.4197496883637788,0.5802503116362212,1294.326,1426.924,13,14
1920-11-07,1920,0,,rch,uti,1501.719,1310.382,0.8139062165368742,0.18609378346312577,1511.868,1300.233,27,7
1920-11-11,1920,0,,chl,chi,1300.0,1489.67,0.3279088695976134,0.6720911304023867,1281.104,1508.566,0,20
1920-11-11,1920,0,,tho,rii,1300.0,1540.573,0.26684690600891026,0.7331530939910897,1307.111,1533.462,7,7
1920-11-14,1920,0,,rch,atn,1511.868,1290.834,0.8384234232144746,0.1615765767855254,1474.362,1328.34,0,6
1920-11-14,1920,0,,cti,akr,1429.088,1586.618,0.36990007958842075,0.6300999204115793,1433.056,1582.65,7,7
1920-11-14,1920,0,,rii,day,1533.462,1536.85,0.5877488989628165,0.41225110103718354,1496.08,1574.232,0,21
1920-11-14,1920,0,,gar,ham,1300.0,1426.924,0.41181599472436753,0.5881840052756324,1308.39,1418.534,7,6
1920-11-14,1920,0,,ftw,dhr,1335.595,1460.271,0.41495403298762035,0.5850459670123797,1338.188,1457.677,0,0
1920-11-14,1920,0,,bff,col,1551.359,1416.441,0.7596607557344566,0.24033924426554343,1567.27,1400.53,43,7
1920-11-14,1920,0,,cbd,cht,1545.558,1305.494,0.8527192268204822,0.14728077317951782,1553.555,1297.498,21,0
1920-11-14,1920,0,,ari,cnc,1516.399,1285.709,0.845812520321243,0.154187479678757,1524.675,1277.433,20,0
1920-11-14,1920,0,,mnm,chi,1300.0,1508.566,0.304399963546868,0.6956000364531321,1292.077,1516.489,0,3
1920-11-21,1920,0,,akr,day,1582.65,1574.232,0.6041119312780093,0.39588806872199067,1602.871,1554.012,13,0
1920-11-21,1920,0,,bff,cbd,1567.27,1553.555,0.6113807767668593,0.3886192232331407,1549.69,1571.135,0,3
1920-11-21,1920,0,,ari,lan,1524.675,1300.0,0.8412426678993664,0.15875733210063359,1532.273,1292.402,14,0
1920-11-21,1920,0,,rch,ros,1474.362,1300.0,0.7986500510782363,0.20134994892176372,1484.651,1289.71,16,0
1920-11-21,1920,0,,cti,tlm,1433.056,1278.649,0.7795435211924647,0.22045647880753527,1443.913,1267.791,14,0
1920-11-21,1920,0,,chi,ham,1516.489,1418.534,0.7187044630080391,0.28129553699196086,1532.679,1402.343,28,7
1920-11-21,1920,0,,zan,col,1278.366,1400.53,0.4184687644809145,0.5815312355190855,1280.853,1398.043,0,0
1920-11-25,1920,0,,rch,atn,1484.651,1328.34,0.7814213368120926,0.21857866318790742,1441.473,1371.519,3,14
1920-11-25,1920,0,,chb,ham,1300.0,1402.343,0.44646509551974106,0.5535349044802589,1337.527,1364.817,27,0
1920-11-25,1920,0,,day,dhr,1554.012,1457.677,0.7168153088469423,0.28318469115305767,1571.78,1439.909,28,0
1920-11-25,1920,0,,ely,col,1300.0,1398.043,0.4525901556272016,0.5474098443727984,1301.446,1396.597,0,0
1920-11-25,1920,0,,cht,chi,1297.498,1532.679,0.2729631054153987,0.7270368945846013,1287.638,1542.54,0,6
1920-11-25,1920,0,,akr,cbd,1602.871,1571.135,0.6357250407333228,0.3642749592666772,1617.382,1556.623,7,0
1920-11-28,1920,0,,ari,chi,1532.273,1542.54,0.5781219337540966,0.4218780662459034,1537.98,1536.833,7,6
1920-11-28,1920,0,,day,akr,1571.78,1617.382,0.5278869955505084,0.47211300444949156,1542.935,1646.228,0,14
1920-11-28,1920,0,,rii,wja,1496.08,1300.0,0.8180061992144855,0.18199380078551453,1508.242,1287.839,48,7
1920-11-28,1920,0,,cht,tho,1287.638,1307.111,0.565146176095177,0.43485382390482297,1316.031,1278.718,27,0
1920-11-28,1920,0,,ros,rch,1289.71,1441.473,0.37767040524054885,0.6223295947594512,1284.673,1446.51,6,7
1920-11-28,1920,0,,dhr,lan,1439.909,1292.402,0.7726417686351719,0.22735823136482813,1431.594,1300.717,0,0
1920-11-28,1920,0,,bff,cti,1549.69,1443.913,0.7277172310961919,0.2722827689038081,1560.198,1433.405,7,0
1920-12-04,1920,0,,bff,cbd,1560.198,1556.623,0.5974255035931052,0.4025744964068948,1572.764,1544.056,7,3
1920-12-05,1920,0,,wgc,cbd,1300.0,1544.056,0.262942759700645,0.7370572402993549,1307.23,1536.826,0,0
1920-12-05,1920,0,,bff,akr,1572.764,1646.228,0.4878217339298069,0.5121782660701931,1573.136,1645.856,0,0
1920-12-05,1920,0,,ros,rch,1284.673,1446.51,0.36414032939671725,0.6358596706032827,1288.817,1442.366,0,0
1920-12-05,1920,0,,dhr,dtm,1431.594,1300.0,0.756149916544416,0.243850083455584,1423.781,1307.812,7,7
1920-12-05,1920,0,,ari,chi,1537.98,1536.833,0.5940594649863562,0.4059405350136438,1508.607,1566.206,0,10
1920-12-05,1920,0,,col,cwp,1396.597,1300.0,0.7171213585477898,0.2828786414522102,1413.562,1283.035,24,0
1920-12-11,1920,0,,uap,cbd,1300.0,1536.826,0.27108791197517074,0.7289120880248292,1330.771,1506.055,13,7
1920-12-12,1920,0,,chi,akr,1566.206,1645.856,0.4789294414332902,0.5210705585667098,1566.849,1645.214,0,0
1920-12-18,1920,0,,ric,cbd,1300.0,1506.055,0.30746918791562805,0.692530812084372,1278.682,1527.373,0,39
1920-12-19,1920,0,,cst,ari,1300.0,1508.607,0.3043499918961562,0.6956500081038438,1305.967,1502.64,14,14
1921-09-25,1921,0,,akr,col,1598.476,1444.042,0.7795702305735632,0.22042976942643677,1609.332,1433.186,14,0
1921-10-02,1921,0,,bff,ham,1550.424,1411.544,0.7638000993823642,0.23619990061763585,1562.92,1399.048,17,0
1921-10-02,1921,0,,ari,mnn,1503.427,1504.688,0.5907123998506881,0.40928760014931187,1527.647,1480.468,20,0
1921-10-02,1921,0,,ecg,lou,1300.0,1413.889,0.4301037895945261,0.5698962104054739,1336.032,1377.857,21,0
1921-10-02,1921,0,,akr,ccl,1609.332,1502.63,0.728771018358994,0.27122898164100595,1628.139,1483.823,41,0
1921-10-02,1921,0,,day,col,1530.29,1433.186,0.7177130305917288,0.28228696940827125,1548.174,1415.301,42,13
1921-10-02,1921,0,,rii,dti,1507.161,1300.0,0.8273104657062538,0.17268953429374623,1497.179,1309.982,0,0
1921-10-09,1921,0,,ari,akr,1527.647,1628.139,0.44909983895731026,0.5509001610426898,1499.555,1656.231,0,23
1921-10-09,1921,0,,ecg,mun,1336.032,1469.651,0.4025135809267792,0.5974864190732208,1369.434,1436.249,14,0
1921-10-09,1921,0,,cbd,ham,1519.915,1399.048,0.7445848318411796,0.25541516815882037,1512.456,1406.508,7,7
1921-10-09,1921,0,,dti,day,1309.982,1548.174,0.2695369239816663,0.7304630760183337,1331.966,1526.191,10,7
1921-10-09,1921,0,,bff,col,1562.92,1415.301,0.7727550050827636,0.22724499491723638,1578.103,1400.118,38,0
1921-10-10,1921,0,,chi,rii,1546.233,1497.179,0.6584844289155444,0.3415155710844556,1556.684,1486.728,14,10
1921-10-16,1921,0,,ari,rii,1499.555,1486.728,0.6101655673915589,0.3898344326084411,1473.248,1513.034,7,14
1921-10-16,1921,0,,chi,rch,1556.684,1463.244,0.7134202815973444,0.2865797184026556,1564.096,1455.832,16,13
1921-10-16,1921,0,,bff,ng1,1578.103,1300.0,0.8781535300894766,0.12184646991052339,1586.589,1291.514,55,0
1921-10-16,1921,0,,ecg,ham,1369.434,1406.508,0.5401024206322547,0.45989757936774533,1354.267,1421.675,0,3
1921-10-16,1921,0,,cti,col,1457.27,1400.118,0.6688887730334149,0.3311112269665851,1477.948,1379.44,35,9
1921-10-16,1921,0,,mun,ccl,1436.249,1483.823,0.5250570220154723,0.47494297798452767,1407.584,1512.487,0,14
1921-10-16,1921,0,,dti,akr,1331.966,1656.231,0.1835543839176582,0.8164456160823418,1321.967,1666.229,0,20
1921-10-16,1921,0,,day,cbd,1526.191,1512.456,0.611408130473334,0.388591869526666,1522.793,1515.853,14,14
1921-10-23,1921,0,,bff,rch,1586.589,1455.832,0.755260413464833,0.24473958653516703,1601.725,1440.697,28,0
1921-10-23,1921,0,,cbd,akr,1515.853,1666.229,0.37954880335133057,0.6204511966486694,1505.723,1676.36,0,3
1921-10-23,1921,0,,cti,ccl,1477.948,1512.487,0.5437249267832118,0.4562750732167882,1508.256,1482.179,28,0
1921-10-23,1921,0,,ari,col,1473.248,1379.44,0.7138531919329767,0.2861468080670233,1486.511,1366.177,17,6
1921-10-23,1921,0,,chi,day,1564.096,1522.793,0.6483807661691039,0.3516192338308961,1578.045,1508.844,7,0
1921-10-23,1921,0,,gb,mnn,1413.889,1480.468,0.49772765198110225,0.5022723480188978,1420.857,1473.5,7,6
1921-10-23,1921,0,,dti,rii,1321.967,1513.034,0.3261390439617119,0.6738609560382881,1305.261,1529.741,0,14
1921-10-30,1921,0,,bff,dti,1601.725,1305.261,0.8890184527094621,0.11098154729053789,1607.617,1299.368,21,0
1921-10-30,1921,0,,day,cti,1508.844,1508.256,0.5932832340668743,0.40671676593312567,1514.319,1502.781,3,2
1921-10-30,1921,0,,gb,rii,1420.857,1529.741,0.4371795672057785,0.5628204327942214,1400.301,1550.297,3,13
1921-10-30,1921,0,,mnn,col,1473.5,1366.177,0.7294770416045998,0.2705229583954002,1490.395,1349.282,28,0
1921-10-30,1921,0,,akr,rch,1676.36,1440.697,0.8495090128802689,0.15049098711973108,1684.292,1432.764,19,0
1921-11-06,1921,0,,chi,dti,1578.045,1299.368,0.8785066386826075,0.12149336131739252,1583.267,1294.146,20,9
1921-11-06,1921,0,,bff,cti,1607.617,1502.781,0.7266425908287979,0.2733574091712021,1615.786,1494.613,10,6
1921-11-06,1921,0,,rii,mnn,1550.297,1490.395,0.6723853862786576,0.3276146137213424,1565.704,1474.988,14,3
1921-11-06,1921,0,,cbd,day,1505.723,1514.319,0.5804662109486513,0.41953378905134875,1527.878,1492.164,14,0
1921-11-06,1921,0,,col,akr,1349.282,1684.292,0.17446572159791382,0.8255342784020862,1339.675,1693.899,0,21
1921-11-06,1921,0,,rch,ton,1432.764,1478.004,0.5284063044920551,0.47159369550794494,1468.554,1442.214,45,0
1921-11-06,1921,0,,ari,ham,1486.511,1421.675,0.678611056863766,0.321388943136234,1499.133,1409.054,7,0
1921-11-06,1921,0,,gb,ecg,1400.301,1354.267,0.6545642498889076,0.3454357501110924,1424.224,1330.343,43,6
1921-11-13,1921,0,,chi,rii,1583.267,1565.704,0.6166305306397533,0.38336946936024674,1593.512,1555.459,3,0
1921-11-13,1921,0,,gb,ham,1424.224,1409.054,0.6133689180996386,0.38663108190036144,1439.739,1393.54,14,7
1921-11-13,1921,0,,day,dti,1492.164,1294.146,0.8196611312321836,0.18033886876781635,1502.9,1283.411,27,0
1921-11-13,1921,0,,bff,akr,1615.786,1693.899,0.48113783144031785,0.5188621685596821,1616.361,1693.323,0,0
1921-11-13,1921,0,,cti,cbd,1494.613,1527.878,0.5455437476364552,0.4544562523635448,1471.592,1550.898,0,7
1921-11-20,1921,0,,bff,cbd,1616.361,1550.898,0.6793977307743809,0.3206022692256191,1610.89,1556.37,7,7
1921-11-20,1921,0,,ari,gb,1499.133,1439.739,0.6717408911838079,0.32825910881619214,1493.895,1444.976,3,3
1921-11-20,1921,0,,rch,col,1468.554,1339.675,0.7532566424402186,0.24674335755978138,1480.836,1327.393,27,13
1921-11-20,1921,0,,chi,cti,1593.512,1471.592,0.7457358978191706,0.2542641021808294,1606.507,1458.597,22,7
1921-11-20,1921,0,,day,akr,1502.9,1693.323,0.3269543002568812,0.6730456997431188,1522.689,1673.534,3,0
1921-11-24,1921,0,,akr,cbd,1673.534,1556.37,0.7405098665316118,0.25949013346838823,1629.807,1600.097,0,14
1921-11-24,1921,0,,chi,bff,1606.507,1610.89,0.5863603871817877,0.41363961281821227,1598.148,1619.249,6,7
1921-11-27,1921,0,,bff,day,1619.249,1522.689,0.7170781499354318,0.28292185006456816,1630.21,1511.727,7,0
1921-11-27,1921,0,,sen,cbd,1300.0,1600.097,0.20532696084480004,0.7946730391551999,1289.713,1610.384,0,15
1921-11-27,1921,0,,ecg,ccl,1330.343,1482.179,0.3775716432953696,0.6224283567046305,1380.782,1431.74,48,0
1921-11-27,1921,0,,chi,gb,1598.148,1444.976,0.77831933351256,0.22168066648744,1610.429,1432.696,20,0
1921-12-03,1921,0,,ng1,cti,1291.514,1458.597,0.35717722313366984,0.6428227768663302,1271.782,1478.329,0,17
1921-12-03,1921,0,,bff,akr,1630.21,1629.807,0.5930262390624423,0.40697376093755766,1651.616,1608.401,14,0
1921-12-04,1921,0,,chi,bff,1610.429,1651.616,0.5342161002399493,0.46578389976005075,1623.205,1638.84,10,7
1921-12-04,1921,0,,lou,col,1377.857,1327.393,0.6603073595766215,0.33969264042337854,1350.735,1354.515,0,6
1921-12-04,1921,0,,ari,akr,1493.895,1608.401,0.42923342414719035,0.5707665758528097,1476.436,1625.86,0,7
1921-12-11,1921,0,,sen,cti,1289.713,1478.329,0.32924740542392955,0.6707525945760704,1319.27,1448.772,7,0
1921-12-11,1921,0,,chi,cbd,1623.205,1610.384,0.610157351844411,0.389842648155589,1641.262,1592.326,10,0
1921-12-18,1921,0,,chi,ari,1641.262,1476.436,0.7896778714848912,0.21032212851510879,1632.427,1485.271,0,0
1921-12-18,1921,0,,sen,cbd,1319.27,1592.326,0.23189057362491483,0.7681094263750852,1307.796,1603.801,14,28
1922-10-01,1922,0,,tol,ecg,1504.938,1422.188,0.7006756611079398,0.2993243388920602,1520.492,1406.634,15,0
1922-10-01,1922,0,,rii,gb,1538.64,1456.797,0.6995794950978008,0.3004205049021992,1548.732,1446.705,19,14
1922-10-01,1922,0,,cbd,lou,1570.867,1402.157,0.7933672072168062,0.2066327927831938,1584.553,1388.471,38,0
1922-10-01,1922,0,,ari,mil,1491.847,1300.0,0.8143504709461228,0.18564952905387722,1496.457,1295.391,3,0
1922-10-01,1922,0,,day,oor,1509.485,1300.0,0.8292133938374656,0.17078660616253438,1520.451,1289.034,36,0
1922-10-01,1922,0,,bff,ham,1594.227,1430.693,0.7884399650790559,0.2115600349209441,1602.197,1422.723,7,0
1922-10-01,1922,0,,rac,chi,1493.002,1589.952,0.45414942697818933,0.5458505730218106,1475.58,1607.373,0,6
1922-10-01,1922,0,,akr,col,1585.573,1404.677,0.8046305992859485,0.1953694007140515,1598.264,1391.986,36,0
1922-10-08,1922,0,,tol,mil,1520.492,1295.391,0.841569900746951,0.15843009925304896,1510.074,1305.808,12,12
1922-10-08,1922,0,,oor,col,1289.034,1391.986,0.44559888476972825,0.5544011152302717,1319.588,1361.432,20,6
1922-10-08,1922,0,,rii,chi,1548.732,1607.373,0.509150314903685,0.490849685096315,1532.295,1623.81,6,10
1922-10-08,1922,0,,day,cbd,1520.451,1584.553,0.5012923230056885,0.4987076769943115,1520.411,1584.593,0,0
1922-10-08,1922,0,,gb,rac,1446.705,1475.58,0.5518015125380423,0.4481984874619577,1428.647,1493.638,6,10
1922-10-12,1922,0,,akr,rch,1598.264,1488.89,0.7318006183986098,0.26819938160139023,1591.194,1495.96,13,13
1922-10-15,1922,0,,ari,gb,1496.457,1428.647,0.682333362268822,0.317666637731178,1512.269,1412.835,16,3
1922-10-15,1922,0,,rii,ecg,1532.295,1406.634,0.7497975677153701,0.2502024322846299,1551.226,1387.704,60,0
1922-10-15,1922,0,,tol,ham,1510.074,1422.723,0.7062007539879077,0.2937992460120923,1524.956,1407.841,14,0
1922-10-15,1922,0,,chi,rch,1623.81,1495.96,0.7521540621303711,0.24784593786962894,1633.287,1486.483,7,0
1922-10-15,1922,0,,mil,rac,1305.808,1493.638,0.3302474005493661,0.6697525994506339,1349.001,1450.445,20,0
1922-10-15,1922,0,,cbd,oor,1584.593,1319.588,0.8698532075145711,0.13014679248542893,1590.722,1313.459,14,0
1922-10-15,1922,0,,day,mnn,1520.411,1484.992,0.6406204830631833,0.3593795169368167,1540.279,1465.124,17,0
1922-10-15,1922,0,,bff,col,1602.197,1361.432,0.8532252932591823,0.14677470674081772,1609.918,1353.711,19,0
1922-10-22,1922,0,,ari,mnn,1512.269,1465.124,0.6560088869466268,0.34399111305337315,1521.344,1456.049,3,0
1922-10-22,1922,0,,day,ham,1540.279,1407.841,0.7570446382383244,0.24295536176167565,1553.854,1394.265,20,0
1922-10-22,1922,0,,rac,tol,1450.445,1524.956,0.4863159887549924,0.5136840112450076,1430.307,1545.095,0,7
1922-10-22,1922,0,,mil,gb,1349.001,1412.835,0.5016780025868239,0.49832199741317607,1348.95,1412.886,0,0
1922-10-22,1922,0,,chi,bff,1633.287,1609.918,0.6244999992602788,0.37550000073972123,1648.3,1594.904,7,0
1922-10-22,1922,0,,akr,cbd,1591.194,1590.722,0.5931220972150324,0.4068779027849676,1552.859,1629.058,0,22
1922-10-22,1922,0,,rii,rch,1551.226,1486.483,0.6784942866628162,0.3215057133371838,1571.238,1466.471,26,0
1922-10-29,1922,0,,akr,oor,1552.859,1313.459,0.8522385410489223,0.14776145895107773,1563.615,1302.703,62,0
1922-10-29,1922,0,,mil,ham,1348.95,1394.265,0.528298717872614,0.47170128212738605,1348.087,1395.128,0,0
1922-10-29,1922,0,,chi,cbd,1648.3,1629.058,0.618912744208407,0.38108725579159297,1639.378,1637.979,6,7
1922-10-29,1922,0,,day,bff,1553.854,1594.904,0.5344123304950869,0.46558766950491315,1531.384,1617.375,0,7
1922-10-29,1922,0,,ari,col,1521.344,1353.711,0.7923490048352182,0.2076509951647818,1534.361,1340.694,37,6
1922-10-29,1922,0,,gb,rii,1412.886,1571.238,0.3687978976712825,0.6312021023287175,1416.887,1567.237,0,0
1922-10-29,1922,0,,rac,rch,1430.307,1466.471,0.5414033152617352,0.45859668473826476,1451.153,1445.625,9,0
1922-10-29,1922,0,,tol,lou,1545.095,1388.471,0.781728927222911,0.21827107277708901,1559.724,1373.841,39,0
1922-11-05,1922,0,,chi,day,1639.378,1531.384,0.7302386095516578,0.26976139044834224,1650.896,1519.867,9,0
1922-11-05,1922,0,,akr,ham,1563.615,1395.128,0.7931566851743536,0.20684331482564644,1575.341,1383.402,22,0
1922-11-05,1922,0,,rac,lou,1451.153,1373.841,0.6940694101332828,0.3059305898667172,1474.488,1350.506,57,0
1922-11-05,1922,0,,mnn,oor,1456.049,1302.703,0.7784921039744471,0.22150789602555288,1464.43,1294.323,13,6
1922-11-05,1922,0,,cbd,tol,1637.979,1559.724,0.6952208330133459,0.3047791669866541,1632.025,1565.678,0,0
1922-11-05,1922,0,,ari,bff,1534.361,1617.375,0.47409897551251096,0.5259010244874891,1546.011,1605.724,9,7
1922-11-05,1922,0,,gb,col,1416.887,1340.694,0.6926999375652645,0.3073000624347355,1424.894,1332.688,3,0
1922-11-11,1922,0,,rac,col,1474.488,1332.688,0.7668191215788603,0.23318087842113966,1489.644,1317.532,34,0
1922-11-12,1922,0,,gb,mnn,1424.894,1464.43,0.536580167040733,0.46341983295926703,1445.025,1444.298,14,6
1922-11-12,1922,0,,ari,akr,1546.011,1575.341,0.551153655699912,0.44884634430008796,1564.38,1556.972,7,0
1922-11-12,1922,0,,chi,oor,1650.896,1294.323,0.9188459487597511,0.08115405124024888,1655.435,1289.784,33,6
1922-11-12,1922,0,,rii,day,1567.237,1519.867,0.6563011052091885,0.3436988947908115,1591.985,1495.119,43,0
1922-11-12,1922,0,,cbd,bff,1632.025,1605.724,0.6284494812015127,0.37155051879848733,1641.916,1595.833,3,0
1922-11-12,1922,0,,lou,ecg,1350.506,1387.704,0.539925113157954,0.460074886842046,1369.401,1368.809,13,6
1922-11-19,1922,0,,ari,cbd,1564.38,1641.916,0.4819670706587426,0.5180329293412573,1544.45,1661.847,0,7
1922-11-19,1922,0,,chi,rii,1655.435,1591.985,0.6768684965766002,0.3231315034233998,1663.899,1583.52,3,0
1922-11-19,1922,0,,rac,gb,1489.644,1445.025,0.6527201840938102,0.34727981590618984,1484.986,1449.683,3,3
1922-11-19,1922,0,,bff,akr,1595.833,1556.972,0.6451692970693004,0.3548307029306996,1591.406,1561.399,3,3
1922-11-19,1922,0,,mil,oor,1348.087,1289.784,0.6703545623143469,0.32964543768565313,1364.563,1273.308,13,0
1922-11-26,1922,0,,rac,ham,1484.986,1383.402,0.722908441157773,0.277091558842227,1495.011,1373.377,6,0
1922-11-26,1922,0,,gb,mil,1449.683,1364.563,0.7035291028558455,0.29647089714415453,1464.332,1349.914,13,0
1922-11-26,1922,0,,cbd,ari,1661.847,1544.45,0.7407675123971813,0.2592324876028187,1675.686,1530.611,20,3
1922-11-26,1922,0,,tol,col,1565.678,1317.532,0.8584667501694144,0.14153324983058557,1567.396,1315.814,7,6
1922-11-26,1922,0,,chi,akr,1663.899,1561.399,0.7239634269166209,0.27603657308337914,1676.201,1549.098,20,10
1922-11-26,1922,0,,bff,oor,1591.406,1273.308,0.9007234925842853,0.0992765074157147,1535.457,1329.257,7,19
1922-11-30,1922,0,,ari,chi,1530.611,1676.201,0.38605788440413835,0.6139421155958616,1555.413,1651.399,6,0
1922-11-30,1922,0,,rac,mil,1495.011,1349.914,0.770195521141947,0.229804478858053,1500.827,1344.098,3,0
1922-11-30,1922,0,,rch,bff,1445.625,1535.457,0.4643246053295786,0.5356753946704214,1417.24,1563.841,0,21
1922-11-30,1922,0,,cbd,akr,1675.686,1549.098,0.7507973177699109,0.24920268223008912,1688.101,1536.682,14,0
1922-11-30,1922,0,,col,oor,1315.814,1329.257,0.5736566279978155,0.42634337200218453,1285.68,1359.391,6,18
1922-12-03,1922,0,,chi,tol,1651.399,1567.396,0.7021862134902842,0.2978137865097158,1668.89,1549.905,22,0
1922-12-03,1922,0,,cbd,mil,1688.101,1344.098,0.9132841618363277,0.08671583816367234,1693.301,1338.899,40,6
1922-12-03,1922,0,,bff,akr,1563.841,1536.682,0.629602018291135,0.37039798170886495,1583.986,1516.538,16,0
1922-12-03,1922,0,,rac,gb,1500.827,1464.332,0.6420452460298736,0.35795475397012644,1464.371,1500.787,0,14
1922-12-03,1922,0,,ari,day,1555.413,1495.119,0.6728822693572515,0.3271177306427485,1532.446,1518.086,3,7
1922-12-10,1922,0,,ari,chi,1532.446,1668.89,0.3986089029975815,0.6013910970024186,1561.071,1640.265,9,0
1922-12-10,1922,0,,tol,cbd,1549.905,1693.301,0.38905560957792695,0.610944390422073,1527.397,1715.809,0,19
1923-09-30,1923,0,,rii,chi,1557.347,1595.177,0.5390212609177081,0.4609787390822919,1569.972,1582.552,3,0
1923-09-30,1923,0,,ari,bff,1542.38,1557.657,0.5710725812252365,0.4289274187747635,1554.01,1546.028,3,0
1923-09-30,1923,0,,dul,akr,1300.0,1512.692,0.29939436691249044,0.7006056330875096,1320.823,1491.869,10,7
1923-09-30,1923,0,,mil,oor,1394.266,1407.927,0.5733496807029927,0.42665031929700725,1414.986,1387.207,13,2
1923-09-30,1923,0,,rac,tol,1477.914,1519.931,0.5330270357406567,0.4669729642593433,1476.907,1520.938,7,7
1923-09-30,1923,0,,gb,mnn,1502.192,1464.532,0.6435850316376679,0.3564149683623321,1519.66,1447.063,12,0
1923-09-30,1923,0,,cbd,ham,1645.539,1417.251,0.8440006523332682,0.15599934766673185,1653.496,1409.294,17,0
1923-09-30,1923,0,,day,col,1513.724,1358.787,0.7800673920334644,0.21993260796653558,1516.496,1356.015,7,6
1923-10-07,1923,0,,ham,day,1409.294,1516.496,0.43956338054590505,0.560436619454095,1433.058,1492.732,7,0
1923-10-07,1923,0,,mil,col,1414.986,1356.015,0.6712037405700965,0.32879625942990354,1409.765,1361.236,0,0
1923-10-07,1923,0,,rii,cib,1569.972,1300.0,0.8730560197669199,0.12694398023308007,1558.594,1311.378,0,0
1923-10-07,1923,0,,gb,sla,1519.66,1300.0,0.8373490726691606,0.1626509273308394,1509.372,1310.289,0,0
1923-10-07,1923,0,,rac,chi,1476.907,1582.552,0.4417725280972863,0.5582274719027137,1464.881,1594.578,0,3
1923-10-07,1923,0,,bff,akr,1546.028,1491.869,0.6650618916114979,0.33493810838850213,1560.66,1477.237,9,0
1923-10-07,1923,0,,tol,oor,1520.938,1387.207,0.758411013825567,0.24158898617443303,1530.153,1377.992,7,0
1923-10-07,1923,0,,ari,rch,1554.01,1446.493,0.7296973656293275,0.2703026343706725,1574.618,1425.886,60,0
1923-10-07,1923,0,,cbd,lou,1653.496,1414.601,0.8518720916282764,0.14812790837172363,1662.965,1405.132,37,0
1923-10-07,1923,0,,mnn,dul,1447.063,1320.823,0.7504223201862011,0.24957767981379886,1407.648,1360.238,0,10
1923-10-14,1923,0,,mnn,oor,1407.648,1377.992,0.6329477661711598,0.3670522338288402,1430.016,1355.624,23,0
1923-10-14,1923,0,,rii,rch,1558.594,1425.886,0.757330393265486,0.242669606734514,1576.599,1407.881,56,0
1923-10-14,1923,0,,mil,rac,1409.765,1464.881,0.5142203833687119,0.4857796166312881,1409.331,1465.314,7,7
1923-10-14,1923,0,,sla,ham,1310.289,1433.058,0.4176214913614999,0.5823785086385,1312.801,1430.545,0,0
1923-10-14,1923,0,,cbd,day,1662.965,1492.732,0.7948007503194999,0.20519924968050007,1675.697,1480.0,30,0
1923-10-14,1923,0,,gb,chi,1509.372,1594.578,0.47095396858725314,0.5290460314127469,1496.433,1607.517,0,3
1923-10-14,1923,0,,col,bff,1361.236,1560.66,0.31565620646835746,0.6843437935316425,1352.988,1568.907,0,3
1923-10-14,1923,0,,ari,akr,1574.618,1477.237,0.7180359739051084,0.2819640260948916,1590.35,1461.504,19,0
1923-10-21,1923,0,,rac,akr,1465.314,1461.504,0.5977508127412162,0.4022491872587838,1473.885,1452.934,9,7
1923-10-21,1923,0,,cib,sla,1311.378,1312.801,0.5904869177380409,0.40951308226195915,1326.868,1297.311,6,0
1923-10-21,1923,0,,bff,oor,1568.907,1355.624,0.8322873588075534,0.16771264119244655,1580.998,1343.534,57,0
1923-10-21,1923,0,,ari,mnn,1590.35,1430.016,0.7853510265789966,0.21464897342100342,1599.317,1421.05,9,0
1923-10-21,1923,0,,gb,mil,1496.433,1409.331,0.7059032709534374,0.2940967290465626,1510.544,1395.22,12,0
1923-10-21,1923,0,,col,lou,1352.988,1405.132,0.5184928319370752,0.4815071680629248,1387.028,1371.093,34,0
1923-10-21,1923,0,,tol,day,1530.153,1480.0,0.6599056863334548,0.3400943136665452,1539.114,1471.04,6,3
1923-10-21,1923,0,,chi,cbd,1607.517,1675.697,0.49542373991643635,0.5045762600835637,1588.264,1694.95,0,6
1923-10-21,1923,0,,dul,ham,1360.238,1430.545,0.49236320699601777,0.5076367930039822,1374.346,1416.437,3,0
1923-10-28,1923,0,,cbd,akr,1694.95,1452.934,0.8541248379986872,0.14587516200131279,1699.07,1448.814,7,3
1923-10-28,1923,0,,mil,sla,1395.22,1297.311,0.7186509262754998,0.28134907372450024,1405.414,1287.116,6,0
1923-10-28,1923,0,,cib,oor,1326.868,1343.534,0.569112935268873,0.43088706473112703,1354.966,1315.435,27,0
1923-10-28,1923,0,,dul,mnn,1374.346,1421.05,0.5263057489772132,0.47369425102278684,1395.981,1399.415,9,0
1923-10-28,1923,0,,ari,day,1599.317,1471.04,0.7526119961133647,0.2473880038866353,1610.223,1460.134,13,3
1923-10-28,1923,0,,tol,col,1539.114,1387.028,0.7772388303612096,0.22276116963879045,1515.205,1410.937,0,3
1923-10-28,1923,0,,chi,bff,1588.264,1580.998,0.6025248602776917,0.3974751397223083,1609.603,1559.658,18,3
1923-10-28,1923,0,,gb,rac,1510.544,1473.885,0.6422621837380503,0.35773781626194967,1468.915,1515.513,3,24
1923-11-04,1923,0,,sla,gb,1287.116,1468.915,0.33797103981503795,0.662028960184962,1278.218,1477.813,0,3
1923-11-04,1923,0,,ari,cbd,1610.223,1699.07,0.4657351992903327,0.5342648007096673,1595.392,1713.901,3,7
1923-11-04,1923,0,,mnn,rac,1399.415,1515.513,0.42698971670065466,0.5730102832993453,1423.813,1491.116,13,6
1923-11-04,1923,0,,chi,oor,1609.603,1315.435,0.8877076977687421,0.11229230223125786,1615.967,1309.072,26,0
1923-11-04,1923,0,,cib,bff,1354.966,1559.658,0.30914238295467295,0.6908576170453271,1360.787,1553.837,0,0
1923-11-04,1923,0,,rii,mil,1576.599,1405.414,0.7956930783545906,0.20430692164540942,1532.298,1449.715,3,14
1923-11-11,1923,0,,cib,day,1360.787,1460.134,0.4507310912537601,0.5492689087462399,1362.29,1458.631,0,0
1923-11-11,1923,0,,sla,oor,1278.218,1309.072,0.5489824388453522,0.45101756115464775,1296.689,1290.602,14,7
1923-11-11,1923,0,,chi,akr,1615.967,1448.814,0.7918940187107069,0.20810598128929314,1626.162,1438.618,20,6
1923-11-11,1923,0,,bff,cbd,1553.837,1713.901,0.366506757613889,0.633493242386111,1557.909,1709.83,3,3
1923-11-11,1923,0,,mil,dul,1449.715,1395.981,0.6645167034071536,0.33548329659284637,1458.54,1387.156,6,3
1923-11-11,1923,0,,rac,gb,1491.116,1477.813,0.6108171345609864,0.3891828654390136,1455.227,1513.702,0,16
1923-11-11,1923,0,,ari,ham,1595.392,1416.437,0.8028681747542641,0.19713182524573591,1602.298,1409.531,6,0
1923-11-11,1923,0,,mnn,rii,1423.813,1532.298,0.43774479144973516,0.5622552085502648,1425.711,1530.4,6,6
1923-11-11,1923,0,,col,tol,1410.937,1515.205,0.44372820797820356,0.5562717920217964,1443.03,1483.111,16,0
1923-11-18,1923,0,,chi,rii,1626.162,1530.4,0.7161452735708425,0.28385472642915754,1634.677,1521.885,7,3
1923-11-18,1923,0,,cib,col,1362.29,1443.03,0.4773638031650862,0.5226361968349138,1382.776,1422.544,9,3
1923-11-18,1923,0,,bff,day,1557.909,1458.631,0.7202415691792498,0.27975843082075025,1565.126,1451.414,3,0
1923-11-18,1923,0,,cbd,oor,1709.83,1290.602,0.9419933434467319,0.05800665655326809,1713.384,1287.048,41,0
1923-11-18,1923,0,,mil,gb,1458.54,1513.702,0.5141542373457232,0.4858457626542768,1444.221,1528.022,7,10
1923-11-18,1923,0,,ari,dul,1602.298,1387.156,0.8337757890577747,0.16622421094222528,1609.37,1380.084,10,0
1923-11-24,1923,0,,sla,mil,1296.689,1444.221,0.3834116554212643,0.6165883445787357,1275.326,1465.583,0,17
1923-11-24,1923,0,,rch,tol,1407.881,1483.111,0.48528209962818575,0.5147179003718143,1389.082,1501.91,6,12
1923-11-25,1923,0,,cib,cbd,1382.776,1713.384,0.17814552730822306,0.8218544726917769,1371.297,1724.863,10,46
1923-11-25,1923,0,,chi,ham,1634.677,1409.531,0.8416044356047725,0.1583955643952275,1640.497,1403.711,14,7
1923-11-25,1923,0,,gb,dul,1528.022,1380.084,0.7730773085251652,0.2269226914748348,1537.944,1370.162,10,0
1923-11-25,1923,0,,rii,mnn,1521.885,1425.711,0.7166271408061788,0.28337285919382116,1515.278,1432.318,6,6
1923-11-25,1923,0,,bff,tol,1565.126,1501.91,0.6765738112088698,0.32342618879113016,1559.741,1507.295,3,3
1923-11-25,1923,0,,ari,rac,1609.37,1455.227,0.7792822405041661,0.22071775949583394,1575.686,1488.911,4,10
1923-11-25,1923,0,,col,oor,1422.544,1287.048,0.7602677051116606,0.23973229488833936,1436.688,1272.903,27,3
1923-11-29,1923,0,,cbd,tol,1724.863,1507.295,0.8357022640768825,0.16429773592311747,1734.669,1497.49,28,0
1923-11-29,1923,0,,rac,mil,1488.911,1465.583,0.6244446521822432,0.3755553478177568,1452.047,1502.447,0,16
1923-11-29,1923,0,,gb,ham,1537.944,1403.711,0.7589400881551965,0.24105991184480347,1551.188,1390.467,19,0
1923-11-29,1923,0,,chi,ari,1640.497,1575.686,0.6785796692187956,0.32142033078120436,1648.912,1567.271,3,0
1923-11-29,1923,0,,akr,bff,1438.618,1559.741,0.41992775831673107,0.5800722416832689,1451.697,1546.662,2,0
1923-12-01,1923,0,,rch,bff,1389.082,1546.662,0.3698329980079774,0.6301670019920226,1370.35,1565.394,0,13
1923-12-02,1923,0,,chi,mil,1648.912,1502.447,0.7715863572138648,0.22841364278613518,1640.629,1510.73,0,0
1923-12-02,1923,0,,col,day,1436.688,1451.414,0.5718493364062848,0.42815066359371523,1464.584,1423.517,30,3
1923-12-02,1923,0,,cbd,bff,1734.669,1565.394,0.7938998831435725,0.20610011685642748,1744.757,1555.306,14,0
1923-12-02,1923,0,,ari,oor,1567.271,1272.903,0.8878224105491355,0.11217758945086453,1569.945,1270.23,22,19
1923-12-02,1923,0,,rac,mnn,1452.047,1432.318,0.6195737320530866,0.38042626794691337,1475.33,1409.035,23,0
1923-12-09,1923,0,,ari,mil,1569.945,1510.73,0.6715136410628891,0.32848635893711087,1554.307,1526.367,12,14
1923-12-09,1923,0,,col,cbd,1464.584,1744.757,0.2246736111730625,0.7753263888269375,1454.769,1754.572,0,10
1923-12-09,1923,0,,chi,rii,1640.629,1515.278,0.7494626435631577,0.2505373564368423,1655.089,1500.818,29,7
1923-12-09,1923,0,,lou,oor,1371.093,1270.23,0.7220762963488728,0.2779237036511272,1324.302,1317.02,0,19
1924-09-27,1924,0,,fyj,rch,1413.889,1415.234,0.5905954879557427,0.4094045120442573,1438.487,1390.636,21,0
1924-09-28,1924,0,,rac,ham,1485.22,1428.645,0.6681527310030803,0.33184726899691974,1500.302,1413.563,10,0
1924-09-28,1924,0,,ari,mil,1537.871,1519.245,0.618076038042448,0.38192396195755196,1555.517,1501.599,17,7
1924-09-28,1924,0,,dul,gb,1415.108,1535.792,0.42054345177859886,0.5794565482214011,1431.591,1519.309,6,3
1924-09-28,1924,0,,rii,chi,1502.212,1605.059,0.4457482080267727,0.5542517919732273,1503.867,1603.405,0,0
1924-10-04,1924,0,,fyj,ken,1438.487,1300.0,0.7633917172387165,0.23660828276128354,1452.599,1285.887,31,6
1924-10-05,1924,0,,ari,gb,1555.517,1519.309,0.6416654650646123,0.3583345349353877,1565.015,1509.81,3,0
1924-10-05,1924,0,,mil,kcb,1501.599,1300.0,0.822688156485075,0.17731184351492502,1505.984,1295.615,3,0
1924-10-05,1924,0,,rii,rac,1503.867,1500.302,0.5974116587464605,0.4025883412535395,1521.846,1482.322,9,0
1924-10-05,1924,0,,cib,chi,1415.865,1603.405,0.33061674408154496,0.669383255918455,1431.44,1587.829,16,14
1924-10-05,1924,0,,rch,akr,1390.636,1469.465,0.4801089724524645,0.5198910275475355,1377.407,1482.693,0,3
1924-10-05,1924,0,,bff,col,1538.537,1471.513,0.681351830981938,0.31864816901806203,1554.403,1455.646,13,0
1924-10-05,1924,0,,day,fyj,1450.678,1452.599,0.5897935310909793,0.4102064689090207,1471.135,1432.143,19,7
1924-10-05,1924,0,,mnn,dul,1441.023,1431.591,0.6055070732449285,0.3944929267550715,1423.647,1448.967,0,3
1924-10-11,1924,0,,fyj,cib,1432.143,1431.44,0.5934429619937068,0.40655703800629317,1429.293,1434.29,3,3
1924-10-12,1924,0,,chi,rac,1587.829,1482.322,0.7274091564721272,0.2725908435278728,1580.894,1489.258,10,10
1924-10-12,1924,0,,ari,mnn,1565.015,1423.647,0.7663741693889798,0.23362583061102016,1576.289,1412.373,13,0
1924-10-12,1924,0,,mil,ken,1505.984,1285.887,0.837691392134633,0.16230860786536705,1514.867,1277.005,21,0
1924-10-12,1924,0,,gb,kcb,1509.81,1295.615,0.8330188880334385,0.1669811119665615,1518.207,1287.219,16,0
1924-10-12,1924,0,,rii,ham,1521.846,1413.563,0.7305662003597805,0.2694337996402195,1538.31,1397.1,26,0
1924-10-12,1924,0,,bff,day,1554.403,1471.135,0.7013006674182694,0.29869933258173065,1523.129,1502.409,0,7
1924-10-12,1924,0,,rch,col,1377.407,1455.646,0.4809567634027148,0.5190432365972852,1356.398,1476.655,7,15
1924-10-12,1924,0,,cib,akr,1434.29,1482.693,0.5238668512469032,0.47613314875309676,1460.495,1456.488,29,14
1924-10-18,1924,0,,fyj,col,1429.293,1476.655,0.5253613389821875,0.4746386610178125,1455.974,1449.974,23,7
1924-10-19,1924,0,,bff,rch,1523.129,1356.398,0.7914934033314801,0.2085065966685199,1535.564,1343.964,26,0
1924-10-19,1924,0,,gb,mil,1518.207,1514.867,0.5971001086860028,0.40289989131399717,1540.796,1492.278,17,0
1924-10-19,1924,0,,ken,ham,1277.005,1397.1,0.4213699070262079,0.5786300929737921,1279.403,1394.702,6,6
1924-10-19,1924,0,,rii,day,1538.31,1502.409,0.6412590217042322,0.3587409782957678,1559.196,1481.523,20,0
1924-10-19,1924,0,,chi,ari,1580.894,1576.289,0.5988506873663069,0.40114931263369313,1596.027,1561.155,6,0
1924-10-19,1924,0,,rac,kcb,1489.258,1287.219,0.8230573264159806,0.17694267358401938,1496.825,1279.652,13,3
1924-10-26,1924,0,,mil,rac,1492.278,1496.825,0.5861313944657339,0.4138686055342661,1463.374,1525.729,0,10
1924-10-26,1924,0,,kcb,rii,1279.652,1559.196,0.22530496914146753,0.7746950308585325,1328.293,1510.555,23,7
1924-10-26,1924,0,,cib,rch,1460.495,1343.964,0.739809070879,0.26019092912099995,1480.177,1324.282,59,0
1924-10-26,1924,0,,gb,mnn,1540.796,1412.373,0.7527684427052873,0.2472315572947127,1554.411,1398.758,19,0
1924-10-26,1924,0,,dul,ken,1448.967,1279.403,0.7941719559430451,0.20582804405695487,1461.974,1266.396,32,0
1924-10-26,1924,0,,ari,ham,1561.155,1394.702,0.7912291806261261,0.20877081937387387,1536.638,1419.219,3,6
1924-10-26,1924,0,,chi,fyj,1596.027,1455.974,0.7650161133901674,0.2349838866098326,1610.789,1441.211,33,3
1924-10-26,1924,0,,day,col,1481.523,1449.974,0.6354757194494224,0.3645242805505776,1448.491,1483.006,6,17
1924-10-26,1924,0,,bff,akr,1535.564,1456.488,0.6962213065283833,0.3037786934716167,1544.741,1447.311,17,13
1924-11-01,1924,0,,fyj,akr,1441.211,1447.311,0.583961112008462,0.416038887991538,1466.966,1421.557,23,0
1924-11-02,1924,0,,kcb,ham,1328.293,1419.219,0.46275858491340194,0.5372414150865981,1310.493,1437.019,0,6
1924-11-02,1924,0,,chi,rii,1610.789,1510.555,0.7213490795533423,0.27865092044665773,1604.039,1517.305,3,3
1924-11-02,1924,0,,gb,rac,1554.411,1525.729,0.6316441999231758,0.3683558000768242,1564.207,1515.933,6,3
1924-11-02,1924,0,,ari,mil,1536.638,1463.374,0.6890992462873946,0.3109007537126054,1502.776,1497.237,8,17
1924-11-02,1924,0,,bff,fyj,1544.741,1466.966,0.6946350469406571,0.30536495305934286,1496.919,1514.788,0,24
1924-11-02,1924,0,,mnn,dul,1398.758,1461.974,0.5025673598152219,0.49743264018477806,1379.183,1481.549,0,6
1924-11-02,1924,0,,cib,day,1480.177,1448.491,0.6356583844182242,0.3643416155817758,1505.19,1423.478,35,0
1924-11-02,1924,0,,col,akr,1483.006,1421.557,0.6743440437243522,0.3256559562756478,1504.156,1400.406,30,0
1924-11-08,1924,0,,fyj,kcb,1514.788,1310.493,0.8249406855945229,0.17505931440547706,1525.966,1299.314,42,7
1924-11-09,1924,0,,chi,col,1604.039,1504.156,0.7209427645049976,0.2790572354950024,1614.142,1494.053,12,6
1924-11-09,1924,0,,rac,rii,1515.933,1517.305,0.5905579069563336,0.4094420930436664,1499.072,1534.167,3,6
1924-11-09,1924,0,,mil,mnn,1497.237,1379.183,0.7414931113107684,0.25850688868923155,1511.99,1364.429,28,7
1924-11-09,1924,0,,bff,ken,1496.919,1266.396,0.8456871081303081,0.15431289186969188,1505.985,1257.33,27,0
1924-11-09,1924,0,,gb,dul,1564.207,1481.549,0.7005645778173258,0.29943542218267416,1579.018,1466.738,13,0
1924-11-09,1924,0,,ari,day,1502.776,1423.478,0.6964915183488375,0.3035084816511625,1520.88,1405.374,23,0
1924-11-09,1924,0,,akr,cib,1400.406,1505.19,0.4429951529602916,0.5570048470397084,1377.44,1528.157,7,20
1924-11-11,1924,0,,kcb,mil,1299.314,1511.99,0.29941368663808793,0.7005863133619121,1323.488,1487.817,7,3
1924-11-15,1924,0,,fyj,mnn,1525.966,1364.429,0.7865161042465174,0.2134838957534826,1539.502,1350.894,39,7
1924-11-16,1924,0,,chi,rac,1614.142,1499.072,0.7381869174113296,0.2618130825886704,1606.878,1506.336,3,3
1924-11-16,1924,0,,bff,day,1505.985,1405.374,0.7217850873644253,0.27821491263557474,1517.355,1394.004,14,6
1924-11-16,1924,0,,cib,fyj,1528.157,1539.502,0.5766077100275296,0.42339228997247036,1506.977,1560.681,7,12
1924-11-16,1924,0,,mil,gb,1487.817,1579.018,0.4623650469203355,0.5376349530796645,1468.814,1598.021,10,17
1924-11-16,1924,0,,rii,kcb,1534.167,1323.488,0.8301845673817255,0.16981543261827448,1542.89,1314.765,17,0
1924-11-16,1924,0,,col,rch,1494.053,1324.282,0.7943666680150312,0.2056333319849688,1504.581,1313.753,16,0
1924-11-16,1924,0,,ari,akr,1520.88,1377.44,0.7685029181202337,0.23149708187976625,1532.041,1366.279,13,0
1924-11-22,1924,0,,rch,bff,1313.753,1517.355,0.3104840608601896,0.6895159391398105,1297.203,1533.906,0,16
1924-11-22,1924,0,,fyj,mil,1560.681,1468.814,0.7115654160383723,0.2884345839616277,1575.611,1453.884,21,6
1924-11-23,1924,0,,ari,rac,1532.041,1506.336,0.6276480223920455,0.37235197760795447,1528.148,1510.229,10,10
1924-11-23,1924,0,,cib,col,1506.977,1504.581,0.5957921315885486,0.4042078684114514,1523.288,1488.27,7,0
1924-11-23,1924,0,,rii,dul,1542.89,1466.738,0.692649695544201,0.30735030445579903,1508.806,1500.823,0,9
1924-11-23,1924,0,,chi,gb,1606.878,1598.021,0.6047161519298762,0.39528384807012384,1617.481,1587.417,3,0
1924-11-23,1924,0,,bff,mil,1533.906,1453.884,0.6973718063770181,0.3026281936229819,1486.452,1501.338,0,23
1924-11-27,1924,0,,ari,chi,1528.148,1617.481,0.46503914089151993,0.53496085910848,1499.714,1645.916,0,21
1924-11-27,1924,0,,akr,bff,1366.279,1486.452,0.42126043592346574,0.5787395640765343,1403.505,1449.226,22,0
1924-11-27,1924,0,,cib,mil,1523.288,1501.338,0.6225825673599272,0.37741743264007277,1550.766,1473.859,53,10
1924-11-27,1924,0,,fyj,day,1575.611,1394.004,0.8052731932437662,0.19472680675623377,1587.021,1382.594,32,7
1924-11-27,1924,0,,kcb,gb,1314.765,1587.417,0.23230506350480812,0.7676949364951919,1304.215,1597.966,6,17
1924-11-29,1924,0,,fyj,bff,1587.021,1449.226,0.7626714485910019,0.2373285514089981,1602.942,1433.304,45,7
1924-11-30,1924,0,,rac,gb,1510.229,1597.966,0.4673254584947023,0.5326745415052977,1532.614,1575.582,7,0
1924-11-30,1924,0,,chi,mil,1645.916,1473.859,0.7965078873204241,0.2034921126795759,1656.535,1463.24,31,14
1925-09-20,1925,0,,gb,ham,1552.054,1459.679,0.7121652245985265,0.2878347754014735,1566.603,1445.13,14,0
1925-09-20,1925,0,,rii,chi,1507.537,1606.023,0.45195843596911334,0.5480415640308867,1509.002,1604.558,0,0
1925-09-26,1925,0,,fyj,bff,1570.295,1457.203,0.7359803642131266,0.2640196357868734,1585.167,1442.33,27,7
1925-09-27,1925,0,,cbd,rch,1502.032,1366.468,0.7603390418825577,0.23966095811744226,1511.166,1357.334,14,7
1925-09-27,1925,0,,ari,ham,1501.476,1445.13,0.6678603821524979,0.3321396178475021,1478.723,1467.883,6,10
1925-09-27,1925,0,,dul,kcb,1502.215,1371.143,0.7555954298938787,0.24440457010612127,1479.216,1394.143,0,3
1925-09-27,1925,0,,rii,day,1509.002,1423.396,0.7041122908855183,0.2958877091144817,1502.777,1429.621,0,0
1925-09-27,1925,0,,dpn,col,1300.0,1493.847,0.3226318669766168,0.6773681330233832,1329.923,1463.924,7,0
1925-09-27,1925,0,,akr,cib,1437.337,1535.511,0.4524033331387178,0.5475966668612822,1460.459,1512.388,7,0
1925-09-27,1925,0,,gb,chi,1566.603,1604.558,0.5388424620857913,0.46115753791420866,1581.267,1589.894,14,10
1925-09-27,1925,0,,ptb,bff,1478.004,1442.33,0.6409583613665308,0.35904163863346916,1501.126,1419.208,28,0
1925-10-03,1925,0,,fyj,prv,1585.167,1499.667,0.7039851502163098,0.2960148497836902,1596.69,1488.145,7,0
1925-10-04,1925,0,,ari,mil,1478.723,1477.16,0.594636820542016,0.40536317945798395,1506.701,1449.183,34,0
1925-10-04,1925,0,,ptb,prv,1501.126,1488.145,0.6103764116942401,0.38962358830575994,1476.498,1512.773,0,6
1925-10-04,1925,0,,bff,rch,1419.208,1357.334,0.6748810752258991,0.32511892477410087,1413.875,1362.668,0,0
1925-10-04,1925,0,,rii,gb,1502.777,1581.267,0.4805960793286948,0.5194039206713053,1517.267,1566.777,3,0
1925-10-04,1925,0,,akr,kcb,1460.459,1394.143,0.6804663233276839,0.31953367667231614,1473.0,1381.602,14,7
1925-10-04,1925,0,,cbd,day,1511.166,1429.621,0.6992188440398929,0.3007811559601071,1526.44,1414.348,14,0
1925-10-04,1925,0,,cib,col,1512.388,1463.924,0.6577202463271424,0.34227975367285757,1521.413,1454.899,3,0
1925-10-04,1925,0,,dpn,chi,1329.923,1589.894,0.24557688505264363,0.7544231149473564,1337.683,1582.135,0,0
1925-10-10,1925,0,,fyj,cbd,1596.69,1526.44,0.6853700197117605,0.3146299802882395,1607.312,1515.818,12,7
1925-10-11,1925,0,,prv,nyg,1512.773,1300.0,0.8318771655370386,0.1681228344629614,1520.857,1291.915,14,0
1925-10-11,1925,0,,dpn,fyj,1337.683,1607.312,0.2354229336074581,0.7645770663925419,1361.055,1583.939,3,0
1925-10-11,1925,0,,ari,col,1506.701,1454.899,0.6620328241413208,0.3379671758586792,1522.092,1439.508,19,9
1925-10-11,1925,0,,cib,kcb,1521.413,1381.602,0.764765594763143,0.235234405236857,1527.38,1375.636,16,13
1925-10-11,1925,0,,gb,mil,1566.777,1449.183,0.7409852205384564,0.2590147794615436,1583.355,1432.605,31,0
1925-10-11,1925,0,,chi,ham,1582.135,1467.883,0.7372758442536734,0.26272415574632657,1597.153,1452.865,28,7
1925-10-11,1925,0,,dul,rii,1479.216,1517.267,0.5387051377948227,0.46129486220517735,1451.238,1545.245,0,12
1925-10-11,1925,0,,ptb,cbd,1476.498,1515.818,0.5368893381273911,0.46311066187260885,1507.327,1484.989,28,0
1925-10-11,1925,0,,bff,akr,1413.875,1473.0,0.5084539988892943,0.4915460011107057,1413.617,1473.258,0,0
1925-10-17,1925,0,,fyj,nyg,1583.939,1291.915,0.8864715283027051,0.11352847169729485,1586.085,1289.769,5,3
1925-10-18,1925,0,,bff,col,1413.617,1439.508,0.5560458592472229,0.44395414075277706,1435.295,1417.83,17,6
1925-10-18,1925,0,,ari,kcb,1522.092,1375.636,0.7715772263703977,0.22842277362960228,1533.091,1364.637,20,7
1925-10-18,1925,0,,prv,ptb,1520.857,1507.327,0.6111277217450769,0.3888722782549231,1475.793,1552.391,0,34
1925-10-18,1925,0,,nyg,fyj,1289.769,1586.085,0.20890112047653248,0.7910988795234675,1279.531,1596.323,0,14
1925-10-18,1925,0,,gb,rii,1583.355,1545.245,0.6441790068683724,0.3558209931316276,1604.051,1524.549,20,0
1925-10-18,1925,0,,cbd,akr,1484.989,1473.258,0.6086638276958171,0.39133617230418294,1448.532,1509.714,3,20
1925-10-18,1925,0,,chi,cib,1597.153,1527.38,0.6847776127963524,0.3152223872036476,1609.506,1515.027,7,0
1925-10-18,1925,0,,dpn,day,1361.055,1414.348,0.5168413539853145,0.4831586460146855,1379.76,1395.644,6,0
1925-10-24,1925,0,,fyj,day,1596.323,1395.644,0.8219143037605318,0.17808569623946824,1600.729,1391.238,3,0
1925-10-25,1925,0,,rii,kcb,1524.549,1364.637,0.7849412362396387,0.21505876376036126,1515.858,1373.327,3,3
1925-10-25,1925,0,,gb,rch,1604.051,1362.668,0.8536702453656938,0.1463297546343062,1611.872,1354.847,33,13
1925-10-25,1925,0,,dpn,akr,1379.76,1509.714,0.4075977062844017,0.5924022937155984,1382.578,1506.896,0,0
1925-10-25,1925,0,,ari,chi,1533.091,1609.506,0.48357840282593856,0.5164215971740614,1556.997,1585.6,9,0
1925-10-31,1925,0,,fyj,col,1600.729,1417.83,0.8064367840553183,0.19356321594468173,1611.151,1407.407,19,0
1925-11-01,1925,0,,ari,dul,1556.997,1451.238,0.7276966995684484,0.2723033004315516,1565.131,1443.104,10,6
1925-11-01,1925,0,,chi,rii,1585.6,1515.858,0.6847390917284946,0.31526090827150544,1597.161,1504.297,6,0
1925-11-01,1925,0,,prv,rch,1475.793,1354.847,0.744671307792429,0.25532869220757104,1489.403,1341.237,17,0
1925-11-01,1925,0,,dpn,ham,1382.578,1452.865,0.4923919826205403,0.5076080173794597,1413.561,1421.882,26,6
1925-11-01,1925,0,,mil,gb,1432.605,1611.872,0.3412398900554864,0.6587601099445136,1419.98,1624.497,0,6
1925-11-01,1925,0,,bff,fyj,1435.295,1611.151,0.3456674703737093,0.6543325296262907,1420.14,1626.306,3,12
1925-11-01,1925,0,,akr,day,1506.896,1391.238,0.7388405599433371,0.2611594400566629,1519.968,1378.167,17,3
1925-11-01,1925,0,,ptb,col,1552.391,1407.407,0.7700803695516815,0.22991963044831853,1565.171,1394.627,20,0
1925-11-01,1925,0,,nyg,cib,1279.531,1515.027,0.27260339933579564,0.7273966006642043,1326.774,1467.784,19,0
1925-11-03,1925,0,,nyg,bff,1326.774,1420.14,0.45926850603001423,0.5407314939699858,1349.556,1397.358,7,0
1925-11-07,1925,0,,fyj,akr,1626.306,1519.968,0.7283566445091465,0.2716433554908535,1638.393,1507.881,17,7
1925-11-08,1925,0,,cbd,cib,1448.532,1467.784,0.5654587955544345,0.43454120444556554,1465.099,1451.217,6,0
1925-11-08,1925,0,,prv,bff,1489.403,1397.358,0.7117756697588283,0.28822433024117167,1502.305,1384.456,10,0
1925-11-08,1925,0,,ptb,akr,1565.171,1507.881,0.6690646886161971,0.33093531138380294,1584.553,1488.5,21,0
1925-11-08,1925,0,,dpn,mil,1413.561,1419.98,0.5835149104566759,0.4164850895433241,1438.64,1394.901,21,0
1925-11-08,1925,0,,ari,gb,1565.131,1624.497,0.5081072671497033,0.49189273285029667,1578.734,1610.893,9,6
1925-11-08,1925,0,,chi,fyj,1597.161,1638.393,0.5341516427331042,0.4658483572668958,1624.774,1610.78,19,0
1925-11-08,1925,0,,nyg,col,1349.556,1394.627,0.5286487233201601,0.4713512766798399,1377.543,1366.639,19,0
1925-11-11,1925,0,,nyg,rch,1377.543,1341.237,0.6417951663817987,0.3582048336182013,1395.618,1323.163,13,0
1925-11-11,1925,0,,dpn,cib,1438.64,1451.217,0.5748754064981754,0.42512459350182463,1457.762,1432.095,22,13
1925-11-14,1925,0,,fyj,ptb,1610.78,1584.553,0.6283500095294059,0.3716499904705941,1632.509,1562.824,20,0
1925-11-15,1925,0,,ptb,rch,1562.824,1323.163,0.8524276398125313,0.14757236018746867,1568.52,1317.467,14,6
1925-11-15,1925,0,,gb,day,1610.893,1378.167,0.8473348023161082,0.15266519768389175,1616.486,1372.575,7,0
1925-11-15,1925,0,,ari,bff,1578.734,1384.456,0.8164568306048768,0.18354316939512316,1588.226,1374.965,23,6
1925-11-15,1925,0,,nyg,prv,1395.618,1502.305,0.4402938270870103,0.5597061729129897,1403.527,1494.396,13,12
1925-11-15,1925,0,,chi,dpn,1624.774,1457.762,0.7917602269662427,0.2082397730337573,1634.976,1447.56,14,0
1925-11-15,1925,0,,rii,kcb,1504.297,1373.327,0.7554869823592868,0.2445130176407132,1518.567,1359.056,35,12
1925-11-21,1925,0,,fyj,cib,1632.509,1432.095,0.8216909103365222,0.1783090896634778,1581.899,1482.704,0,14
1925-11-22,1925,0,,ptb,cib,1568.52,1482.704,0.704364079822458,0.29563592017754203,1584.813,1466.411,24,6
1925-11-22,1925,0,,nyg,kcb,1403.527,1359.056,0.6525270404226946,0.3474729595773054,1416.409,1346.174,9,3
1925-11-22,1925,0,,dpn,rch,1447.56,1317.467,0.7545532038921174,0.24544679610788256,1461.288,1303.739,20,0
1925-11-22,1925,0,,rii,mil,1518.567,1394.901,0.7476369545356712,0.25236304546432875,1534.96,1378.508,40,7
1925-11-22,1925,0,,chi,gb,1634.976,1616.486,0.6178912160936977,0.3821087839063023,1657.735,1593.727,21,0
1925-11-22,1925,0,,prv,fyj,1494.396,1581.899,0.46766078816784,0.5323392118321599,1522.783,1553.511,20,7
1925-11-22,1925,0,,ari,day,1588.226,1372.575,0.8341814771003186,0.16581852289968135,1596.191,1364.61,14,0
1925-11-22,1925,0,,cbd,col,1465.099,1366.639,0.7192917953640434,0.2807082046359566,1475.268,1356.47,6,0
1925-11-26,1925,0,,cib,kcb,1466.411,1346.174,0.7438945252309278,0.2561054747690722,1419.455,1393.131,0,17
1925-11-26,1925,0,,ptb,gb,1584.813,1593.727,0.5800203591117148,0.4199796408882852,1613.2,1565.34,31,0
1925-11-26,1925,0,,chi,ari,1657.735,1596.191,0.674464125869857,0.32553587413014295,1652.414,1601.512,0,0
1925-11-26,1925,0,,dpn,rii,1461.288,1534.96,0.48752257984391834,0.5124774201560817,1447.824,1548.424,3,6
1925-11-28,1925,0,,fyj,gb,1553.511,1565.34,0.5759273843330903,0.4240726156669097,1569.626,1549.225,13,7
1925-11-29,1925,0,,chi,col,1652.414,1356.47,0.8887227697571899,0.11127723024281011,1653.739,1355.145,14,13
1925-11-29,1925,0,,ptb,fyj,1613.2,1569.626,0.6513553607969621,0.3486446392030379,1639.195,1543.631,49,0
1925-11-29,1925,0,,ari,rii,1601.512,1548.424,0.6636871768504607,0.33631282314953925,1614.786,1535.15,7,0
1925-11-29,1925,0,,prv,cib,1522.783,1419.455,0.7249149188484953,0.27508508115150465,1515.924,1426.314,7,7
1925-11-29,1925,0,,nyg,day,1416.409,1364.61,0.6620289601849624,0.3379710398150376,1436.808,1344.211,23,0
1925-12-05,1925,0,,chi,fyj,1653.739,1543.631,0.7326290878710957,0.2673709121289043,1664.039,1533.331,14,7
1925-12-06,1925,0,,prv,gb,1515.924,1549.225,0.5454923688359338,0.45450763116406623,1500.579,1564.571,10,13
1925-12-06,1925,0,,ari,ptb,1614.786,1639.195,0.5581508121832757,0.44184918781672433,1583.988,1669.993,7,21
1925-12-06,1925,0,,nyg,chi,1436.808,1664.039,0.2821388772907308,0.7178611227092693,1423.328,1677.518,7,19
1925-12-06,1925,0,,cib,cbd,1426.314,1475.268,0.523075646021544,0.476924353978456,1444.741,1456.842,6,0
1925-12-09,1925,0,,prv,chi,1500.579,1677.518,0.34425875868808054,0.6557412413119195,1519.734,1658.363,9,6
1925-12-10,1925,0,,ari,mil,1583.988,1378.508,0.8259236068857354,0.1740763931142646,1596.682,1365.814,59,0
1925-12-12,1925,0,,dpn,chi,1447.824,1658.363,0.3020004755063147,0.6979995244936853,1494.032,1612.155,21,0
1925-12-12,1925,0,,cib,fyj,1444.741,1533.331,0.46610333367341905,0.533896666326581,1459.704,1518.368,3,0
1925-12-12,1925,0,,ari,ham,1596.682,1421.882,0.799055196305152,0.20094480369484802,1606.245,1412.318,13,0
1925-12-13,1925,0,,nyg,chi,1423.328,1612.155,0.3289792214886964,0.6710207785113036,1456.073,1579.41,9,0
1925-12-13,1925,0,,prv,fyj,1519.734,1518.368,0.5943634418989845,0.4056365581010155,1492.803,1545.299,6,14
1925-12-20,1925,0,,cib,fyj,1459.704,1545.299,0.47039607830999564,0.5296039216900044,1441.567,1563.436,7,13
1926-09-19,1926,0,,ari,col,1572.497,1405.097,0.7921282387209917,0.2078717612790083,1582.68,1394.914,14,0
1926-09-19,1926,0,,gb,dpn,1544.714,1497.688,0.6558542881879516,0.34414571181204845,1564.958,1477.443,21,0
1926-09-19,1926,0,,mil,chi,1412.209,1554.607,0.39042200154772894,0.6095779984522711,1401.752,1565.064,7,10
1926-09-19,1926,0,,dul,kcb,1463.736,1430.42,0.6378286866782954,0.3621713133217046,1478.154,1416.002,7,0
1926-09-25,1926,0,,fyj,akr,1543.958,1494.0,0.6596537159682568,0.34034628403174316,1539.088,1498.869,6,6
1926-09-26,1926,0,,bff,akr,1418.31,1498.869,0.4776237553342316,0.5223762446657684,1440.19,1476.989,7,0
1926-09-26,1926,0,,prv,brl,1496.869,1300.0,0.8186813772884013,0.1813186227115987,1505.421,1291.448,13,0
1926-09-26,1926,0,,gb,chi,1564.958,1565.064,0.5923188930979809,0.4076811069020191,1562.143,1567.879,6,6
1926-09-26,1926,0,,cbd,col,1472.894,1394.914,0.6948853036050423,0.3051146963949577,1434.77,1433.039,2,14
1926-09-26,1926,0,,mil,dpn,1401.752,1477.443,0.4846192684174664,0.5153807315825336,1421.908,1457.288,6,0
1926-09-26,1926,0,,rac,ham,1403.384,1443.212,0.536162168867713,0.46383783113228705,1416.099,1430.497,6,3
1926-09-26,1926,0,,ari,lab,1582.68,1300.0,0.8809447209233554,0.1190552790766446,1588.381,1294.299,15,0
1926-09-26,1926,0,,hrt,nyg,1413.889,1472.382,0.5093632310192482,0.4906367689807518,1382.306,1503.965,0,21
1926-10-02,1926,0,,fyj,hrt,1539.088,1382.306,0.7818840779630261,0.21811592203697394,1549.547,1371.848,13,0
1926-10-03,1926,0,,prv,nyg,1505.421,1503.965,0.5944883429646514,0.40551165703534864,1496.923,1512.463,6,7
1926-10-03,1926,0,,ari,rac,1588.381,1416.099,0.7967177373634233,0.20328226263657667,1599.554,1404.926,20,0
1926-10-03,1926,0,,dpn,chi,1457.288,1567.879,0.4347632862314174,0.5652367137685825,1445.478,1579.689,7,10
1926-10-03,1926,0,,cbd,lou,1434.77,1307.201,0.7518523951976166,0.2481476048023834,1446.813,1295.157,13,0
1926-10-03,1926,0,,ptb,col,1614.995,1433.039,0.8055880287415912,0.1944119712584088,1619.842,1428.192,3,0
1926-10-03,1926,0,,bff,day,1440.19,1397.807,0.6497968219408312,0.3502031780591688,1421.249,1416.748,0,3
1926-10-03,1926,0,,gb,dul,1562.143,1478.154,0.7021693600756266,0.2978306399243734,1555.977,1484.32,0,0
1926-10-03,1926,0,,hrt,fyj,1371.848,1549.547,0.3432718197430463,0.6567281802569537,1356.188,1565.207,0,10
1926-10-03,1926,0,,akr,ham,1476.989,1430.497,0.6551601363906332,0.3448398636093668,1495.962,1411.524,17,0
1926-10-03,1926,0,,mil,lab,1421.908,1294.299,0.7518953521218187,0.24810464787818132,1389.838,1326.369,0,6
1926-10-09,1926,0,,fyj,bff,1565.207,1421.249,0.7690329824811687,0.2309670175188313,1579.694,1406.762,30,0
1926-10-10,1926,0,,rac,mil,1404.926,1389.838,0.6132569713953661,0.38674302860463394,1373.297,1421.467,2,13
1926-10-10,1926,0,,chi,nyg,1579.689,1512.463,0.681604236182878,0.318395763817122,1592.18,1499.972,7,0
1926-10-10,1926,0,,akr,cbd,1495.962,1446.813,0.658607398490772,0.341392601509228,1491.125,1451.65,0,0
1926-10-10,1926,0,,dpn,kcb,1445.478,1416.002,0.6327070065023855,0.36729299349761446,1462.368,1399.113,10,0
1926-10-10,1926,0,,ptb,day,1619.842,1416.748,0.823940036862115,0.17605996313788497,1629.083,1407.506,24,6
1926-10-10,1926,0,,ham,dul,1411.524,1484.32,0.4887825367163307,0.5112174632836692,1379.419,1516.425,0,26
1926-10-10,1926,0,,brl,hrt,1291.448,1356.188,0.5003741700077649,0.49962582999223515,1310.89,1336.745,6,0
1926-10-10,1926,0,,prv,col,1496.923,1428.192,0.6834814178236178,0.3165185821763822,1514.8,1410.315,19,0
1926-10-10,1926,0,,gb,ari,1555.977,1599.554,0.53079116251224,0.46920883748776,1535.116,1620.414,7,13
1926-10-16,1926,0,,col,kcb,1410.315,1399.113,0.6079382527951964,0.3920617472048036,1381.314,1428.114,0,9
1926-10-16,1926,0,,fyj,nyg,1579.694,1499.972,0.6970072214838947,0.3029927785161053,1590.758,1488.908,6,0
1926-10-16,1926,0,,brl,ptb,1310.89,1629.083,0.18885059375940672,0.8111494062405933,1300.42,1639.553,0,21
1926-10-17,1926,0,,ari,chi,1620.414,1592.18,0.6310439654116896,0.3689560345883104,1583.074,1629.52,0,16
1926-10-17,1926,0,,nyg,fyj,1488.908,1590.758,0.44716655216688384,0.5528334478331162,1471.791,1607.874,0,6
1926-10-17,1926,0,,cbd,lab,1451.65,1326.369,0.7493869742362412,0.25061302576375877,1428.906,1349.114,13,16
1926-10-17,1926,0,,dpn,lou,1462.368,1295.157,0.7919490352146858,0.20805096478531415,1476.938,1280.587,47,0
1926-10-17,1926,0,,gb,mil,1535.116,1421.467,0.7366029289209267,0.2633970710790733,1545.248,1411.335,7,0
1926-10-17,1926,0,,ptb,brl,1639.553,1300.42,0.9110381018719096,0.08896189812809041,1643.624,1296.35,14,0
1926-10-17,1926,0,,rac,dul,1373.297,1516.425,0.389422366321052,0.610577633678948,1350.048,1539.674,0,21
1926-10-17,1926,0,,day,bff,1407.506,1406.762,0.5934999036953659,0.40650009630463413,1399.025,1415.243,6,7
1926-10-23,1926,0,,fyj,cbd,1607.874,1428.906,0.8028800185304678,0.19711998146953225,1618.132,1418.648,17,0
1926-10-23,1926,0,,brl,col,1296.35,1381.314,0.4713010732823323,0.5286989267176677,1319.796,1357.868,20,12
1926-10-24,1926,0,,gb,rac,1545.248,1350.048,0.8172508447385881,0.1827491552614119,1556.96,1338.336,35,0
1926-10-24,1926,0,,mil,ari,1411.335,1583.074,0.35104725099008144,0.6489527490099185,1406.694,1587.715,2,3
1926-10-24,1926,0,,chi,dul,1629.52,1539.674,0.7091718273898653,0.2908281726101347,1645.52,1523.674,24,6
1926-10-24,1926,0,,nyg,kcb,1471.791,1428.114,0.6514899948502261,0.3485100051497739,1489.32,1410.585,13,0
1926-10-24,1926,0,,bff,lab,1415.243,1349.114,0.6802322214423251,0.3197677785576749,1409.747,1354.611,0,0
1926-10-24,1926,0,,prv,ptb,1514.8,1643.624,0.40916930688585,0.59083069311415,1547.756,1610.668,14,0
1926-10-24,1926,0,,dpn,akr,1476.938,1491.125,0.57260883251131,0.42739116748869,1504.159,1463.904,25,0
1926-10-24,1926,0,,hrt,brl,1336.745,1319.796,0.6157946481484304,0.38420535185156957,1354.509,1302.032,16,6
1926-10-30,1926,0,,fyj,prv,1618.132,1547.756,0.6855264039726863,0.31447359602731373,1608.005,1557.883,6,7
1926-10-31,1926,0,,mil,dul,1406.694,1523.674,0.42574794366855373,0.5742520563314463,1400.928,1529.44,6,7
1926-10-31,1926,0,,ari,gb,1587.715,1556.96,0.6344162952989262,0.3655837047010738,1569.325,1575.35,0,3
1926-10-31,1926,0,,hrt,kcb,1354.509,1410.585,0.5128398448421638,0.48716015515783617,1336.057,1429.038,2,7
1926-10-31,1926,0,,chi,akr,1645.52,1463.904,0.8052813170643303,0.19471868293566974,1655.642,1453.782,17,0
1926-10-31,1926,0,,dpn,cbd,1504.159,1418.648,0.7039983455315284,0.2960016544684716,1514.941,1407.866,6,0
1926-10-31,1926,0,,ptb,bff,1610.668,1409.747,0.8221181167483965,0.17788188325160348,1619.263,1401.151,14,0
1926-10-31,1926,0,,prv,fyj,1557.883,1608.005,0.5213980851410338,0.4786019148589662,1543.328,1622.56,3,6
1926-11-02,1926,0,,nyg,cbd,1489.32,1407.866,0.6991086631812383,0.3008913368187617,1483.248,1413.939,7,7
1926-11-06,1926,0,,fyj,ari,1622.56,1569.325,0.6638760280330409,0.3361239719669591,1643.586,1548.299,33,7
1926-11-07,1926,0,,chi,lou,1655.642,1280.587,0.9264340247309042,0.0735659752690958,1660.001,1276.228,34,0
1926-11-07,1926,0,,bff,col,1401.151,1357.868,0.6509748563879475,0.3490251436120525,1423.079,1335.94,26,0
1926-11-07,1926,0,,ptb,akr,1619.263,1453.782,0.7903034147193331,0.20969658528066693,1632.76,1440.286,34,0
1926-11-07,1926,0,,hrt,cbd,1336.057,1413.939,0.4814698023428502,0.5185301976571498,1360.077,1389.919,16,7
1926-11-07,1926,0,,nyg,ari,1483.248,1548.299,0.499926605100688,0.500073394899312,1513.698,1517.849,20,0
1926-11-07,1926,0,,dpn,dul,1514.941,1529.44,0.5721692398852907,0.42783076011470933,1512.74,1531.641,0,0
1926-11-07,1926,0,,mil,gb,1400.928,1575.35,0.3475369168573879,0.6524630831426121,1380.461,1595.818,0,21
1926-11-07,1926,0,,brl,kcb,1302.032,1429.038,0.4117016627021256,0.5882983372978744,1296.481,1434.589,9,10
1926-11-07,1926,0,,prv,lab,1543.328,1354.611,0.8116110409446039,0.1883889590553961,1530.61,1367.329,6,7
1926-11-11,1926,0,,chi,ari,1660.001,1517.849,0.7671812389367512,0.23281876106324884,1670.206,1507.644,10,0
1926-11-11,1926,0,,nyg,dul,1513.698,1531.641,0.567309389157059,0.432690610842941,1519.571,1525.768,14,13
1926-11-11,1926,0,,prv,cbd,1530.61,1389.919,0.7656756851592013,0.23432431484079874,1543.449,1377.08,21,2
1926-11-11,1926,0,,ptb,lab,1632.76,1367.329,0.8701305719683279,0.12986942803167212,1638.175,1361.914,10,0
1926-11-13,1926,0,,fyj,dul,1643.586,1525.768,0.7412326223163825,0.25876737768361746,1655.044,1514.31,10,0
1926-11-14,1926,0,,chi,mil,1670.206,1380.461,0.8851445284717665,0.1148554715282335,1672.948,1377.719,10,7
1926-11-14,1926,0,,gb,lou,1595.818,1276.228,0.9014888560153967,0.09851114398460326,1600.359,1271.686,14,0
1926-11-14,1926,0,,nyg,lab,1519.571,1361.914,0.7827418588956456,0.21725814110435437,1485.678,1395.807,0,6
1926-11-14,1926,0,,ptb,dul,1638.175,1514.31,0.7478530283128416,0.2521469716871584,1650.431,1502.054,13,0
1926-11-14,1926,0,,dpn,day,1512.74,1399.025,0.7366766352824046,0.26332336471759543,1505.522,1406.243,0,0
1926-11-14,1926,0,,brl,cbd,1296.481,1377.08,0.47756630629274593,0.522433693707254,1328.006,1345.555,19,0
1926-11-14,1926,0,,hrt,bff,1360.077,1423.079,0.5028753214387229,0.49712467856127707,1340.488,1442.667,7,13
1926-11-14,1926,0,,prv,kcb,1543.449,1434.589,0.7312194968101985,0.2687805031898015,1493.66,1484.378,0,22
1926-11-20,1926,0,,fyj,day,1655.044,1406.243,0.8589242509594175,0.1410757490405825,1663.893,1397.395,35,0
1926-11-21,1926,0,,brl,lab,1328.006,1395.807,0.4959691242996532,0.5040308757003469,1297.844,1425.968,0,20
1926-11-21,1926,0,,bff,kcb,1442.667,1484.378,0.5334654581270035,0.4665345418729965,1430.82,1496.225,0,2
1926-11-21,1926,0,,chi,gb,1672.948,1600.359,0.6882661759032801,0.3117338240967199,1684.366,1588.941,19,13
1926-11-21,1926,0,,cbd,dul,1345.555,1502.054,0.371284418411045,0.628715581588955,1329.89,1517.718,2,10
1926-11-21,1926,0,,hrt,day,1340.488,1397.395,0.51164465721447,0.48835534278553006,1368.059,1369.824,16,0
1926-11-21,1926,0,,nyg,prv,1485.678,1493.66,0.5813266973420173,0.41867330265798275,1510.907,1468.431,21,0
1926-11-21,1926,0,,ptb,ham,1650.431,1379.419,0.8737180428015034,0.12628195719849655,1654.987,1374.863,7,0
1926-11-25,1926,0,,dpn,lab,1505.522,1425.968,0.6968029455279211,0.3031970544720789,1484.844,1446.646,6,9
1926-11-25,1926,0,,fyj,gb,1663.893,1588.941,0.6911771767602735,0.30882282323972654,1675.193,1577.641,20,14
1926-11-25,1926,0,,chi,ari,1684.366,1507.644,0.8008258092588051,0.1991741907411949,1675.191,1516.819,0,0
1926-11-25,1926,0,,cbd,akr,1329.89,1440.286,0.43503915675094434,0.5649608432490556,1331.872,1438.304,0,0
1926-11-25,1926,0,,ptb,prv,1654.987,1468.431,0.8097016494446074,0.19029835055539257,1662.492,1460.926,8,0
1926-11-25,1926,0,,brl,nyg,1297.844,1510.907,0.298946591059543,0.701053408940457,1281.653,1527.098,0,17
1926-11-27,1926,0,,hrt,dul,1368.059,1517.718,0.38052124925599823,0.6194787507440018,1347.296,1538.481,0,16
1926-11-27,1926,0,,fyj,dpn,1675.193,1484.844,0.813043250424776,0.186956749575224,1677.515,1482.521,7,6
1926-11-28,1926,0,,chi,cbd,1675.191,1331.872,0.9129718252344425,0.08702817476555746,1680.452,1326.611,35,0
1926-11-28,1926,0,,nyg,brl,1527.098,1281.653,0.8565670688211873,0.14343293117881273,1535.475,1273.276,27,0
1926-11-28,1926,0,,ptb,bff,1662.492,1430.82,0.8465482886829879,0.15345171131701207,1651.923,1441.39,0,0
1926-11-28,1926,0,,dpn,gb,1482.521,1577.641,0.4567621003989576,0.5432378996010424,1463.782,1596.381,0,7
1926-11-28,1926,0,,prv,dul,1460.926,1538.481,0.48193976308120906,0.518060236918791,1461.477,1537.93,0,0
1926-11-28,1926,0,,ari,kcb,1516.819,1496.225,0.6207466723322602,0.3792533276677398,1493.674,1519.37,2,7
1926-12-04,1926,0,,chi,fyj,1680.452,1677.515,0.5965418921613994,0.4034581078386006,1671.919,1686.048,6,7
1926-12-05,1926,0,,kcb,lab,1519.37,1446.646,0.6884328876735211,0.31156711232647893,1528.808,1437.208,7,3
1926-12-11,1926,0,,prv,fyj,1461.477,1686.048,0.2852504745926485,0.7147495254073515,1444.355,1703.17,0,24
1926-12-12,1926,0,,ptb,chi,1651.923,1671.919,0.5644061511968118,0.4355938488031882,1639.263,1684.579,7,9
1926-12-12,1926,0,,kcb,dul,1528.808,1537.93,0.5797286620404031,0.4202713379595969,1543.496,1523.243,12,7
1926-12-18,1926,0,,ptb,fyj,1639.263,1703.17,0.50157294825264,0.49842705174736,1639.215,1703.218,0,0
1926-12-19,1926,0,,gb,chi,1596.381,1684.579,0.46666491701709756,0.5333350829829024,1597.397,1683.562,3,3
1927-09-18,1927,0,,gb,day,1566.598,1414.883,0.7768688483268155,0.22313115167318454,1577.6,1403.881,14,0
1927-09-24,1927,0,,fyj,day,1637.145,1403.881,0.8477349919186445,0.15226500808135546,1609.955,1431.072,3,6
1927-09-25,1927,0,,prv,nyg,1464.57,1525.317,0.5061202533069776,0.49387974669302237,1442.286,1547.601,0,8
1927-09-25,1927,0,,ptb,bff,1594.476,1462.593,0.7564565356611381,0.24354346433886187,1608.494,1448.575,22,0
1927-09-25,1927,0,,ari,chi,1497.449,1624.042,0.4122776023332794,0.5877223976667205,1478.98,1642.511,0,9
1927-09-25,1927,0,,gb,cib,1577.6,1362.919,0.8334076729894886,0.1665923270105114,1582.896,1357.622,12,7
1927-10-02,1927,0,,cib,nyg,1357.622,1547.601,0.32751698114173367,0.6724830188582663,1362.883,1542.341,0,0
1927-10-02,1927,0,,ari,ptb,1478.98,1608.494,0.4082094341426445,0.5917905658573555,1510.255,1577.219,19,7
1927-10-02,1927,0,,gb,chi,1582.896,1642.511,0.5077490174543766,0.4922509825456234,1575.84,1649.567,6,7
1927-10-02,1927,0,,prv,bff,1442.286,1448.575,0.5836967646433368,0.41630323535666325,1456.816,1434.045,5,0
1927-10-02,1927,0,,day,nya,1431.072,1368.333,0.6759726723743401,0.3240273276256599,1411.175,1388.231,3,6
1927-10-08,1927,0,,fyj,day,1609.955,1411.175,0.8203086093977661,0.17969139060223394,1600.186,1420.944,0,0
1927-10-09,1927,0,,ptb,nyg,1577.219,1542.341,0.6399031894178137,0.36009681058218634,1537.056,1582.504,0,19
1927-10-09,1927,0,,cib,nya,1362.883,1388.231,0.5568173448393855,0.4431826551606145,1340.815,1410.299,7,13
1927-10-09,1927,0,,ari,day,1510.255,1420.944,0.7085362375557623,0.29146376244423766,1521.583,1409.616,7,0
1927-10-09,1927,0,,gb,dul,1575.84,1517.162,0.6708314089879116,0.3291685910120884,1594.816,1498.185,20,0
1927-10-12,1927,0,,bff,nya,1434.045,1410.299,0.6250087697772151,0.3749912302227849,1401.677,1442.666,8,19
1927-10-15,1927,0,,fyj,bff,1600.186,1401.677,0.8200785465439429,0.17992145345605715,1613.063,1388.799,54,0
1927-10-16,1927,0,,prv,ptb,1456.816,1537.056,0.47808193250031056,0.5219180674996895,1443.652,1550.22,3,6
1927-10-16,1927,0,,chi,nya,1649.567,1442.666,0.8270965334336138,0.17290346656638622,1657.461,1434.772,12,0
1927-10-16,1927,0,,bff,fyj,1388.799,1613.063,0.28561091964008756,0.7143890803599124,1371.871,1629.992,0,23
1927-10-16,1927,0,,gb,ari,1594.816,1521.583,0.6890610135322647,0.3109389864677353,1610.258,1506.141,13,0
1927-10-16,1927,0,,nyg,cib,1582.504,1340.815,0.853890147440434,0.146109852559566,1543.889,1379.43,0,6
1927-10-22,1927,0,,fyj,nyg,1629.992,1543.889,0.7047079902068054,0.2952920097931946,1590.053,1583.827,0,13
1927-10-23,1927,0,,chi,cib,1657.461,1379.43,0.8781091753877036,0.12189082461229639,1659.778,1377.113,14,12
1927-10-23,1927,0,,prv,day,1443.652,1409.616,0.6387855670533397,0.36121443294666034,1458.028,1395.241,7,0
1927-10-23,1927,0,,ptb,dul,1550.22,1498.185,0.6623328586613836,0.3376671413386164,1503.599,1544.806,0,27
1927-10-23,1927,0,,gb,nya,1610.258,1434.772,0.7996885119732358,0.20031148802676424,1619.789,1425.241,13,0
1927-10-23,1927,0,,nyg,fyj,1583.827,1590.053,0.5837848857884727,0.41621511421152735,1610.844,1563.037,27,0
1927-10-29,1927,0,,fyj,prv,1563.037,1458.028,0.726840358569441,0.27315964143055904,1521.46,1499.604,7,20
1927-10-30,1927,0,,chi,day,1659.778,1395.241,0.8695479167475968,0.1304520832524032,1664.764,1390.255,14,6
1927-10-30,1927,0,,nyg,ptb,1610.844,1503.599,0.7293884258786948,0.2706115741213052,1625.064,1489.379,16,0
1927-10-30,1927,0,,ari,nya,1506.141,1425.241,0.6984373961548321,0.30156260384516786,1495.771,1435.611,6,7
1927-10-30,1927,0,,prv,fyj,1499.604,1521.46,0.5617720190513225,0.43822798094867754,1522.882,1498.182,14,0
1927-10-30,1927,0,,cib,dul,1377.113,1544.806,0.35637139514182087,0.6436286048581792,1386.472,1535.447,21,20
1927-11-05,1927,0,,fyj,ptb,1498.182,1489.379,0.6046418458708732,0.3953581541291268,1516.527,1471.034,10,0
1927-11-06,1927,0,,chi,prv,1664.764,1522.882,0.7669035134692471,0.23309648653075288,1656.624,1531.023,0,0
1927-11-06,1927,0,,cib,nya,1386.472,1435.611,0.522809970184504,0.47719002981549596,1412.744,1409.34,15,0
1927-11-06,1927,0,,nyg,dul,1625.064,1535.447,0.7088998712719692,0.2911001287280308,1641.879,1518.632,21,0
1927-11-06,1927,0,,ptb,fyj,1471.034,1516.527,0.52804336845705,0.47195663154295,1492.577,1494.984,9,0
1927-11-06,1927,0,,ari,gb,1495.771,1619.789,0.41587387019871397,0.5841261298012861,1498.337,1617.223,6,6
1927-11-08,1927,0,,nyg,prv,1641.879,1531.023,0.7334716853231634,0.2665283146768366,1657.961,1514.941,25,0
1927-11-08,1927,0,,nya,chi,1409.34,1656.624,0.2593574195481387,0.7406425804518613,1458.512,1607.451,26,6
1927-11-11,1927,0,,ptb,nya,1492.577,1458.512,0.6388240850616363,0.36117591493836365,1464.756,1486.333,12,19
1927-11-12,1927,0,,fyj,cib,1494.984,1412.744,0.7000595762113191,0.2999404237886809,1512.613,1395.114,22,0
1927-11-13,1927,0,,chi,ptb,1607.451,1464.756,0.7677390775520081,0.2322609224479919,1619.949,1452.259,30,12
1927-11-13,1927,0,,cib,fyj,1395.114,1512.613,0.42501767693223996,0.57498232306776,1437.968,1469.76,37,0
1927-11-13,1927,0,,gb,day,1617.223,1390.255,0.842997585694157,0.15700241430584305,1622.617,1384.861,6,0
1927-11-13,1927,0,,prv,dul,1514.941,1518.632,0.5873262125000138,0.4126737874999862,1530.566,1503.007,13,7
1927-11-13,1927,0,,nya,ari,1486.333,1498.337,0.5756813278078222,0.4243186721921778,1508.774,1475.896,20,6
1927-11-19,1927,0,,fyj,ari,1469.76,1475.896,0.5839107638480798,0.41608923615192017,1482.804,1462.851,12,8
1927-11-20,1927,0,,prv,cib,1530.566,1437.968,0.7124282915311019,0.2875717084688981,1482.442,1486.092,0,22
1927-11-20,1927,0,,nyg,ari,1657.961,1462.851,0.8171734555415306,0.18282654445846935,1668.068,1452.744,28,7
1927-11-20,1927,0,,ptb,dul,1452.259,1503.007,0.520498780336546,0.47950121966345405,1470.8,1484.466,6,0
1927-11-20,1927,0,,chi,gb,1619.949,1622.617,0.5887527824289125,0.4112472175710875,1637.523,1605.043,14,6
1927-11-24,1927,0,,ptb,prv,1470.8,1482.442,0.5761902717053065,0.42380972829469354,1486.903,1466.339,6,0
1927-11-24,1927,0,,fyj,gb,1482.804,1605.043,0.418363704392808,0.581636295607192,1464.885,1622.962,9,17
1927-11-24,1927,0,,chi,ari,1637.523,1452.744,0.8081204836607445,0.19187951633925548,1612.248,1478.019,0,3
1927-11-24,1927,0,,nya,cib,1508.774,1486.092,0.6235721698515053,0.3764278301484947,1476.497,1518.368,19,30
1927-11-26,1927,0,,dul,fyj,1484.466,1464.885,0.61937290365478,0.38062709634521996,1459.397,1489.954,0,6
1927-11-27,1927,0,,ari,cib,1478.019,1518.368,0.535416231208356,0.464583768791644,1442.735,1553.652,7,32
1927-11-27,1927,0,,prv,nya,1466.339,1476.497,0.5782749604801218,0.42172503951987816,1483.451,1459.384,14,7
1927-11-27,1927,0,,nyg,chi,1668.068,1612.248,0.6671883837117585,0.3328116162882415,1680.346,1599.969,13,7
1927-12-03,1927,0,,cib,dul,1553.652,1459.397,0.7143785094433298,0.2856214905566702,1569.87,1443.18,20,0
1927-12-03,1927,0,,nya,prv,1459.384,1483.451,0.5586362767859877,0.4413637232140123,1433.17,1509.665,0,9
1927-12-03,1927,0,,chi,fyj,1599.969,1489.954,0.7325242082667164,0.2674757917332836,1592.878,1497.046,0,0
1927-12-04,1927,0,,chi,fyj,1592.878,1497.046,0.7162271790900574,0.2837728209099426,1605.056,1484.868,9,0
1927-12-04,1927,0,,nyg,nya,1680.346,1433.17,0.857786954471597,0.14221304552840297,1687.091,1426.425,14,0
1927-12-04,1927,0,,prv,ptb,1509.665,1486.903,0.6236802608208524,0.3763197391791476,1531.7,1464.868,20,0
1927-12-10,1927,0,,nya,fyj,1426.425,1484.868,0.5094351613755771,0.4905648386244229,1426.137,1485.155,6,6
1927-12-11,1927,0,,nyg,nya,1687.091,1426.137,0.8671904019092244,0.13280959809077564,1693.197,1420.032,13,0
1927-12-11,1927,0,,chi,dul,1605.056,1443.18,0.7868435845936802,0.2131564154063198,1615.255,1432.981,27,14
1928-09-23,1928,0,,ari,chi,1463.49,1578.503,0.4285185563613603,0.5714814436386397,1440.256,1601.737,0,15
1928-09-23,1928,0,,gb,fyj,1583.641,1491.77,0.7115701418427164,0.2884298581572836,1546.896,1528.516,9,19
1928-09-29,1928,0,,fyj,day,1528.516,1424.907,0.725237365613365,0.27476263438663495,1538.448,1414.975,6,0
1928-09-30,1928,0,,prv,nya,1522.8,1448.355,0.6905538661627122,0.3094461338372878,1538.16,1432.995,20,7
1928-09-30,1928,0,,ptb,nyg,1478.245,1630.464,0.37705364798688096,0.6229463520131191,1464.131,1644.579,6,12
1928-09-30,1928,0,,gb,chi,1546.896,1601.737,0.514615811078751,0.485384188921249,1546.45,1602.183,12,12
1928-10-07,1928,0,,prv,fyj,1538.16,1538.448,0.5920658787070057,0.40793412129299433,1518.524,1558.083,6,10
1928-10-07,1928,0,,gb,nyg,1546.45,1644.579,0.45246750729319307,0.5475324927068069,1529.102,1661.927,0,6
1928-10-07,1928,0,,ptb,nya,1464.131,1432.995,0.6349248218643667,0.3650751781356333,1471.816,1425.31,9,7
1928-10-07,1928,0,,ari,day,1440.256,1414.975,0.6270774293179658,0.37292257068203416,1455.154,1400.077,7,0
1928-10-13,1928,0,,fyj,nya,1558.083,1425.31,0.7573991520209638,0.24260084797903625,1514.158,1469.235,0,13
1928-10-14,1928,0,,gb,ari,1529.102,1455.154,0.6899421763613827,0.31005782363861734,1546.86,1437.396,20,0
1928-10-14,1928,0,,prv,day,1518.524,1400.077,0.741926512503075,0.25807348749692505,1534.567,1384.035,28,0
1928-10-14,1928,0,,chi,nyg,1602.183,1661.927,0.5075634150618968,0.49243658493810316,1628.112,1635.998,13,0
1928-10-14,1928,0,,nya,dwl,1469.235,1300.0,0.7938622050384214,0.20613779496157858,1412.764,1356.471,12,35
1928-10-20,1928,0,,fyj,day,1514.158,1384.035,0.7545851858535286,0.24541481414647137,1521.414,1376.779,13,9
1928-10-21,1928,0,,dwl,nyg,1356.471,1635.998,0.22532205032006625,0.7746779496799338,1414.28,1578.189,28,0
1928-10-21,1928,0,,nya,prv,1412.764,1534.567,0.4189745570267914,0.5810254429732086,1396.868,1550.462,6,12
1928-10-21,1928,0,,chi,gb,1628.112,1546.86,0.6988640037583035,0.3011359962416965,1592.209,1582.763,6,16
1928-10-28,1928,0,,chi,dwl,1592.209,1414.28,0.8019317339439481,0.19806826605605188,1557.126,1449.363,0,6
1928-10-28,1928,0,,nya,nyg,1396.868,1578.189,0.338586972801408,0.6614130271985921,1387.952,1587.105,7,10
1928-10-28,1928,0,,prv,ptb,1550.462,1471.816,0.6956975378304449,0.30430246216955514,1562.342,1459.936,13,6
1928-10-28,1928,0,,gb,day,1582.763,1376.779,0.826340337320105,0.17365966267989497,1591.701,1367.841,17,0
1928-11-03,1928,0,,fyj,dwl,1521.414,1449.363,0.6876013142704195,0.3123986857295805,1538.732,1432.045,25,7
1928-11-04,1928,0,,chi,nya,1557.126,1387.952,0.7938047361103695,0.2061952638896305,1569.545,1375.532,27,0
1928-11-04,1928,0,,ptb,gb,1459.936,1591.701,0.4050829231965672,0.5949170768034329,1439.768,1611.869,14,26
1928-11-04,1928,0,,nyg,fyj,1587.105,1538.732,0.6576023078857366,0.3423976921142634,1582.299,1543.539,0,0
1928-11-04,1928,0,,prv,dwl,1562.342,1432.045,0.7547706257723602,0.2452293742276398,1571.709,1422.678,7,0
1928-11-06,1928,0,,nyg,ptb,1582.299,1439.768,0.767570694222339,0.23242930577766097,1590.565,1431.502,13,7
1928-11-10,1928,0,,fyj,ptb,1543.539,1431.502,0.7347985965010428,0.26520140349895716,1558.245,1416.796,19,0
1928-11-11,1928,0,,ptb,fyj,1416.796,1558.245,0.39172290314797686,0.6082770968520231,1392.425,1582.616,0,24
1928-11-11,1928,0,,chi,day,1569.545,1367.841,0.8227763087096047,0.17722369129039528,1580.079,1357.307,27,0
1928-11-11,1928,0,,nyg,dwl,1590.565,1422.678,0.7925894711613853,0.20741052883861466,1581.641,1431.602,19,19
1928-11-11,1928,0,,gb,nya,1611.869,1375.532,0.8500043547143642,0.1499956452856358,1601.194,1386.207,0,0
1928-11-17,1928,0,,fyj,prv,1582.616,1571.709,0.6075334242174582,0.39246657578254185,1579.337,1574.989,6,6
1928-11-18,1928,0,,chi,ptb,1580.079,1392.425,0.8106736518560931,0.18932634814390692,1587.142,1385.362,13,6
1928-11-18,1928,0,,dwl,nya,1431.602,1386.207,0.6537320596528441,0.3462679403471559,1449.005,1368.804,13,0
1928-11-18,1928,0,,nyg,gb,1581.641,1601.194,0.5650329978924763,0.4349670021075237,1557.647,1625.189,0,7
1928-11-18,1928,0,,prv,fyj,1574.989,1579.337,0.5864092527473584,0.41359074725264156,1590.653,1563.672,6,0
1928-11-24,1928,0,,fyj,ari,1563.672,1437.396,0.7504611304991907,0.24953886950080928,1577.427,1423.641,19,0
1928-11-25,1928,0,,dwl,chi,1449.005,1587.142,0.3962749920314137,0.6037250079685863,1474.976,1561.17,14,7
1928-11-25,1928,0,,nya,ari,1368.804,1423.641,0.514621562620721,0.485378437379279,1397.751,1394.694,19,0
1928-11-25,1928,0,,ptb,gb,1385.362,1625.189,0.26768788616549133,0.7323121138345087,1437.801,1572.75,26,0
1928-11-25,1928,0,,prv,nyg,1590.653,1557.647,0.6374163592719196,0.36258364072808036,1610.322,1537.977,16,0
1928-11-29,1928,0,,ptb,prv,1437.801,1610.322,0.35002242704197933,0.6499775729580206,1423.922,1624.201,0,7
1928-11-29,1928,0,,fyj,gb,1577.427,1572.75,0.5989502496843822,0.40104975031561785,1585.969,1564.209,2,0
1928-11-29,1928,0,,chi,ari,1561.17,1394.694,0.7912510501273806,0.20874894987261938,1574.601,1381.263,34,0
1928-11-29,1928,0,,dwl,day,1474.976,1357.307,0.7410680730853422,0.25893192691465783,1491.838,1340.445,33,0
1928-12-02,1928,0,,nyg,nya,1537.977,1397.751,0.7651950898138342,0.23480491018616578,1505.133,1430.595,13,19
1928-12-02,1928,0,,chi,fyj,1574.601,1585.969,0.576575387052396,0.42342461294760403,1600.522,1560.048,28,6
1928-12-02,1928,0,,prv,gb,1624.201,1564.209,0.6724995008081154,0.3275004991918846,1618.94,1569.47,7,7
1928-12-08,1928,0,,nyg,fyj,1505.133,1560.048,0.5145094068556303,0.4854905931443697,1483.637,1581.544,0,7
1928-12-09,1928,0,,nya,dwl,1430.595,1491.838,0.5054065468901475,0.4945934531098525,1396.5,1525.933,6,34
1928-12-09,1928,0,,chi,gb,1600.522,1569.47,0.6348127315927119,0.3651872684072881,1574.688,1595.304,0,6
1928-12-15,1928,0,,chi,fyj,1574.688,1581.544,0.582903434238591,0.41709656576140897,1538.815,1617.417,0,19
1928-12-16,1928,0,,nya,nyg,1396.5,1483.637,0.468185336641937,0.5318146633580629,1403.947,1476.19,7,6
1929-09-22,1929,0,,gb,day,1565.202,1395.297,0.7944926407034679,0.20550735929653208,1573.753,1386.746,9,0
1929-09-22,1929,0,,mnn,chi,1306.702,1527.544,0.2896470872926521,0.7103529127073479,1292.425,1541.82,6,19
1929-09-28,1929,0,,fyj,day,1579.944,1386.746,0.8155233511157314,0.18447664888426862,1586.811,1379.88,14,7
1929-09-29,1929,0,,gb,chi,1573.753,1541.82,0.6359876159147069,0.36401238408529313,1595.914,1519.66,23,0
1929-09-29,1929,0,,tor,nyg,1505.0,1485.793,0.6188652229430488,0.3811347770569512,1501.375,1489.418,0,0
1929-09-29,1929,0,,prv,day,1580.96,1379.88,0.8222519274062215,0.17774807259377845,1592.814,1368.026,41,0
1929-09-29,1929,0,,bff,ari,1331.943,1422.509,0.4632738319824333,0.5367261680175667,1314.12,1440.331,3,9
1929-10-05,1929,0,,fyj,bff,1586.811,1314.12,0.8747805937863988,0.12521940621360117,1593.315,1307.616,19,0
1929-10-06,1929,0,,prv,nyg,1592.814,1489.418,0.7249929702033291,0.2750070297966709,1560.163,1522.069,0,7
1929-10-06,1929,0,,tor,ptb,1501.375,1450.948,0.6602595841554757,0.3397404158445243,1514.8,1437.523,7,0
1929-10-06,1929,0,,mnn,chi,1292.425,1519.66,0.2821342137381497,0.7178657862618503,1288.783,1523.302,6,7
1929-10-06,1929,0,,gb,ari,1595.914,1440.331,0.7807047118026966,0.21929528819730337,1604.203,1432.042,9,2
1929-10-06,1929,0,,sis,day,1504.298,1368.026,0.7610809196923543,0.23891908030764575,1515.527,1356.797,12,0
1929-10-06,1929,0,,bff,fyj,1307.616,1593.315,0.21918098763295638,0.7808190123670437,1297.102,1603.829,0,13
1929-10-13,1929,0,,ptb,day,1437.523,1356.797,0.6982263894733601,0.30177361052663987,1458.68,1335.64,41,0
1929-10-13,1929,0,,prv,tor,1560.163,1514.8,0.653690360230325,0.346309639769675,1573.877,1501.085,7,0
1929-10-13,1929,0,,nyg,sis,1522.069,1515.527,0.6015263232230922,0.3984736767769078,1540.577,1497.019,19,9
1929-10-13,1929,0,,gb,fyj,1604.203,1603.829,0.5929859487386208,0.40701405126137924,1624.48,1583.552,14,2
1929-10-13,1929,0,,bff,chi,1297.102,1523.302,0.2833424666908147,0.7166575333091854,1282.143,1538.262,0,16
1929-10-13,1929,0,,mnn,ari,1288.783,1432.042,0.3892430777760956,0.6107569222239044,1315.12,1405.705,14,7
1929-10-19,1929,0,,fyj,tor,1583.552,1501.085,0.7003338838965464,0.2996661161034536,1577.442,1507.195,6,6
1929-10-20,1929,0,,ptb,tor,1458.68,1507.195,0.5237060350732345,0.47629396492676546,1438.145,1527.731,13,19
1929-10-20,1929,0,,prv,bff,1573.877,1282.143,0.8863034144660615,0.11369658553393847,1562.096,1293.924,7,7
1929-10-20,1929,0,,chi,ari,1538.262,1405.705,0.7571706102757584,0.24282938972424162,1530.418,1413.548,0,0
1929-10-20,1929,0,,gb,mnn,1624.48,1315.12,0.8961340968001312,0.10386590319986877,1630.194,1309.406,24,0
1929-10-20,1929,0,,nyg,fyj,1540.577,1577.442,0.5404012465249096,0.4595987534750904,1572.311,1545.708,32,0
1929-10-26,1929,0,,fyj,sis,1545.708,1497.019,0.6580117686848842,0.3419882313151158,1540.889,1501.838,6,6
1929-10-27,1929,0,,ptb,bff,1438.145,1293.924,0.7693017825913727,0.23069821740862728,1447.402,1284.667,14,6
1929-10-27,1929,0,,chi,mnn,1530.418,1309.406,0.8384062663153867,0.16159373368461327,1539.949,1299.876,27,0
1929-10-27,1929,0,,nyg,prv,1572.311,1562.096,0.6065832130234269,0.3934167869765731,1595.103,1539.304,19,0
1929-10-27,1929,0,,ari,gb,1413.548,1630.194,0.2946419725156458,0.7053580274843543,1409.727,1634.015,6,7
1929-10-27,1929,0,,sis,fyj,1501.838,1540.889,0.5372743309582403,0.4627256690417597,1486.764,1555.963,0,3
1929-10-29,1929,0,,ptb,tor,1447.402,1527.731,0.477954098764657,0.522045901235343,1467.862,1507.271,6,0
1929-11-02,1929,0,,fyj,ari,1555.963,1409.727,0.771353948071546,0.228646051928454,1565.131,1400.559,8,0
1929-11-03,1929,0,,sis,tor,1486.764,1507.271,0.5636828285755028,0.4363171714244972,1484.821,1509.213,0,0
1929-11-03,1929,0,,chi,nyg,1539.949,1595.103,0.5141657410375777,0.48583425896242227,1513.454,1621.598,14,26
1929-11-03,1929,0,,mnn,gb,1299.876,1634.015,0.17518903680054299,0.824810963199457,1292.39,1641.501,6,16
1929-11-05,1929,0,,bff,nyg,1284.667,1621.598,0.17287877137929966,0.8271212286207004,1273.315,1632.949,6,45
1929-11-05,1929,0,,sis,prv,1484.821,1539.304,0.5151305585717015,0.48486944142829846,1484.36,1539.765,7,7
1929-11-06,1929,0,,prv,ari,1539.765,1400.559,0.7641384894811974,0.23586151051880255,1492.036,1448.289,0,16
1929-11-09,1929,0,,fyj,prv,1565.131,1492.036,0.6888907848061789,0.31110921519382106,1577.305,1479.861,7,0
1929-11-10,1929,0,,sis,ptb,1484.36,1467.862,0.6151802330298176,0.3848197669701824,1500.667,1451.555,14,6
1929-11-10,1929,0,,ari,mnn,1448.289,1292.39,0.7810159816560899,0.21898401834391013,1457.034,1283.645,8,0
1929-11-10,1929,0,,prv,fyj,1479.861,1577.305,0.4534445744318398,0.5465554255681602,1473.666,1583.5,6,7
1929-11-10,1929,0,,chi,gb,1513.454,1641.501,0.41025103611086533,0.5897489638891347,1491.853,1663.102,0,14
1929-11-10,1929,0,,nyg,tor,1632.949,1509.213,0.7477129743696295,0.25228702563037053,1647.52,1494.642,22,0
1929-11-16,1929,0,,fyj,chi,1583.5,1491.853,0.7113054259085754,0.2886945740914246,1593.988,1481.365,20,14
1929-11-17,1929,0,,prv,mnn,1473.666,1283.645,0.8127560791599657,0.18724392084003427,1478.319,1278.993,19,16
1929-11-17,1929,0,,ptb,bff,1451.555,1273.315,0.8022159401658069,0.19778405983419312,1457.937,1266.933,12,7
1929-11-17,1929,0,,ari,gb,1457.034,1663.102,0.30745325359712294,0.6925467464028771,1442.212,1677.923,0,12
1929-11-17,1929,0,,tor,fyj,1494.642,1593.988,0.4507325163964636,0.5492674836035364,1496.145,1592.486,0,0
1929-11-17,1929,0,,nyg,chi,1647.52,1481.365,0.7909456754671015,0.20905432453289852,1660.972,1467.913,34,0
1929-11-23,1929,0,,fyj,mnn,1592.486,1278.993,0.898327775028375,0.10167222497162498,1598.071,1273.408,24,0
1929-11-24,1929,0,,prv,ptb,1478.319,1457.937,0.6204593302034113,0.37954066979658874,1498.107,1438.149,20,6
1929-11-24,1929,0,,chi,bff,1467.913,1266.933,0.8221677789687364,0.17783222103126362,1419.936,1314.91,7,19
1929-11-24,1929,0,,ari,day,1442.212,1335.64,0.7286230732633058,0.2713769267366942,1457.295,1320.557,19,0
1929-11-24,1929,0,,nyg,gb,1660.972,1677.923,0.5687105782153191,0.4312894217846809,1629.482,1709.413,6,20
1929-11-24,1929,0,,sis,mnn,1500.667,1273.408,0.8432191663214041,0.15678083367859585,1510.507,1263.567,34,0
1929-11-28,1929,0,,gb,fyj,1709.413,1598.071,0.73401824150954,0.26598175849046,1702.276,1605.208,0,0
1929-11-28,1929,0,,chi,ari,1419.936,1457.295,0.5396948843481186,0.46030511565188137,1381.072,1496.16,6,40
1929-11-28,1929,0,,sis,nyg,1510.507,1629.482,0.4229426471539567,0.5770573528460433,1488.149,1651.841,7,21
1929-12-01,1929,0,,nyg,ari,1651.841,1496.16,0.780801278881787,0.21919872111821304,1657.364,1490.636,24,21
1929-12-01,1929,0,,chi,fyj,1381.072,1605.208,0.2857612836408422,0.7142387163591578,1387.606,1598.674,0,0
1929-12-01,1929,0,,prv,gb,1498.107,1702.276,0.309785742541132,0.690214257458868,1479.122,1721.261,0,25
1929-12-01,1929,0,,tor,sis,1496.145,1488.149,0.6035308088821199,0.39646919111788015,1506.784,1477.51,3,0
1929-12-07,1929,0,,nyg,fyj,1657.364,1598.674,0.6708466622803028,0.32915333771969724,1673.351,1582.687,12,0
1929-12-08,1929,0,,chi,gb,1387.606,1721.261,0.17559199066648248,0.8244080093335175,1377.409,1731.458,0,25
1929-12-08,1929,0,,tor,ari,1506.784,1490.636,0.6147031608038168,0.3852968391961832,1464.713,1532.707,0,26
1929-12-08,1929,0,,nyg,fyj,1673.351,1582.687,0.7101420437697645,0.28985795623023547,1692.115,1563.924,31,0
1929-12-15,1929,0,,chi,nyg,1377.409,1692.115,0.1919446851081668,0.8080553148918332,1371.232,1698.292,9,14
1930-09-14,1930,0,,det,tor,1368.333,1478.142,0.4358698399422104,0.5641301600577896,1392.283,1454.193,13,6
1930-09-17,1930,0,,tor,nyg,1454.193,1633.861,0.34072117621505776,0.6592788237849423,1431.547,1656.507,0,32
1930-09-21,1930,0,,chi,bkn,1415.821,1300.0,0.7390215698776811,0.2609784301223189,1408.531,1307.29,0,0
1930-09-21,1930,0,,sis,tor,1486.673,1431.547,0.6663007133671789,0.3336992866328211,1498.988,1419.232,12,6
1930-09-21,1930,0,,gb,ari,1655.972,1523.472,0.7571102762652921,0.24288972373470785,1668.043,1511.4,14,0
1930-09-23,1930,0,,tor,fyj,1419.232,1544.282,0.4144314712574742,0.5855685287425259,1402.454,1561.06,6,13
1930-09-24,1930,0,,det,bkn,1392.283,1307.29,0.703376596424236,0.296623403575764,1406.528,1293.045,12,0
1930-09-27,1930,0,,fyj,sis,1561.06,1498.988,0.6751311119400967,0.3248688880599033,1570.946,1489.102,7,3
1930-09-28,1930,0,,mnn,ari,1344.045,1511.4,0.3568178029869465,0.6431821970130536,1348.412,1507.033,7,7
1930-09-28,1930,0,,gb,chi,1668.043,1408.531,0.8662314692188211,0.1337685307811789,1672.891,1403.683,7,0
1930-09-28,1930,0,,sis,fyj,1489.102,1570.946,0.4757785091952579,0.5242214908047421,1521.759,1538.288,21,0
1930-09-28,1930,0,,prv,nyg,1487.748,1656.507,0.3549651303185309,0.6450348696814692,1467.107,1677.148,7,27
1930-10-01,1930,0,,tor,sis,1402.454,1521.759,0.422479086680954,0.577520913319046,1404.819,1519.395,7,7
1930-10-01,1930,0,,prv,fyj,1467.107,1538.288,0.4911057642742762,0.5088942357257238,1494.747,1510.648,14,0
1930-10-04,1930,0,,fyj,tor,1510.648,1404.819,0.7277765389560017,0.2722234610439983,1463.373,1452.094,0,19
1930-10-05,1930,0,,prv,tor,1494.747,1452.094,0.6501504249391845,0.3498495750608155,1512.811,1434.03,14,0
1930-10-05,1930,0,,gb,nyg,1672.891,1677.148,0.5865362952529832,0.41346370474701677,1689.625,1660.415,14,7
1930-10-05,1930,0,,det,ari,1406.528,1507.033,0.44908132440590415,0.5509186755940958,1408.081,1505.48,0,0
1930-10-05,1930,0,,mnn,chi,1348.412,1403.683,0.513997498055132,0.48600250194486805,1316.975,1435.12,0,20
1930-10-05,1930,0,,sis,bkn,1519.395,1293.045,0.842526167184691,0.15747383281530902,1460.262,1352.177,0,20
1930-10-08,1930,0,,tor,ari,1434.03,1505.48,0.4907187700597122,0.5092812299402878,1408.205,1531.305,0,13
1930-10-08,1930,0,,det,fyj,1408.081,1463.373,0.513967300259858,0.48603269974014196,1441.92,1429.534,39,7
1930-10-12,1930,0,,gb,fyj,1689.625,1429.534,0.8666172068214515,0.1333827931785485,1696.069,1423.09,27,12
1930-10-12,1930,0,,mnn,det,1316.975,1441.92,0.4145781603766456,0.5854218396233544,1348.74,1410.155,13,0
1930-10-12,1930,0,,bkn,tor,1352.177,1408.205,0.5129088765966571,0.48709112340334293,1386.101,1374.281,32,0
1930-10-12,1930,0,,prv,ari,1512.811,1531.305,0.5665306408719337,0.4334693591280663,1522.139,1521.978,9,7
1930-10-12,1930,0,,chi,nyg,1435.12,1660.415,0.2844015182369378,0.7155984817630622,1421.521,1674.013,0,12
1930-10-16,1930,0,,nyg,ari,1674.013,1521.978,0.7771879962541974,0.22281200374580257,1684.717,1511.274,25,12
1930-10-18,1930,0,,fyj,bkn,1423.09,1386.101,0.6426985280906182,0.3573014719093818,1395.061,1414.13,7,14
1930-10-19,1930,0,,mnn,gb,1348.74,1696.069,0.16448672526632838,0.8355132747336717,1341.046,1703.763,0,13
1930-10-19,1930,0,,nyg,fyj,1684.717,1395.061,0.8850924333238069,0.11490756667619306,1692.612,1387.167,53,0
1930-10-19,1930,0,,prv,sis,1522.139,1460.262,0.6748848644050621,0.3251151355949379,1526.4,1456.001,7,6
1930-10-19,1930,0,,ari,chi,1511.274,1421.521,0.7090614004036185,0.29093859959638146,1460.998,1471.797,6,32
1930-10-19,1930,0,,tor,bkn,1374.281,1414.13,0.5361321053895312,0.46386789461046884,1344.908,1443.503,0,14
1930-10-22,1930,0,,det,chi,1410.155,1471.797,0.5048323999933039,0.49516760000669613,1417.009,1464.943,7,6
1930-10-25,1930,0,,fyj,ari,1387.167,1460.998,0.48729390557371227,0.5127060944262878,1354.821,1493.344,7,34
1930-10-26,1930,0,,gb,mnn,1703.763,1341.046,0.9214444858481035,0.07855551415189654,1707.704,1337.105,19,0
1930-10-26,1930,0,,ari,det,1493.344,1417.009,0.692873911189758,0.30712608881024195,1507.184,1403.169,23,13
1930-10-26,1930,0,,nyg,prv,1692.612,1526.4,0.7909999248625881,0.20900007513741192,1704.936,1514.076,25,0
1930-10-26,1930,0,,chi,fyj,1464.943,1354.821,0.7326448739368028,0.2673551260631972,1474.58,1345.184,13,7
1930-10-26,1930,0,,tor,sis,1344.908,1456.001,0.4340532827576437,0.5659467172423562,1328.362,1472.547,0,6
1930-10-30,1930,0,,nyg,tor,1704.936,1328.362,0.9270277504148947,0.07297224958510529,1708.986,1324.312,34,7
1930-11-02,1930,0,,gb,det,1707.704,1403.169,0.8935202770249736,0.10647972297502639,1714.186,1396.687,47,13
1930-11-02,1930,0,,nyg,sis,1708.986,1472.547,0.8500792003388061,0.14992079966119387,1711.883,1469.65,9,7
1930-11-02,1930,0,,chi,mnn,1474.58,1337.105,0.7623378661228392,0.23766213387716084,1486.067,1325.618,20,7
1930-11-02,1930,0,,prv,bkn,1514.076,1443.503,0.6857708251820651,0.3142291748179349,1522.283,1435.297,3,0
1930-11-02,1930,0,,ari,fyj,1507.184,1345.184,0.7869632793894692,0.2130367206105308,1514.699,1337.668,6,0
1930-11-05,1930,0,,det,nyg,1396.687,1711.883,0.19150757437758137,0.8084924256224186,1387.611,1720.959,6,19
1930-11-08,1930,0,,fyj,prv,1337.668,1522.283,0.33435364301382453,0.6656463569861755,1374.822,1485.129,20,7
1930-11-09,1930,0,,prv,fyj,1485.129,1374.822,0.7328534199205702,0.2671465800794298,1478.027,1381.923,7,7
1930-11-09,1930,0,,sis,det,1469.65,1387.611,0.6998165672722353,0.3001834327277647,1463.556,1393.705,13,13
1930-11-09,1930,0,,chi,gb,1486.067,1714.186,0.2811047173673776,0.7188952826326225,1482.439,1717.814,12,13
1930-11-09,1930,0,,bkn,mnn,1435.297,1325.618,0.7321450708322371,0.2678549291677629,1452.942,1307.973,34,0
1930-11-09,1930,0,,ari,nyg,1514.699,1720.959,0.3072179694557446,0.6927820305442554,1503.464,1732.194,7,13
1930-11-15,1930,0,,det,fyj,1393.705,1381.923,0.6087337538271548,0.3912662461728452,1384.961,1390.667,6,7
1930-11-16,1930,0,,ari,gb,1503.464,1717.814,0.2973962381677402,0.7026037618322598,1534.813,1686.466,13,6
1930-11-16,1930,0,,nyg,chi,1732.194,1482.439,0.8595883838986603,0.14041161610133968,1680.736,1533.897,0,12
1930-11-22,1930,0,,chi,fyj,1533.897,1390.667,0.7682877851526728,0.23171221484732718,1542.701,1381.864,13,6
1930-11-23,1930,0,,bkn,sis,1452.942,1463.556,0.5776346755085189,0.4223653244914811,1429.892,1486.606,0,6
1930-11-23,1930,0,,prv,mnn,1478.027,1307.973,0.7946326476267843,0.20536735237321568,1486.926,1299.075,10,0
1930-11-23,1930,0,,nyg,gb,1680.736,1686.466,0.5844784774955432,0.41552152250445684,1697.564,1669.638,13,6
1930-11-27,1930,0,,bkn,prv,1429.892,1486.926,0.5114619871075307,0.48853801289246934,1459.984,1456.833,33,12
1930-11-27,1930,0,,gb,fyj,1669.638,1381.864,0.8839860032879736,0.11601399671202639,1675.526,1375.976,25,7
1930-11-27,1930,0,,sis,nyg,1486.606,1697.564,0.30149228691805446,0.6985077130819455,1496.977,1687.192,7,6
1930-11-27,1930,0,,chi,ari,1542.701,1534.813,0.6033820385671131,0.39661796143288686,1557.641,1519.872,6,0
1930-11-30,1930,0,,sis,gb,1496.977,1675.526,0.3421696089938262,0.6578303910061738,1474.631,1697.873,7,37
1930-11-30,1930,0,,chi,det,1557.641,1384.961,0.7970885439311323,0.20291145606886773,1565.689,1376.913,14,6
1930-11-30,1930,0,,bkn,nyg,1459.984,1687.192,0.28216569362605515,0.7178343063739449,1470.728,1676.449,7,6
1930-12-06,1930,0,,fyj,nyg,1375.976,1676.449,0.20497402080815663,0.7950259791918434,1367.84,1684.585,6,14
1930-12-07,1930,0,,det,mnn,1376.913,1299.075,0.6947119673294575,0.3052880326705425,1398.478,1277.51,42,0
1930-12-07,1930,0,,chi,gb,1565.689,1697.873,0.40450179698289035,0.5954982030171097,1603.663,1659.899,21,0
1930-12-07,1930,0,,bkn,nyg,1470.728,1684.585,0.297989570544499,0.702010429455501,1455.996,1699.317,0,13
1930-12-14,1930,0,,det,gb,1398.478,1659.899,0.24403375563560079,0.7559662443643992,1406.285,1652.092,6,6
1931-09-13,1931,0,,gb,cli,1603.062,1300.0,0.8927108480995173,0.10728915190048272,1609.12,1293.941,26,0
1931-09-13,1931,0,,det,bkn,1439.19,1472.331,0.5457207116303536,0.4542792883696464,1463.443,1448.078,14,0
1931-09-18,1931,0,,chi,cli,1570.775,1293.941,0.8773697393318928,0.12263026066810723,1577.337,1287.38,21,0
1931-09-20,1931,0,,gb,bkn,1609.12,1448.078,0.7860372668624659,0.2139627331375341,1621.91,1435.288,32,6
1931-09-23,1931,0,,det,ari,1463.443,1514.915,0.5194585244749118,0.4805414755250882,1486.348,1492.01,13,3
1931-09-26,1931,0,,cli,bkn,1287.38,1435.288,0.38290009796930474,0.6170999020306953,1312.337,1410.331,6,0
1931-09-27,1931,0,,prv,nyg,1472.889,1634.544,0.3643829451114643,0.6356170548885357,1457.55,1649.883,6,14
1931-09-27,1931,0,,gb,chi,1621.91,1577.337,0.6526601583327813,0.34733984166721865,1635.67,1563.577,7,0
1931-09-30,1931,0,,det,nyg,1486.348,1649.883,0.361880146157984,0.6381198538420161,1515.705,1620.526,14,6
1931-10-02,1931,0,,fyj,bkn,1413.56,1410.331,0.5969463817723688,0.4030536182276312,1376.048,1447.843,0,20
1931-10-04,1931,0,,prv,fyj,1457.55,1376.048,0.6991667834223455,0.3008332165776545,1451.476,1382.122,0,0
1931-10-04,1931,0,,sis,bkn,1484.754,1447.843,0.6425954134742261,0.3574045865257739,1492.259,1440.338,9,7
1931-10-04,1931,0,,gb,nyg,1635.67,1620.526,0.613333424099796,0.38666657590020403,1658.387,1597.81,27,7
1931-10-07,1931,0,,det,cli,1515.705,1312.337,0.8241687233691579,0.17583127663084208,1521.804,1306.238,6,0
1931-10-10,1931,0,,fyj,prv,1382.122,1451.476,0.4937344183081407,0.5062655816918593,1362.945,1470.653,0,6
1931-10-11,1931,0,,gb,ari,1658.387,1492.01,0.7911569041930944,0.20884309580690563,1669.709,1480.688,26,7
1931-10-11,1931,0,,bkn,sis,1440.338,1492.259,0.5188133080796752,0.4811866919203248,1464.876,1467.721,18,6
1931-10-11,1931,0,,chi,nyg,1563.577,1597.81,0.5441618946989818,0.4558381053010182,1581.072,1580.314,6,0
1931-10-15,1931,0,,det,fyj,1521.804,1362.945,0.7839162269938938,0.21608377300610615,1533.554,1351.194,19,0
1931-10-18,1931,0,,prv,cli,1470.653,1306.238,0.789284656554939,0.21071534344506104,1434.006,1342.885,6,13
1931-10-18,1931,0,,bkn,det,1464.876,1533.554,0.49470713023336427,0.5052928697666357,1435.285,1563.145,0,19
1931-10-18,1931,0,,nyg,sis,1580.314,1467.721,0.7354218260084464,0.2645781739915536,1590.495,1457.539,7,0
1931-10-18,1931,0,,gb,fyj,1669.709,1351.194,0.9009379356319531,0.09906206436804688,1674.386,1346.516,15,0
1931-10-18,1931,0,,chi,ari,1581.072,1480.688,0.721522607686823,0.27847739231317703,1594.743,1467.017,26,13
1931-10-25,1931,0,,gb,prv,1674.386,1434.006,0.8529475322354835,0.14705246776451653,1683.083,1425.31,48,20
1931-10-25,1931,0,,chi,fyj,1594.743,1346.516,0.8585233936696939,0.14147660633030612,1580.866,1360.394,12,13
1931-10-25,1931,0,,nyg,bkn,1590.495,1435.285,0.7803368859086569,0.2196631140913431,1603.803,1421.978,27,0
1931-10-25,1931,0,,sis,det,1457.539,1563.145,0.44182789317205967,0.5581721068279404,1434.641,1586.043,7,20
1931-10-31,1931,0,,fyj,det,1360.394,1586.043,0.2839869754456245,0.7160130245543754,1346.06,1600.377,0,14
1931-11-01,1931,0,,bkn,ari,1421.978,1467.017,0.528694623592044,0.471305376407956,1399.789,1489.206,7,14
1931-11-01,1931,0,,sis,prv,1434.641,1425.31,0.605368186070763,0.39463181392923696,1431.428,1428.523,7,7
1931-11-01,1931,0,,nyg,det,1603.803,1600.377,0.597219199308179,0.402780800691821,1624.96,1579.22,14,0
1931-11-01,1931,0,,chi,gb,1580.866,1683.083,0.4466443523077907,0.5533556476922092,1566.728,1697.22,2,6
1931-11-04,1931,0,,sis,bkn,1431.428,1399.789,0.6355957227356379,0.3644042772643621,1449.852,1381.365,13,0
1931-11-08,1931,0,,prv,bkn,1428.523,1381.365,0.6560257738852464,0.3439742261147536,1442.135,1367.753,7,0
1931-11-08,1931,0,,gb,sis,1697.22,1449.852,0.8579217278304807,0.1420782721695193,1705.421,1441.651,26,0
1931-11-08,1931,0,,nyg,fyj,1624.96,1346.06,0.8786435839820687,0.12135641601793135,1630.499,1340.52,13,0
1931-11-08,1931,0,,chi,det,1566.728,1579.22,0.5749949837761518,0.42500501622384823,1578.237,1567.711,9,6
1931-11-08,1931,0,,cli,ari,1342.885,1489.206,0.3850610015938705,0.6149389984061295,1326.567,1505.524,6,14
1931-11-11,1931,0,,det,sis,1567.711,1441.651,0.7502282081996176,0.24977179180038245,1572.761,1436.602,14,12
1931-11-15,1931,0,,prv,sis,1442.135,1436.602,0.6001333072641795,0.39986669273582054,1457.214,1421.523,6,0
1931-11-15,1931,0,,nyg,chi,1630.499,1578.237,0.6626250413499172,0.3373749586500828,1603.259,1605.477,6,12
1931-11-15,1931,0,,ari,gb,1505.524,1705.421,0.31506832833858467,0.6849316716614153,1537.59,1673.356,21,13
1931-11-15,1931,0,,det,cli,1572.761,1326.567,0.8570959765722443,0.14290402342775566,1578.262,1321.065,14,6
1931-11-21,1931,0,,prv,cli,1457.214,1321.065,0.7609521473044695,0.23904785269553053,1465.737,1312.541,13,7
1931-11-22,1931,0,,nyg,gb,1603.259,1673.356,0.492665353540748,0.5073346464592521,1587.437,1689.178,10,14
1931-11-22,1931,0,,ari,det,1537.59,1578.262,0.5349536987023783,0.4650463012976217,1543.966,1571.886,20,19
1931-11-22,1931,0,,sis,cli,1421.523,1312.541,0.731357500443123,0.268642499556877,1432.988,1301.076,16,7
1931-11-22,1931,0,,bkn,chi,1367.753,1605.477,0.2700676709825234,0.7299323290174766,1351.247,1621.983,0,26
1931-11-26,1931,0,,sis,nyg,1432.988,1587.437,0.37404325277651407,0.6259567472234859,1451.079,1569.347,9,6
1931-11-26,1931,0,,chi,ari,1621.983,1543.966,0.6949304596240018,0.3050695403759982,1636.219,1529.73,18,7
1931-11-26,1931,0,,prv,gb,1465.737,1689.178,0.2865785414850298,0.7134214585149702,1447.208,1707.708,7,38
1931-11-28,1931,0,,ari,cli,1529.73,1301.076,0.8442778487042395,0.1557221512957605,1538.223,1292.583,21,0
1931-11-29,1931,0,,det,chi,1571.886,1636.219,0.5009598889814004,0.4990401110185996,1585.718,1622.387,3,0
1931-11-29,1931,0,,nyg,prv,1569.347,1447.208,0.7459748633899334,0.25402513661006665,1561.845,1454.71,0,0
1931-11-29,1931,0,,bkn,gb,1351.247,1707.708,0.15738907584641781,0.8426109241535822,1345.467,1713.487,0,7
1931-12-06,1931,0,,bkn,nyg,1345.467,1561.845,0.2949626970944765,0.7050373029055235,1330.901,1576.411,6,19
1931-12-06,1931,0,,chi,gb,1622.387,1713.487,0.4625095772698942,0.5374904227301058,1629.927,1705.947,7,6
1931-12-13,1931,0,,chi,nyg,1629.927,1576.411,0.6642368834996693,0.33576311650033075,1587.864,1618.475,6,25
1932-09-18,1932,0,,gb,ari,1638.965,1527.149,0.734550613566894,0.265449386433106,1649.762,1516.352,15,7
1932-09-25,1932,0,,det,nyg,1558.812,1580.65,0.561797527592967,0.43820247240703303,1576.686,1562.776,7,0
1932-09-25,1932,0,,sis,bkn,1469.052,1388.934,0.6974884210835908,0.30251157891640923,1437.996,1419.99,0,7
1932-09-25,1932,0,,gb,chi,1649.762,1560.243,0.7087834425205786,0.29121655747942143,1643.394,1566.61,0,0
1932-10-02,1932,0,,gb,nyg,1643.394,1562.776,0.6980953776529533,0.30190462234704674,1658.34,1547.83,13,0
1932-10-02,1932,0,,det,ari,1576.686,1516.352,0.6729329499362977,0.3270670500637023,1571.411,1521.626,7,7
1932-10-02,1932,0,,wsh,bkn,1300.0,1419.99,0.42151728417723633,0.5784827158227637,1277.727,1442.263,0,14
1932-10-02,1932,0,,sis,chi,1437.996,1566.61,0.40946157990432047,0.5905384200956796,1440.757,1563.849,0,0
1932-10-09,1932,0,,gb,det,1658.34,1571.411,0.7056964825331707,0.29430351746682926,1668.205,1561.546,15,10
1932-10-09,1932,0,,bkn,sis,1442.263,1440.757,0.5945577271628812,0.40544227283711876,1433.764,1449.257,6,7
1932-10-09,1932,0,,wsh,nyg,1277.727,1547.83,0.23493214961029843,0.7650678503897016,1314.804,1510.753,14,6
1932-10-09,1932,0,,ari,chi,1521.626,1563.849,0.5327318598712361,0.46726814012876394,1520.627,1564.847,0,0
1932-10-16,1932,0,,wsh,ari,1314.804,1520.627,0.3077536314075376,0.6922463685924625,1301.484,1533.947,0,9
1932-10-16,1932,0,,nyg,bkn,1510.753,1433.764,0.6936744614756984,0.30632553852430155,1523.398,1421.119,20,12
1932-10-16,1932,0,,sis,det,1449.257,1561.546,0.4323628160709531,0.5676371839290468,1451.32,1559.483,7,7
1932-10-16,1932,0,,chi,gb,1564.847,1668.205,0.4450215941375976,0.5549784058624023,1555.237,1677.816,0,2
1932-10-20,1932,0,,sis,det,1451.32,1559.483,0.43820105527540737,0.5617989447245926,1433.446,1577.357,6,13
1932-10-23,1932,0,,chi,sis,1555.237,1433.446,0.7455950679604492,0.25440493203955084,1569.515,1419.167,27,7
1932-10-23,1932,0,,gb,bkn,1677.816,1421.119,0.8643426191640817,0.13565738083591827,1684.062,1414.872,13,0
1932-10-23,1932,0,,nyg,wsh,1523.398,1301.484,0.839108493852116,0.16089150614788394,1513.056,1311.827,0,0
1932-10-30,1932,0,,gb,sis,1684.062,1419.167,0.8697815058021224,0.13021849419787757,1691.527,1411.703,26,0
1932-10-30,1932,0,,ari,bkn,1533.947,1414.872,0.7426180878310654,0.2573819121689346,1548.409,1400.41,27,7
1932-10-30,1932,0,,wsh,chi,1311.827,1569.515,0.2480198225916861,0.7519801774083139,1319.512,1561.83,7,7
1932-10-30,1932,0,,nyg,det,1513.056,1577.357,0.5010059405052618,0.4989940594947382,1493.552,1596.861,0,6
1932-11-06,1932,0,,nyg,chi,1493.552,1561.83,0.4952827187614621,0.5047172812385379,1463.439,1591.943,8,28
1932-11-06,1932,0,,bkn,det,1400.41,1596.861,0.3193647291550502,0.6806352708449498,1385.958,1611.314,7,17
1932-11-06,1932,0,,ari,gb,1548.409,1691.527,0.38943605369852796,0.610563946301472,1530.373,1709.563,9,19
1932-11-06,1932,0,,wsh,sis,1319.512,1411.703,0.4609487018623738,0.5390512981376262,1348.319,1382.895,19,6
1932-11-13,1932,0,,bkn,ari,1385.958,1530.373,0.3876622620188807,0.6123377379811192,1403.571,1512.76,3,0
1932-11-13,1932,0,,nyg,sis,1463.439,1382.895,0.6980055916611194,0.3019944083388806,1480.686,1365.648,27,7
1932-11-13,1932,0,,wsh,gb,1348.319,1709.563,0.15377203841835593,0.846227961581644,1339.941,1717.941,0,21
1932-11-13,1932,0,,chi,det,1591.943,1611.314,0.5652904684534737,0.43470953154652625,1589.952,1613.305,13,13
1932-11-20,1932,0,,nyg,gb,1480.686,1717.941,0.27060021211050783,0.7293997878894922,1511.485,1687.143,6,0
1932-11-20,1932,0,,det,wsh,1613.305,1339.941,0.8752043449348813,0.1247956550651187,1618.492,1334.754,10,0
1932-11-20,1932,0,,chi,bkn,1589.952,1403.571,0.8095463788297089,0.19045362117029108,1600.359,1393.163,20,0
1932-11-20,1932,0,,sis,ari,1365.648,1512.76,0.3839833812768787,0.6160166187231213,1400.305,1478.102,21,7
1932-11-24,1932,0,,sis,nyg,1400.305,1511.485,0.43393026177603006,0.5660697382239699,1402.32,1509.47,13,13
1932-11-24,1932,0,,bkn,gb,1393.163,1687.143,0.21113210654429374,0.7888678934557063,1385.21,1695.096,0,7
1932-11-24,1932,0,,chi,ari,1600.359,1478.102,0.7461035596773279,0.2538964403226721,1616.997,1461.465,34,0
1932-11-27,1932,0,,sis,gb,1402.32,1695.096,0.21228877626812548,0.7877112237318745,1390.992,1706.424,3,21
1932-11-27,1932,0,,det,chi,1618.492,1616.997,0.5945424629632139,0.4054575370367861,1615.609,1619.881,7,7
1932-11-27,1932,0,,ari,wsh,1461.465,1334.754,0.7509297699473366,0.24907023005266338,1443.39,1352.829,6,8
1932-11-27,1932,0,,bkn,nyg,1385.21,1509.47,0.4155355029127939,0.5844644970872062,1369.463,1525.217,7,13
1932-12-04,1932,0,,det,gb,1615.609,1706.424,0.46291744433051923,0.5370825556694807,1648.17,1673.863,19,0
1932-12-04,1932,0,,bkn,wsh,1369.463,1352.829,0.6153655499903741,0.38463445000962593,1342.884,1379.407,0,7
1932-12-04,1932,0,,chi,nyg,1619.881,1525.217,0.7148586616406266,0.2851413383593734,1630.227,1514.871,6,0
1932-12-11,1932,0,,chi,gb,1630.227,1673.863,0.5307065758061439,0.4692934241938561,1651.631,1652.459,9,0
1932-12-18,1932,0,,chi,det,1651.631,1648.17,0.5972676631407327,0.40273233685926735,1669.618,1630.183,9,0
1933-09-17,1933,0,,gb,wsh,1603.306,1421.272,0.8056583402985458,0.19434165970145423,1593.984,1430.594,7,7
1933-09-17,1933,0,,det,red,1588.456,1300.0,0.8843880172061589,0.1156119827938411,1594.613,1293.842,21,0
1933-09-20,1933,0,,pit,nyg,1300.0,1511.581,0.3007375742753039,0.6992624257246961,1282.569,1529.011,2,23
1933-09-24,1933,0,,gb,chi,1593.984,1614.745,0.5633231894877501,0.43667681051224994,1570.075,1638.654,7,14
1933-09-24,1933,0,,det,nyg,1594.613,1529.011,0.6795719912207544,0.3204280087792456,1609.119,1514.505,17,7
1933-09-27,1933,0,,pit,ari,1282.569,1463.927,0.33853927641485637,0.6614607235851436,1292.251,1454.245,14,13
1933-10-01,1933,0,,chi,wsh,1638.654,1430.594,0.8280485635730597,0.17195143642694033,1645.015,1424.232,7,0
1933-10-01,1933,0,,gb,nyg,1570.075,1514.505,0.6668687540398959,0.3331312459601041,1550.514,1534.067,7,10
1933-10-01,1933,0,,det,ari,1609.119,1454.245,0.7800051674349433,0.2199948325650567,1611.892,1451.472,7,6
1933-10-04,1933,0,,pit,wsh,1292.251,1424.232,0.4047833116744095,0.5952166883255905,1270.469,1446.015,6,21
1933-10-08,1933,0,,wsh,nyg,1446.015,1534.067,0.4668740998308281,0.5331259001691719,1453.484,1526.598,21,20
1933-10-08,1933,0,,gb,det,1550.514,1611.892,0.5052122881823867,0.4947877118176133,1579.069,1583.337,17,0
1933-10-08,1933,0,,red,ari,1293.842,1451.472,0.36976592145377846,0.6302340785462215,1284.004,1461.31,0,3
1933-10-08,1933,0,,bkn,chi,1396.923,1645.015,0.25846496151508497,0.7415350384849151,1385.48,1656.459,0,10
1933-10-11,1933,0,,pit,red,1270.469,1284.004,0.5735270975140694,0.4264729024859306,1293.039,1261.434,17,3
1933-10-15,1933,0,,gb,pit,1579.069,1293.039,0.8829524527729966,0.11704754722700339,1586.884,1285.224,47,0
1933-10-15,1933,0,,bkn,red,1385.48,1261.434,0.7480494512076152,0.25195054879238477,1400.942,1245.972,27,0
1933-10-15,1933,0,,nyg,phi,1526.598,1300.0,0.8427154829521245,0.1572845170478755,1537.828,1288.77,56,0
1933-10-15,1933,0,,wsh,det,1453.484,1583.337,0.40773810038335623,0.5922618996166438,1432.579,1604.241,0,13
1933-10-15,1933,0,,chi,ari,1656.459,1461.31,0.8172069939833058,0.18279300601669424,1660.991,1456.778,12,9
1933-10-18,1933,0,,phi,det,1288.77,1604.241,0.19126259012173016,0.8087374098782698,1277.581,1615.43,0,25
1933-10-22,1933,0,,wsh,ari,1432.579,1456.778,0.5584489177137614,0.4415510822862386,1453.369,1435.988,10,0
1933-10-22,1933,0,,nyg,bkn,1537.828,1400.942,0.7617230227101033,0.23827697728989672,1549.648,1389.121,21,7
1933-10-22,1933,0,,red,pit,1245.972,1285.224,0.5369866639072891,0.4630133360927109,1244.844,1286.352,0,0
1933-10-22,1933,0,,chi,gb,1660.991,1586.884,0.6901379402956884,0.3098620597043116,1669.071,1578.804,10,7
1933-10-29,1933,0,,gb,phi,1578.804,1277.581,0.8916927040438861,0.10830729595611388,1584.924,1271.461,35,9
1933-10-29,1933,0,,bkn,ari,1389.121,1435.988,0.5260718166627957,0.4739281833372043,1408.67,1416.439,7,0
1933-10-29,1933,0,,wsh,pit,1453.369,1286.352,0.7917649724382748,0.20823502756172518,1433.921,1305.799,14,16
1933-10-29,1933,0,,chi,nyg,1669.071,1549.648,0.7430007956329241,0.2569992043670759,1676.704,1542.016,14,10
1933-11-05,1933,0,,nyg,det,1542.016,1615.43,0.48789364727843965,0.5121063527215604,1556.269,1601.177,13,10
1933-11-05,1933,0,,red,phi,1244.844,1271.461,0.5550139484824848,0.44498605151751525,1222.86,1293.444,0,6
1933-11-05,1933,0,,bkn,pit,1408.67,1305.799,0.7243900113661054,0.27560998863389463,1401.827,1312.643,3,3
1933-11-05,1933,0,,ari,gb,1416.439,1584.924,0.35532635250380046,0.6446736474961996,1401.526,1599.838,6,14
1933-11-05,1933,0,,wsh,chi,1433.921,1676.704,0.26436541497524696,0.735634585024753,1472.302,1638.323,10,0
1933-11-12,1933,0,,pit,bkn,1312.643,1401.827,0.4652525271642467,0.5347474728357533,1280.462,1434.008,0,32
1933-11-12,1933,0,,nyg,wsh,1556.269,1472.302,0.7021428750287263,0.2978571249712737,1567.871,1460.7,7,0
1933-11-12,1933,0,,ari,red,1401.526,1222.86,0.802604739858243,0.197395260141757,1376.501,1247.884,9,12
1933-11-12,1933,0,,det,gb,1601.177,1599.838,0.5943259691970847,0.4056740308029153,1617.555,1583.46,7,0
1933-11-12,1933,0,,phi,chi,1293.444,1638.323,0.16643414090851008,0.83356585909149,1303.618,1628.149,3,3
1933-11-19,1933,0,,red,det,1247.884,1617.555,0.1475651190059715,0.8524348809940285,1275.318,1590.121,10,7
1933-11-19,1933,0,,wsh,gb,1460.7,1583.46,0.41763409187488804,0.582365908125112,1492.267,1551.893,20,7
1933-11-19,1933,0,,phi,pit,1303.618,1280.462,0.6242124290254292,0.37578757097457083,1325.265,1258.814,25,6
1933-11-19,1933,0,,ari,bkn,1376.501,1434.008,0.5107816222909964,0.48921837770900356,1362.291,1448.219,0,3
1933-11-19,1933,0,,nyg,chi,1567.871,1628.149,0.506795085874928,0.49320491412507195,1581.516,1614.504,3,0
1933-11-26,1933,0,,bkn,wsh,1448.219,1492.267,0.5301158536278673,0.4698841463721327,1473.428,1467.058,14,0
1933-11-26,1933,0,,phi,red,1325.265,1275.318,0.6596394995628593,0.3403605004371407,1343.964,1256.62,20,3
1933-11-26,1933,0,,chi,det,1614.504,1590.121,0.6258677889058111,0.3741322110941889,1624.472,1580.153,17,14
1933-11-26,1933,0,,nyg,gb,1581.516,1551.893,0.6329036318605461,0.3670963681394539,1599.008,1534.402,17,6
1933-11-30,1933,0,,bkn,nyg,1473.428,1599.008,0.41369127255083965,0.5863087274491603,1454.12,1618.316,0,10
1933-11-30,1933,0,,ari,chi,1362.291,1624.472,0.24322757039799656,0.7567724296020034,1349.642,1637.121,6,22
1933-12-03,1933,0,,phi,gb,1343.964,1534.402,0.32693529944866007,0.6730647005513399,1329.13,1549.235,0,10
1933-12-03,1933,0,,ari,wsh,1349.642,1467.058,0.4251344414330508,0.5748655585669492,1351.925,1464.775,0,0
1933-12-03,1933,0,,nyg,pit,1618.316,1258.814,0.9200943711296158,0.07990562887038422,1622.628,1254.502,27,3
1933-12-03,1933,0,,det,chi,1580.153,1637.121,0.5115569184144104,0.4884430815855896,1555.53,1661.744,7,17
1933-12-03,1933,0,,red,bkn,1256.62,1454.12,0.3180535627567689,0.6819464372432311,1291.42,1419.319,10,0
1933-12-10,1933,0,,phi,nyg,1329.13,1622.628,0.21159460388913864,0.7884053961108614,1321.67,1630.088,14,20
1933-12-10,1933,0,,chi,gb,1661.744,1549.235,0.7353277291886011,0.2646722708113989,1665.139,1545.84,7,6
1933-12-17,1933,0,c,chi,nyg,1665.139,1630.088,0.6401326324166497,0.35986736758335025,1672.702,1622.525,23,21
1934-09-09,1934,0,,pit,red,1338.001,1362.614,0.5578611838167599,0.44213881618324014,1360.917,1339.698,13,0
1934-09-16,1934,0,,pit,wsh,1360.917,1478.183,0.42534548279686196,0.5746545172031381,1343.638,1495.462,0,7
1934-09-16,1934,0,,gb,phi,1532.226,1382.78,0.7745965502762913,0.22540344972370874,1543.067,1371.94,19,6
1934-09-23,1934,0,,red,ari,1339.698,1402.95,0.5025155529891917,0.4974844470108083,1316.538,1426.11,0,9
1934-09-23,1934,0,,det,nyg,1538.687,1583.35,0.5292339152328592,0.47076608476714077,1560.168,1561.869,9,0
1934-09-23,1934,0,,gb,chi,1543.067,1616.802,0.4874319724275222,0.5125680275724778,1516.771,1643.097,10,24
1934-09-26,1934,0,,pit,phi,1343.638,1371.94,0.5526171346655349,0.44738286533446514,1311.151,1404.427,0,17
1934-09-30,1934,0,,gb,nyg,1516.771,1561.869,0.5286099945888977,0.4713900054111023,1542.073,1536.567,20,6
1934-09-30,1934,0,,det,ari,1560.168,1426.11,0.7587557397023174,0.24124426029768264,1568.777,1417.5,6,0
1934-09-30,1934,0,,bkn,wsh,1447.879,1495.462,0.5250441024855371,0.4749558975144629,1463.048,1480.294,10,6
1934-09-30,1934,0,,red,chi,1316.538,1643.097,0.18158366895137282,0.8184163310486272,1306.981,1652.654,3,21
1934-10-03,1934,0,,pit,nyg,1311.151,1536.567,0.2842597832208131,0.7157402167791869,1305.329,1542.388,12,14
1934-10-07,1934,0,,red,ari,1306.981,1417.5,0.43486514141969934,0.5651348585803007,1282.839,1441.642,0,16
1934-10-07,1934,0,,wsh,nyg,1480.294,1542.388,0.504181972653615,0.495818027346385,1466.297,1556.386,13,16
1934-10-07,1934,0,,bkn,chi,1463.048,1652.654,0.3279900674476282,0.6720099325523718,1446.236,1669.466,7,21
1934-10-07,1934,0,,gb,det,1542.073,1568.777,0.5548902577383431,0.4451097422616569,1526.416,1584.435,0,3
1934-10-07,1934,0,,phi,pit,1404.427,1305.329,0.7200327412171721,0.2799672587828279,1387.331,1322.425,7,9
1934-10-10,1934,0,,pit,chi,1322.425,1669.466,0.16471469328841296,0.8352853067115871,1312.593,1679.298,0,28
1934-10-14,1934,0,,phi,det,1387.331,1584.435,0.31854819382246363,0.6814518061775363,1372.92,1598.846,0,10
1934-10-14,1934,0,,ari,chi,1441.642,1679.298,0.2701448428292598,0.7298551571707401,1426.39,1694.551,0,20
1934-10-14,1934,0,,wsh,pit,1466.297,1312.593,0.7788472711449907,0.22115272885500925,1481.137,1297.752,39,0
1934-10-14,1934,0,,nyg,bkn,1556.386,1446.236,0.732676444292398,0.267323555707602,1569.796,1432.825,14,0
1934-10-14,1934,0,,gb,red,1526.416,1282.839,0.8552408750477911,0.14475912495220888,1535.906,1273.349,41,0
1934-10-17,1934,0,,det,wsh,1598.846,1481.137,0.7411122540594655,0.25888774594053454,1614.235,1465.749,24,0
1934-10-21,1934,0,,det,bkn,1614.235,1432.825,0.8050953074630246,0.1949046925369754,1626.039,1421.021,28,0
1934-10-21,1934,0,,chi,red,1694.551,1273.349,0.942611143705554,0.05738885629444601,1697.893,1270.007,41,7
1934-10-21,1934,0,,nyg,pit,1569.796,1297.752,0.87437205162097,0.12562794837903002,1575.021,1292.528,17,7
1934-10-21,1934,0,,wsh,phi,1465.749,1372.92,0.7127006445969438,0.2872993554030562,1476.182,1362.487,6,0
1934-10-21,1934,0,,gb,ari,1535.906,1426.39,0.7319610213224726,0.26803897867752735,1549.677,1412.619,15,0
1934-10-28,1934,0,,nyg,phi,1575.021,1362.487,0.8316846624145212,0.16831533758547879,1583.661,1353.847,17,0
1934-10-28,1934,0,,bkn,pit,1421.021,1292.528,0.7528434277764913,0.24715657222350873,1434.399,1279.149,21,3
1934-10-28,1934,0,,wsh,ari,1476.182,1412.619,0.6770107516504864,0.3229892483495136,1490.235,1398.566,9,0
1934-10-28,1934,0,,red,det,1270.007,1626.039,0.1577168555400783,0.8422831444599217,1259.801,1636.245,0,38
1934-10-28,1934,0,,chi,gb,1697.893,1549.677,0.7733579239278685,0.2266420760721315,1708.798,1538.772,27,14
1934-11-04,1934,0,,chi,nyg,1708.798,1583.661,0.749231263795812,0.25076873620418805,1722.853,1569.606,27,7
1934-11-04,1934,0,,det,pit,1636.245,1279.149,0.9190701627316769,0.08092983726832315,1641.034,1274.361,40,7
1934-11-04,1934,0,,wsh,gb,1490.235,1538.772,0.5236744456032889,0.4763255543967111,1464.931,1564.075,0,10
1934-11-06,1934,0,,bkn,ari,1434.399,1398.566,0.6411689676860849,0.3588310323139151,1392.857,1440.108,0,21
1934-11-06,1934,0,,phi,red,1353.847,1259.801,0.7141329632414641,0.28586703675853586,1376.104,1237.543,64,0
1934-11-11,1934,0,,phi,bkn,1376.104,1392.857,0.5689901201347962,0.4310098798652038,1359.975,1408.987,7,10
1934-11-11,1934,0,,wsh,chi,1464.931,1722.853,0.24776868201292118,0.7522313179870788,1450.849,1736.935,0,21
1934-11-11,1934,0,,ari,det,1440.108,1641.034,0.3137914593928288,0.6862085406071712,1430.595,1650.547,13,17
1934-11-11,1934,0,,gun,pit,1300.0,1274.361,0.6275592269814708,0.3724407730185292,1313.921,1260.439,6,0
1934-11-11,1934,0,,nyg,gb,1569.606,1564.075,0.6001305444660389,0.39986945553396114,1590.591,1543.091,17,3
1934-11-18,1934,0,,nyg,chi,1590.591,1736.935,0.38502965152522517,0.6149703484747748,1585.443,1742.083,9,10
1934-11-18,1934,0,,det,gun,1650.547,1313.921,0.9098615071855894,0.09013849281441055,1655.922,1308.545,40,7
1934-11-18,1934,0,,gb,ari,1543.091,1430.595,0.7353131646716703,0.2646868353283297,1506.256,1467.429,0,9
1934-11-18,1934,0,,pit,bkn,1260.439,1408.987,0.38202995860568195,0.6179700413943181,1242.788,1426.638,0,10
1934-11-18,1934,0,,phi,wsh,1359.975,1450.849,0.4628330046019085,0.5371669953980915,1340.95,1469.873,7,14
1934-11-25,1934,0,,bkn,phi,1426.638,1340.95,0.7042106232656618,0.29578937673433825,1386.736,1380.852,0,13
1934-11-25,1934,0,,det,gb,1655.922,1506.256,0.774817586491364,0.225182413508636,1632.117,1530.062,0,3
1934-11-25,1934,0,,chi,ari,1742.083,1467.429,0.876013150249233,0.12398684975076701,1747.42,1462.091,17,6
1934-11-25,1934,0,,nyg,wsh,1585.443,1469.873,0.7387428030557572,0.26125719694424276,1592.138,1463.179,3,0
1934-11-29,1934,0,,bkn,nyg,1386.736,1592.138,0.3082701712662124,0.6917298287337876,1367.424,1611.449,0,27
1934-11-29,1934,0,,ari,gb,1462.091,1530.062,0.4957244915182569,0.5042755084817431,1481.743,1510.41,6,0
1934-11-29,1934,0,,det,chi,1632.117,1747.42,0.4281097915148037,0.5718902084851962,1620.513,1759.025,16,19
1934-12-02,1934,0,,chi,det,1759.025,1620.513,0.7634177102521211,0.23658228974787887,1765.029,1614.509,10,7
1934-12-02,1934,0,,gun,gb,1308.545,1510.41,0.31262872487190174,0.6873712751280983,1296.305,1522.65,14,21
1934-12-02,1934,0,,phi,nyg,1380.852,1611.449,0.2782310964095829,0.7217689035904171,1411.228,1581.073,6,0
1934-12-02,1934,0,,wsh,bkn,1463.179,1367.424,0.7161370822341016,0.28386291776589845,1475.866,1354.737,13,3
1934-12-09,1934,0,c,nyg,chi,1581.073,1765.029,0.33519846109056334,0.6648015389094366,1621.7,1724.402,30,13
1935-09-13,1935,0,,phi,pit,1442.486,1330.192,0.7350867885839215,0.2649132114160785,1404.142,1368.535,7,17
1935-09-15,1935,0,,gb,ari,1516.767,1489.495,0.6297536996593981,0.3702463003406019,1507.654,1498.608,6,7
1935-09-20,1935,0,,det,phi,1578.006,1404.142,0.7981886646998838,0.2018113353001162,1591.053,1391.095,35,0
1935-09-22,1935,0,,pit,nyg,1368.535,1582.8,0.29749848823710984,0.7025015117628901,1348.568,1602.767,7,42
1935-09-22,1935,0,,gb,chi,1507.654,1651.268,0.3887573701644359,0.6112426298355641,1534.017,1624.905,7,0
1935-09-29,1935,0,,det,ari,1591.053,1498.608,0.7122478171019933,0.28775218289800675,1584.58,1505.081,10,10
1935-09-29,1935,0,,wsh,bkn,1485.577,1404.825,0.6982579245345419,0.30174207546545806,1494.686,1395.716,7,3
1935-09-29,1935,0,,gb,nyg,1534.017,1602.767,0.49460352574396743,0.5053964742560326,1557.331,1579.453,16,7
1935-09-29,1935,0,,pit,chi,1348.568,1624.905,0.2285435278295435,0.7714564721704564,1336.753,1636.72,7,23
1935-10-06,1935,0,,bkn,det,1395.716,1584.58,0.3289322054497207,0.6710677945502793,1411.34,1568.955,12,10
1935-10-06,1935,0,,wsh,nyg,1494.686,1579.453,0.4715836542246172,0.5284163457753828,1474.147,1599.992,12,20
1935-10-06,1935,0,,gb,pit,1557.331,1336.753,0.8380675067569467,0.16193249324305325,1566.883,1327.201,27,0
1935-10-09,1935,0,,pit,phi,1327.201,1391.095,0.501591656569158,0.49840834343084195,1302.26,1416.036,6,17
1935-10-13,1935,0,,wsh,det,1474.147,1568.955,0.45720778130079875,0.5427922186992012,1452.514,1590.589,7,17
1935-10-13,1935,0,,nyg,bkn,1599.992,1411.34,0.8115538242083078,0.1884461757916922,1604.677,1406.656,10,7
1935-10-13,1935,0,,phi,chi,1416.036,1636.72,0.28983425856080713,0.7101657414391929,1396.066,1656.69,0,39
1935-10-13,1935,0,,ari,gb,1505.081,1566.883,0.5046021619836053,0.4953978380163947,1518.797,1553.168,3,0
1935-10-20,1935,0,,chi,bkn,1656.69,1406.656,0.8597821164700451,0.1402178835299549,1662.572,1400.773,24,14
1935-10-20,1935,0,,nyg,wsh,1604.677,1452.514,0.7773155642183734,0.22268443578162656,1614.75,1442.441,17,6
1935-10-20,1935,0,,pit,ari,1302.26,1518.797,0.29477239196772675,0.7052276080322732,1326.64,1494.417,17,13
1935-10-20,1935,0,,gb,det,1553.168,1590.589,0.5396062202832409,0.4603937797167591,1567.804,1575.953,13,9
1935-10-27,1935,0,,nyg,ari,1614.75,1494.417,0.7439997937743134,0.25600020622568664,1603.487,1505.68,13,14
1935-10-27,1935,0,,pit,wsh,1326.64,1442.441,0.42740807278187365,0.5725919272181264,1349.451,1419.63,6,0
1935-10-27,1935,0,,bkn,phi,1400.773,1396.066,0.5989917315738931,0.40100826842610693,1420.091,1376.749,17,6
1935-10-27,1935,0,,chi,gb,1662.572,1567.804,0.7149806767269342,0.2850193232730658,1641.197,1589.18,14,17
1935-10-30,1935,0,,det,wsh,1575.953,1419.63,0.7814331351690547,0.21856686483094534,1586.709,1408.874,14,0
1935-11-03,1935,0,,nyg,chi,1603.487,1641.197,0.5391928983509435,0.46080710164905647,1571.926,1672.757,3,20
1935-11-03,1935,0,,ari,det,1505.68,1586.709,0.47694876689122434,0.5230512331087757,1499.116,1593.273,6,7
1935-11-03,1935,0,,pit,bkn,1349.451,1420.091,0.4918841004287733,0.5081158995712267,1330.357,1439.185,7,13
1935-11-03,1935,0,,wsh,phi,1408.874,1376.749,0.6362434488365137,0.36375655116348626,1399.647,1385.976,6,7
1935-11-05,1935,0,,phi,bkn,1385.976,1439.185,0.5169621015691879,0.48303789843081213,1371.566,1453.595,0,3
1935-11-10,1935,0,,ari,phi,1499.116,1371.566,0.7518319889131605,0.2481680110868395,1509.624,1361.057,12,3
1935-11-10,1935,0,,wsh,chi,1399.647,1672.757,0.2318352106459941,0.7681647893540059,1387.645,1684.759,14,30
1935-11-10,1935,0,,gb,det,1589.18,1593.273,0.5867652218845815,0.41323477811541853,1615.066,1567.386,31,7
1935-11-10,1935,0,,bkn,pit,1453.595,1330.357,0.7471718176095936,0.2528281823904064,1415.967,1367.985,7,16
1935-11-17,1935,0,,chi,nyg,1684.759,1571.926,0.7356905560192049,0.26430944398079514,1662.567,1594.117,0,3
1935-11-17,1935,0,,det,gb,1567.386,1615.066,0.5249048565386,0.4750951434614,1589.993,1592.46,20,10
1935-11-19,1935,0,,bkn,ari,1415.967,1509.624,0.4588525309789347,0.5411474690210654,1428.014,1497.577,14,12
1935-11-24,1935,0,,wsh,ari,1387.645,1497.577,0.43569574858577675,0.5643042514142232,1371.028,1514.194,0,6
1935-11-24,1935,0,,pit,gb,1367.985,1592.46,0.2853631576738015,0.7146368423261985,1351.783,1608.661,14,34
1935-11-24,1935,0,,nyg,phi,1594.117,1361.057,0.8475833485526867,0.1524166514473133,1600.555,1354.619,10,0
1935-11-24,1935,0,,chi,det,1662.567,1589.993,0.6882476493610599,0.31175235063894013,1656.826,1595.734,20,20
1935-11-28,1935,0,,det,chi,1595.734,1656.826,0.5056238269153847,0.49437617308461534,1621.05,1631.51,14,2
1935-11-28,1935,0,,ari,gb,1514.194,1608.661,0.4576949660054988,0.5423050339945013,1526.272,1596.584,9,7
1935-11-28,1935,0,,bkn,nyg,1428.014,1600.555,0.3499962348142866,0.6500037651857133,1407.386,1621.183,0,21
1935-12-01,1935,0,,det,bkn,1621.05,1407.386,0.832593275522826,0.16740672447717397,1631.057,1397.379,28,0
1935-12-01,1935,0,,phi,nyg,1354.619,1621.183,0.23861356739686984,0.7613864326031301,1345.529,1630.274,14,21
1935-12-01,1935,0,,chi,ari,1631.51,1526.272,0.7271020062192054,0.2728979937807946,1624.584,1533.198,7,7
1935-12-01,1935,0,,wsh,pit,1371.028,1351.783,0.6189168173537856,0.38108318264621444,1388.63,1334.181,13,3
1935-12-08,1935,0,,bkn,wsh,1397.379,1388.63,0.6045675349776856,0.39543246502231444,1394.19,1391.819,0,0
1935-12-08,1935,0,,ari,chi,1533.198,1624.584,0.4621003295316112,0.5378996704683888,1509.097,1648.685,0,13
1935-12-08,1935,0,,phi,gb,1345.529,1596.584,0.25520940887753507,0.7447905911224649,1335.742,1606.37,6,13
1935-12-08,1935,0,,nyg,pit,1630.274,1334.181,0.8888075646662219,0.1111924353337781,1635.316,1329.14,13,0
1935-12-15,1935,0,c,det,nyg,1631.057,1635.316,0.5865335032337274,0.41346649676627256,1655.164,1611.209,26,7
1936-09-13,1936,0,,pit,wsh,1387.76,1429.546,0.5333580064155763,0.4666419935844237,1409.906,1407.401,10,0
1936-09-13,1936,0,,phi,nyg,1392.162,1575.806,0.33559880458076524,0.6644011954192348,1411.633,1556.335,10,7
1936-09-13,1936,0,,gb,ari,1572.58,1507.731,0.6786273778014894,0.3213726221985106,1580.994,1499.318,10,7
1936-09-20,1936,0,,gb,chi,1580.994,1600.79,0.5646891775788383,0.4353108224211617,1542.571,1639.213,3,30
1936-09-20,1936,0,,phi,wsh,1411.633,1407.401,0.5983347688023333,0.40166523119766673,1372.366,1446.667,3,26
1936-09-23,1936,0,,bkn,pit,1431.127,1409.906,0.6215960040404374,0.37840399595956264,1410.302,1430.73,6,10
1936-09-27,1936,0,,bkn,wsh,1410.302,1446.667,0.5411160227318863,0.4588839772681137,1383.055,1473.914,3,14
1936-09-27,1936,0,,phi,chi,1372.366,1639.213,0.23831772704335893,0.761682272956641,1359.747,1651.831,0,17
1936-09-27,1936,0,,pit,nyg,1430.73,1556.335,0.41365636711791737,0.5863436328820826,1447.447,1539.617,10,7
1936-09-28,1936,0,,det,ari,1605.109,1499.318,0.7277331993923812,0.27226680060761876,1623.749,1480.677,39,0
1936-10-04,1936,0,,bkn,phi,1383.055,1359.747,0.6244176524276952,0.3755823475723048,1404.319,1338.483,18,0
1936-10-04,1936,0,,wsh,nyg,1473.914,1539.617,0.49898830305543973,0.5010116969445603,1453.169,1560.363,0,7
1936-10-04,1936,0,,gb,ari,1542.571,1480.677,0.6749063359879854,0.32509366401201456,1562.358,1460.89,24,0
1936-10-04,1936,0,,pit,chi,1447.447,1651.831,0.3095211745949789,0.6904788254050211,1430.306,1668.973,9,27
1936-10-11,1936,0,,chi,ari,1668.973,1460.89,0.8280674142211792,0.17193258577882076,1673.896,1455.967,7,3
1936-10-11,1936,0,,phi,det,1338.483,1623.749,0.21960786263274767,0.7803921373672523,1325.795,1636.438,0,23
1936-10-11,1936,0,,gb,wsh,1562.358,1453.169,0.7315915515610123,0.2684084484389877,1579.277,1436.25,31,2
1936-10-11,1936,0,,nyg,bkn,1560.363,1404.319,0.7811587047197571,0.21884129528024288,1551.788,1412.894,10,10
1936-10-14,1936,0,,bkn,det,1412.894,1636.438,0.28645733445969523,0.7135426655403048,1401.781,1647.55,7,14
1936-10-14,1936,0,,pit,phi,1430.306,1325.795,0.7262708204216264,0.2737291795783736,1444.998,1311.104,17,0
1936-10-18,1936,0,,wsh,phi,1436.25,1311.104,0.7492409975837757,0.2507590024162243,1447.319,1300.034,17,7
1936-10-18,1936,0,,nyg,ari,1551.788,1455.967,0.7162143091677999,0.28378569083220007,1563.409,1444.346,14,6
1936-10-18,1936,0,,chi,pit,1673.896,1444.998,0.8444624230268858,0.1555375769731142,1682.117,1436.777,26,7
1936-10-18,1936,0,,gb,det,1579.277,1647.55,0.49528991370036884,0.5047100862996312,1590.383,1636.444,20,18
1936-10-25,1936,0,,chi,det,1682.117,1636.444,0.6540942239524131,0.3459057760475869,1689.353,1629.208,12,10
1936-10-25,1936,0,,bkn,ari,1401.781,1444.346,0.5322417601103573,0.4677582398896427,1423.105,1423.022,9,0
1936-10-25,1936,0,,nyg,phi,1563.409,1300.034,0.8687872759669739,0.13121272403302608,1567.084,1296.359,21,17
1936-10-25,1936,0,,gb,pit,1590.383,1436.777,0.7787500871630134,0.22124991283698658,1604.457,1422.703,42,10
1936-11-01,1936,0,,chi,gb,1689.353,1604.457,0.7032600845818631,0.29673991541813693,1651.847,1641.963,10,21
1936-11-01,1936,0,,nyg,det,1567.084,1629.208,0.5041388021722758,0.4958611978277242,1587.68,1608.612,14,7
1936-11-01,1936,0,,wsh,ari,1447.319,1423.022,0.6257518607563485,0.3742481392436515,1457.291,1413.05,13,10
1936-11-01,1936,0,,pit,bkn,1422.703,1423.105,0.5919073722937401,0.40809262770625987,1433.695,1412.113,10,7
1936-11-05,1936,0,,phi,pit,1296.359,1433.695,0.3973786411848034,0.6026213588151965,1281.386,1448.668,0,6
1936-11-08,1936,0,,nyg,chi,1587.68,1651.847,0.5011987810670462,0.4988012189329538,1558.153,1681.373,7,25
1936-11-08,1936,0,,det,pit,1608.612,1448.668,0.784972330280843,0.215027669719157,1621.324,1435.956,28,3
1936-11-08,1936,0,,ari,phi,1413.05,1281.386,0.7562242081466342,0.24377579185336584,1424.861,1269.576,13,0
1936-11-08,1936,0,,wsh,gb,1457.291,1641.963,0.334280620536221,0.665719379463779,1447.086,1652.168,3,7
1936-11-15,1936,0,,wsh,chi,1447.086,1681.373,0.2739855985045644,0.7260144014954356,1430.316,1698.143,0,26
1936-11-15,1936,0,,ari,pit,1424.861,1435.956,0.576959004360857,0.423040995639143,1443.007,1417.811,14,6
1936-11-15,1936,0,,det,nyg,1621.324,1558.153,0.6765171248659126,0.32348287513408736,1643.721,1535.756,38,0
1936-11-15,1936,0,,bkn,gb,1412.113,1652.168,0.2674306790251858,0.7325693209748142,1394.942,1669.339,7,38
1936-11-22,1936,0,,phi,chi,1269.576,1698.143,0.10979274186552598,0.890207258134474,1263.751,1703.968,7,28
1936-11-22,1936,0,,nyg,gb,1535.756,1669.339,0.4025634206413873,0.5974365793586127,1515.729,1689.365,14,26
1936-11-22,1936,0,,ari,det,1443.007,1643.721,0.31405429696330833,0.6859457030366917,1430.705,1656.024,7,14
1936-11-22,1936,0,,wsh,bkn,1430.316,1394.942,0.6405608429896851,0.3594391570103149,1452.446,1372.812,30,6
1936-11-26,1936,0,,bkn,nyg,1372.812,1515.729,0.3897112069059449,0.610288793094055,1352.427,1536.115,0,14
1936-11-26,1936,0,,det,chi,1656.024,1703.968,0.5245258583274512,0.47547414167254876,1674.386,1685.605,13,7
1936-11-29,1936,0,,ari,chi,1430.705,1685.605,0.25102514974337053,0.7489748502566295,1464.797,1651.514,14,7
1936-11-29,1936,0,,wsh,pit,1452.446,1417.811,0.6395808002440403,0.3604191997559597,1476.127,1394.13,30,0
1936-11-29,1936,0,,det,gb,1674.386,1689.365,0.571492721221351,0.428507278778649,1647.455,1716.296,17,26
1936-11-29,1936,0,,phi,bkn,1263.751,1352.427,0.46598014060563925,0.5340198593943608,1245.809,1370.369,7,13
1936-12-06,1936,0,,ari,gb,1464.797,1716.296,0.2547238994562041,0.7452761005437959,1472.277,1708.815,0,0
1936-12-06,1936,0,,nyg,wsh,1536.115,1476.127,0.6724944294842514,0.3275055705157486,1497.498,1514.744,0,14
1936-12-06,1936,0,,det,bkn,1647.455,1370.369,0.8775257300606406,0.12247426993935939,1652.113,1365.711,14,6
1936-12-13,1936,0,c,wsh,gb,1514.744,1708.815,0.3223501348566047,0.6776498651433953,1497.86,1725.7,6,21
1937-09-05,1937,0,,pit,phi,1431.086,1332.206,0.7197796998307241,0.2802203001692759,1444.851,1318.441,27,14
1937-09-10,1937,0,,phi,bkn,1318.441,1412.141,0.4587910687238761,0.5412089312761239,1300.815,1429.766,7,13
1937-09-10,1937,0,,lar,det,1368.333,1603.075,0.2734649042305843,0.7265350957694157,1351.236,1620.173,0,28
1937-09-12,1937,0,,gb,ari,1652.133,1483.185,0.7935917150814237,0.20640828491857632,1615.201,1520.117,7,14
1937-09-16,1937,0,,wsh,nyg,1500.24,1499.998,0.5928025425021272,0.40719745749787284,1519.206,1481.033,13,3
1937-09-19,1937,0,,gb,chi,1615.201,1602.676,0.6097519739856109,0.3902480260143891,1582.779,1635.098,2,14
1937-09-19,1937,0,,bkn,pit,1429.766,1444.851,0.5713432872281314,0.42865671277186856,1393.625,1480.992,0,21
1937-09-19,1937,0,,det,ari,1620.173,1520.117,0.7211430734264159,0.2788569265735841,1632.119,1508.171,16,7
1937-09-21,1937,0,,phi,lar,1300.815,1351.236,0.5209685619300927,0.47903143806990733,1269.932,1382.12,3,21
1937-09-24,1937,0,,wsh,ari,1519.206,1508.171,0.6077090968422931,0.39229090315770687,1493.027,1534.35,14,21
1937-09-26,1937,0,,bkn,lar,1393.625,1382.12,0.6083539053002525,0.39164609469974754,1401.941,1373.804,9,7
1937-09-26,1937,0,,phi,ari,1269.932,1534.35,0.24086513374338694,0.7591348662566131,1277.835,1526.447,6,6
1937-09-26,1937,0,,pit,nyg,1480.992,1481.033,0.5924092435268435,0.40759075647315646,1464.067,1497.957,7,10
1937-10-03,1937,0,,gb,det,1582.779,1632.119,0.5225213023523203,0.4774786976476797,1611.647,1603.25,26,6
1937-10-03,1937,0,,lar,ari,1373.804,1526.447,0.3764805289574242,0.6235194710425758,1359.713,1540.537,0,6
1937-10-03,1937,0,,phi,nyg,1277.835,1497.957,0.2905005994333858,0.7094994005666142,1265.338,1510.454,7,16
1937-10-03,1937,0,,wsh,bkn,1493.027,1401.941,0.7106418213189062,0.2893581786810938,1501.724,1393.244,11,7
1937-10-04,1937,0,,pit,chi,1464.067,1635.098,0.3519762831176514,0.6480237168823486,1450.102,1649.063,0,7
1937-10-10,1937,0,,det,pit,1603.25,1450.102,0.7782954955422321,0.2217045044577679,1609.743,1443.61,7,3
1937-10-10,1937,0,,lar,chi,1359.713,1649.063,0.21560538493470643,0.7843946150652936,1348.191,1660.585,2,20
1937-10-10,1937,0,,wsh,phi,1501.724,1265.338,0.8500403138051722,0.1499596861948278,1448.377,1318.685,0,14
1937-10-10,1937,0,,gb,ari,1611.647,1540.537,0.6864365669754167,0.31356343302458334,1629.903,1522.282,34,13
1937-10-17,1937,0,,det,bkn,1609.743,1393.244,0.8348555958171732,0.16514440418282683,1619.798,1383.189,30,0
1937-10-17,1937,0,,chi,ari,1660.585,1522.282,0.7632003480375517,0.23679965196244834,1670.567,1512.299,16,7
1937-10-17,1937,0,,nyg,phi,1510.454,1318.685,0.8142825792280396,0.1857174207719604,1520.735,1308.404,21,0
1937-10-17,1937,0,,wsh,pit,1448.377,1443.61,0.5990746910975786,0.4009253089024214,1469.424,1422.563,34,20
1937-10-17,1937,0,,lar,gb,1348.191,1629.903,0.2231341452261226,0.7768658547738774,1334.955,1643.139,10,35
1937-10-24,1937,0,,chi,det,1670.567,1619.798,0.660701059639038,0.339298940360962,1684.732,1605.633,28,20
1937-10-24,1937,0,,gb,lar,1643.139,1334.955,0.895502305620102,0.10449769437989798,1649.156,1328.938,35,7
1937-10-24,1937,0,,phi,wsh,1308.404,1469.424,0.3652299733079614,0.6347700266920386,1298.701,1479.127,7,10
1937-10-24,1937,0,,pit,ari,1422.563,1512.299,0.464462059802887,0.535537940197113,1404.688,1530.174,7,13
1937-10-24,1937,0,,nyg,bkn,1520.735,1383.189,0.7624119075807981,0.23758809241920187,1534.185,1369.739,21,0
1937-10-31,1937,0,,ari,lar,1530.174,1328.938,0.8223831366422538,0.17761686335774618,1536.341,1322.772,13,7
1937-10-31,1937,0,,pit,phi,1404.688,1298.701,0.7279566939869436,0.2720433060130564,1416.312,1287.076,16,7
1937-10-31,1937,0,,bkn,wsh,1369.739,1479.127,0.436465833027201,0.563534166972799,1343.29,1505.576,0,21
1937-10-31,1937,0,,nyg,chi,1534.185,1684.732,0.37931702357688957,0.6206829764231104,1537.866,1681.052,3,3
1937-10-31,1937,0,,det,gb,1605.633,1649.156,0.5308685793029332,0.4691314206970668,1598.201,1656.588,13,14
1937-11-07,1937,0,,nyg,pit,1537.866,1416.312,0.7453362001391786,0.25466379986082144,1551.436,1402.741,17,0
1937-11-07,1937,0,,chi,gb,1681.052,1656.588,0.625976963835804,0.37402303616419597,1649.759,1687.881,14,24
1937-11-07,1937,0,,bkn,phi,1343.29,1287.076,0.6676918078511545,0.33230819214884555,1320.545,1309.822,10,14
1937-11-07,1937,0,,det,lar,1598.201,1322.772,0.8764968936093246,0.12350310639067541,1604.714,1316.26,27,7
1937-11-14,1937,0,,nyg,det,1551.436,1604.714,0.5168629161985052,0.4831370838014948,1521.398,1634.752,0,17
1937-11-14,1937,0,,gb,phi,1687.881,1309.822,0.9276039162889974,0.07239608371100259,1692.019,1305.683,37,7
1937-11-14,1937,0,,pit,wsh,1402.741,1505.576,0.44576527416593387,0.5542347258340661,1427.523,1480.794,21,13
1937-11-14,1937,0,,chi,bkn,1649.759,1320.545,0.9063005105233118,0.09369948947668816,1654.742,1315.562,29,7
1937-11-21,1937,0,,lar,wsh,1316.26,1480.794,0.3605532339603049,0.6394467660396951,1300.374,1496.679,7,16
1937-11-21,1937,0,,pit,bkn,1427.523,1315.562,0.7347133340068471,0.26528666599315287,1376.739,1366.346,0,23
1937-11-21,1937,0,,nyg,gb,1521.398,1692.019,0.3525147951417959,0.647485204858204,1554.016,1659.401,10,0
1937-11-21,1937,0,,ari,det,1536.341,1634.752,0.45206537542154884,0.5479346245784511,1515.834,1655.259,7,16
1937-11-25,1937,0,,bkn,nyg,1366.346,1554.016,0.33045115043395523,0.6695488495660448,1371.517,1548.845,13,13
1937-11-25,1937,0,,det,chi,1655.259,1654.742,0.5931846095816956,0.4068153904183044,1622.989,1687.012,0,13
1937-11-28,1937,0,,chi,lar,1687.012,1300.374,0.9308511088297767,0.06914889117022327,1689.533,1297.853,15,7
1937-11-28,1937,0,,wsh,gb,1496.679,1659.401,0.362961563384078,0.6370384366159221,1525.975,1630.106,14,6
1937-12-05,1937,0,,nyg,wsh,1548.845,1525.975,0.6238261640972836,0.37617383590271636,1502.275,1572.545,14,49
1937-12-05,1937,0,,ari,chi,1515.834,1689.533,0.34848125149549114,0.6515187485045089,1497.848,1707.518,28,42
1937-12-12,1937,0,c,chi,wsh,1707.518,1572.545,0.7597185556313623,0.24028144436863774,1672.763,1607.3,21,28
1938-09-09,1938,0,,det,pit,1583.66,1419.493,0.7890471276215256,0.21095287237847438,1592.458,1410.694,16,7
1938-09-11,1938,0,,phi,wsh,1372.122,1573.2,0.31360308331849585,0.6863969166815042,1363.934,1581.388,23,26
1938-09-11,1938,0,,chi,ari,1616.842,1500.232,0.7398965989234058,0.26010340107659424,1623.504,1493.57,16,13
1938-09-11,1938,0,,pit,nyg,1410.694,1503.183,0.46052249007623675,0.5394775099237632,1386.687,1527.19,14,27
1938-09-11,1938,0,,gb,lar,1588.404,1366.902,0.8387880489503231,0.1612119510496769,1594.972,1360.333,26,17
1938-09-16,1938,0,,pit,phi,1386.687,1363.934,0.6236681012012829,0.3763318987987171,1347.134,1403.487,7,27
1938-09-17,1938,0,,lar,ari,1360.333,1493.57,0.40304253817320407,0.5969574618267959,1354.914,1498.99,6,7
1938-09-18,1938,0,,gb,chi,1594.972,1623.504,0.5522897808409915,0.44771021915900855,1582.633,1635.844,0,2
1938-09-18,1938,0,,wsh,bkn,1581.388,1416.011,0.7902041831805514,0.2097958168194486,1572.538,1424.862,16,16
1938-09-23,1938,0,,bkn,pit,1424.862,1347.134,0.6945776548156207,0.3054223451843793,1384.633,1387.363,3,17
1938-09-25,1938,0,,gb,ari,1582.633,1498.99,0.7017526655321434,0.29824733446785656,1599.904,1481.719,28,7
1938-09-25,1938,0,,phi,nyg,1403.487,1527.19,0.41631442572625205,0.5836855742737479,1422.79,1507.887,14,10
1938-09-25,1938,0,,wsh,lar,1572.538,1354.914,0.8357465208639822,0.16425347913601784,1581.908,1345.544,37,13
1938-09-28,1938,0,,ari,gb,1481.719,1599.904,0.42405293276930023,0.5759470672306998,1472.621,1609.001,22,24
1938-10-02,1938,0,,lar,det,1345.544,1592.458,0.2597667624478808,0.7402332375521192,1371.519,1566.483,21,17
1938-10-02,1938,0,,bkn,ari,1384.633,1472.621,0.46696580008305694,0.533034199916943,1413.064,1444.19,13,0
1938-10-02,1938,0,,phi,chi,1422.79,1635.844,0.2989574489996398,0.7010425510003602,1405.225,1653.409,6,28
1938-10-03,1938,0,,nyg,pit,1507.887,1387.363,0.7442091498923926,0.2557908501076074,1485.353,1409.897,10,13
1938-10-09,1938,0,,wsh,nyg,1581.908,1485.353,0.717072310627288,0.28292768937271195,1560.451,1506.81,7,10
1938-10-09,1938,0,,lar,chi,1371.519,1653.409,0.2229565772924516,0.7770434227075484,1407.369,1617.558,14,7
1938-10-09,1938,0,,pit,bkn,1409.897,1413.064,0.5880571134742212,0.4119428865257788,1380.88,1442.082,7,17
1938-10-09,1938,0,,gb,det,1609.001,1566.483,0.6499736440458483,0.35002635595415166,1576.228,1599.256,7,17
1938-10-16,1938,0,,det,wsh,1599.256,1560.451,0.6450954966332313,0.3549045033667687,1584.38,1575.327,5,7
1938-10-16,1938,0,,nyg,phi,1506.81,1405.225,0.7229095942438596,0.2770904057561404,1519.163,1392.871,17,7
1938-10-16,1938,0,,gb,bkn,1576.228,1442.082,0.7588484526558372,0.24115154734416278,1591.121,1427.189,35,7
1938-10-16,1938,0,,ari,chi,1444.19,1617.558,0.3489139797920405,0.6510860202079596,1431.248,1630.5,28,34
1938-10-23,1938,0,,det,ari,1584.38,1431.248,0.7782796025436168,0.22172039745638317,1594.054,1421.574,10,0
1938-10-23,1938,0,,nyg,bkn,1519.163,1427.189,0.7116918154450598,0.28830818455494023,1533.738,1412.614,28,14
1938-10-23,1938,0,,gb,pit,1591.121,1380.88,0.829828818869911,0.170171181130089,1600.33,1371.67,20,0
1938-10-23,1938,0,,chi,lar,1630.5,1407.369,0.8400520445150406,0.15994795548495944,1609.26,1428.609,21,23
1938-10-23,1938,0,,wsh,phi,1575.327,1392.871,0.8060384092561143,0.19396159074388575,1582.112,1386.086,20,14
1938-10-26,1938,0,,phi,ari,1386.086,1421.574,0.5423693298858007,0.45763067011419933,1404.866,1402.794,7,0
1938-10-30,1938,0,,bkn,wsh,1412.614,1582.112,0.35399170979827965,0.6460082902017203,1417.067,1577.659,6,6
1938-10-30,1938,0,,lar,gb,1428.609,1600.33,0.35107085650932734,0.6489291434906727,1407.91,1621.03,7,28
1938-10-30,1938,0,,chi,det,1609.26,1594.054,0.6134180616493454,0.3865819383506546,1584.484,1618.83,7,13
1938-11-06,1938,0,,chi,gb,1584.484,1621.03,0.5408572931265917,0.4591427068734083,1561.696,1643.818,17,24
1938-11-06,1938,0,,nyg,ari,1533.738,1402.794,0.755459333665255,0.24454066633474503,1542.477,1394.055,6,0
1938-11-06,1938,0,,pit,wsh,1371.67,1577.659,0.3075500923075424,0.6924499076924576,1359.65,1589.68,0,7
1938-11-06,1938,0,,det,lar,1618.83,1407.91,0.8303800578520072,0.1696199421479928,1624.696,1402.044,6,0
1938-11-06,1938,0,,phi,bkn,1404.866,1417.067,0.5754042935745597,0.4245957064254403,1388.52,1433.413,7,10
1938-11-13,1938,0,,chi,wsh,1561.696,1589.68,0.5530696617326439,0.44693033826735606,1589.992,1561.384,31,7
1938-11-13,1938,0,,bkn,phi,1433.413,1388.52,0.653077628211676,0.34692237178832397,1452.871,1369.063,32,14
1938-11-13,1938,0,,det,gb,1624.696,1643.818,0.5656426650494865,0.43435733495051354,1588.983,1679.531,7,28
1938-11-13,1938,0,,nyg,lar,1542.477,1402.044,0.7654091165968449,0.23459088340315515,1556.927,1387.594,28,0
1938-11-20,1938,0,,ari,det,1394.055,1588.983,0.321273450498861,0.678726549501139,1384.29,1598.747,3,7
1938-11-20,1938,0,,nyg,gb,1556.927,1679.531,0.4178525178469197,0.5821474821530803,1587.593,1648.865,15,3
1938-11-20,1938,0,,phi,pit,1369.063,1359.65,0.6054809472552483,0.39451905274475174,1384.933,1343.779,14,7
1938-11-20,1938,0,,bkn,chi,1452.871,1589.992,0.39767505490704763,0.6023249450929524,1430.196,1612.667,6,24
1938-11-24,1938,0,,det,chi,1598.747,1612.667,0.572984931352278,0.427015068647722,1616.103,1595.311,14,7
1938-11-24,1938,0,,bkn,nyg,1430.196,1587.593,0.37007854104241067,0.6299214589575893,1434.158,1583.631,7,7
1938-11-27,1938,0,,ari,lar,1384.29,1387.594,0.5878660564899988,0.4121339435100012,1406.003,1365.882,31,17
1938-11-27,1938,0,,wsh,pit,1561.384,1343.779,0.8357315062420612,0.16426849375793884,1569.456,1335.707,15,0
1938-12-04,1938,0,,det,phi,1616.103,1384.933,0.8461725224766614,0.15382747752333858,1563.144,1437.892,7,21
1938-12-04,1938,0,,pit,lar,1335.707,1365.882,0.54995003399698,0.45004996600302005,1313.96,1387.629,7,13
1938-12-04,1938,0,,nyg,wsh,1583.631,1569.456,0.6120097342159928,0.3879902657840072,1610.677,1542.409,36,0
1938-12-11,1938,0,c,nyg,gb,1610.677,1648.865,0.5385091544191263,0.4614908455808737,1628.422,1631.121,23,17
1939-09-10,1939,0,,det,ari,1543.763,1439.002,0.7265568256196784,0.2734431743803216,1554.918,1427.847,21,13
1939-09-14,1939,0,,bkn,pit,1457.772,1377.64,0.6975054252687529,0.3024945747312471,1467.941,1367.471,12,7
1939-09-15,1939,0,,chi,lar,1565.207,1426.753,0.7633574034436303,0.23664259655636966,1575.183,1416.777,30,21
1939-09-17,1939,0,,phi,wsh,1460.262,1529.939,0.49326966248367904,0.506730337516321,1439.791,1550.41,0,7
1939-09-17,1939,0,,gb,ari,1589.08,1427.847,0.7862221229399358,0.21377787706006424,1595.32,1421.607,14,10
1939-09-20,1939,0,,bkn,lar,1467.941,1416.777,0.6612106033542553,0.3387893966457447,1483.934,1400.785,23,12
1939-09-24,1939,0,,phi,nyg,1439.791,1587.281,0.38346881352989926,0.6165311864701007,1422.065,1605.007,3,13
1939-09-24,1939,0,,pit,ari,1367.471,1421.607,0.5156294591759301,0.48437054082406994,1342.619,1446.458,0,10
1939-09-24,1939,0,,gb,chi,1595.32,1575.183,0.6201271550557658,0.37987284494423423,1608.426,1562.077,21,16
1939-09-24,1939,0,,det,bkn,1554.918,1483.934,0.6862804281973719,0.3137195718026281,1572.909,1465.944,27,7
1939-10-01,1939,0,,ari,det,1446.458,1572.909,0.41247568074431185,0.5875243192556882,1424.725,1594.642,3,17
1939-10-01,1939,0,,wsh,nyg,1550.41,1605.007,0.5149666479969777,0.48503335200302233,1549.954,1605.463,0,0
1939-10-01,1939,0,,phi,bkn,1422.065,1465.944,0.5303581747262094,0.4696418252737906,1421.139,1466.869,0,0
1939-10-01,1939,0,,gb,lar,1608.426,1400.785,0.827704867244624,0.172295132755376,1582.23,1426.98,24,27
1939-10-02,1939,0,,pit,chi,1342.619,1562.077,0.2912890422879355,0.7087109577120645,1323.586,1581.111,0,32
1939-10-08,1939,0,,lar,chi,1426.98,1581.111,0.37447194834423586,0.6255280516557642,1407.488,1600.603,21,35
1939-10-08,1939,0,,wsh,bkn,1549.954,1466.869,0.7010799496195382,0.29892005038046177,1568.815,1448.008,41,13
1939-10-08,1939,0,,gb,ari,1582.23,1424.725,0.7825930251774784,0.21740697482252158,1590.442,1416.514,27,20
1939-10-08,1939,0,,pit,nyg,1323.586,1605.463,0.22296954232558222,0.7770304576744178,1315.145,1613.904,7,14
1939-10-15,1939,0,,wsh,pit,1568.815,1315.145,0.8622864806528195,0.13771351934718046,1577.077,1306.884,44,14
1939-10-15,1939,0,,det,lar,1594.642,1407.488,0.8102315004266146,0.18976849957338537,1602.124,1400.006,15,7
1939-10-15,1939,0,,chi,ari,1600.603,1416.514,0.807503830758302,0.192496169241698,1613.183,1403.934,44,7
1939-10-15,1939,0,,nyg,phi,1613.904,1421.139,0.8151480646876745,0.18485193531232547,1623.469,1411.574,27,10
1939-10-22,1939,0,,bkn,phi,1448.008,1411.574,0.6419645409336583,0.3580354590663417,1463.769,1395.813,23,14
1939-10-22,1939,0,,pit,wsh,1306.884,1577.077,0.23483904290349705,0.765160957096503,1297.95,1586.01,14,21
1939-10-22,1939,0,,nyg,chi,1623.469,1613.183,0.6066807430620779,0.39331925693792213,1634.014,1602.638,16,13
1939-10-22,1939,0,,gb,det,1590.442,1602.124,0.5761340427326405,0.42386595726735954,1615.237,1577.329,26,7
1939-10-22,1939,0,,ari,lar,1403.934,1400.006,0.5979141270371758,0.40208587296282416,1364.197,1439.743,0,24
1939-10-29,1939,0,,chi,det,1602.638,1577.329,0.6271151209264271,0.37288487907357293,1571.276,1608.691,0,10
1939-10-29,1939,0,,gb,wsh,1615.237,1586.01,0.6323738464853172,0.36762615351468275,1632.143,1569.104,24,14
1939-10-29,1939,0,,lar,pit,1439.743,1297.95,0.7668119164081534,0.23318808359184662,1431.606,1306.087,14,14
1939-10-29,1939,0,,bkn,nyg,1463.769,1634.014,0.3530089797664415,0.6469910202335585,1459.099,1638.684,6,7
1939-11-05,1939,0,,chi,gb,1571.276,1632.143,0.5059475845765987,0.4940524154234013,1584.948,1618.471,30,27
1939-11-05,1939,0,,wsh,phi,1569.104,1395.813,0.7976568156318294,0.20234318436817056,1571.635,1393.282,7,6
1939-11-05,1939,0,,lar,ari,1431.606,1364.197,0.6818328082904603,0.31816719170953967,1447.86,1347.943,14,0
1939-11-05,1939,0,,det,nyg,1608.691,1638.684,0.5502093255001478,0.4497906744998522,1622.943,1624.432,18,14
1939-11-06,1939,0,,bkn,pit,1459.099,1306.087,0.7781603790853918,0.22183962091460818,1465.596,1299.59,17,13
1939-11-12,1939,0,,det,chi,1622.943,1584.948,0.6440272553272361,0.35597274467276385,1590.54,1617.351,13,23
1939-11-12,1939,0,,nyg,ari,1624.432,1347.943,0.8771559034629065,0.1228440965370935,1629.532,1342.843,17,7
1939-11-12,1939,0,,phi,gb,1393.282,1618.471,0.28452571778269814,0.7154742822173019,1382.252,1629.501,16,23
1939-11-12,1939,0,,bkn,wsh,1465.596,1571.635,0.44121328028510665,0.5587867197148934,1433.014,1604.217,0,42
1939-11-19,1939,0,,wsh,ari,1604.217,1342.843,0.8674686058787539,0.13253139412124615,1611.351,1335.708,28,7
1939-11-19,1939,0,,chi,phi,1617.351,1382.252,0.8490934794312632,0.15090652056873677,1624.36,1375.243,27,14
1939-11-19,1939,0,,lar,det,1447.86,1590.54,0.39003573150120724,0.6099642684987927,1479.283,1559.116,14,3
1939-11-19,1939,0,,nyg,pit,1629.532,1299.59,0.9066557793104485,0.0933442206895515,1634.016,1295.106,23,7
1939-11-19,1939,0,,bkn,gb,1433.014,1629.501,0.31931968449215514,0.6806803155078449,1412.722,1649.793,0,28
1939-11-23,1939,0,,phi,pit,1375.243,1295.106,0.6975114980608434,0.30248850193915655,1383.11,1287.238,17,14
1939-11-26,1939,0,,pit,phi,1287.238,1383.11,0.4556881809614615,0.5443118190385385,1315.559,1354.79,24,12
1939-11-26,1939,0,,lar,gb,1479.283,1649.793,0.35266065197792834,0.6473393480220717,1474.618,1654.458,6,7
1939-11-26,1939,0,,wsh,det,1611.351,1559.116,0.6625902948449711,0.3374097051550289,1631.974,1538.493,31,7
1939-11-26,1939,0,,ari,chi,1335.708,1624.36,0.21628568622470845,0.7837143137752915,1321.032,1639.036,7,48
1939-11-26,1939,0,,nyg,bkn,1634.016,1412.722,0.8386260751940102,0.16137392480598978,1642.844,1403.894,28,7
1939-12-03,1939,0,,lar,phi,1474.618,1354.79,0.7434457194075235,0.25655428059247654,1489.46,1339.949,35,13
1939-12-03,1939,0,,det,gb,1538.493,1654.458,0.42717704846591725,0.5728229515340828,1523.532,1669.419,7,12
1939-12-03,1939,0,,nyg,wsh,1642.844,1631.974,0.6074826386605631,0.39251736133943693,1651.181,1623.637,9,7
1939-12-10,1939,0,c,gb,nyg,1669.419,1651.181,0.617548661747142,0.38245133825285804,1693.978,1626.622,27,0
1940-09-08,1940,0,,pit,ari,1378.706,1382.355,0.5873848104043426,0.41261518959565735,1376.041,1385.02,7,7
1940-09-15,1940,0,,pit,nyg,1376.041,1586.081,0.30260632642728674,0.6973936735727133,1382.061,1580.061,10,10
1940-09-15,1940,0,,gb,phi,1630.985,1394.966,0.8497708149487474,0.1502291850512526,1636.481,1389.47,27,20
1940-09-15,1940,0,,wsh,bkn,1584.091,1437.596,0.7716167915030294,0.22838320849697058,1592.757,1428.931,24,17
1940-09-15,1940,0,,ari,det,1385.02,1517.355,0.40429243516587104,0.595707564834129,1387.939,1514.436,0,0
1940-09-22,1940,0,,gb,chi,1636.481,1594.358,0.6494561596920222,0.3505438403079778,1589.16,1641.679,10,41
1940-09-22,1940,0,,lar,phi,1494.64,1389.47,0.727024328064605,0.27297567193539496,1505.774,1378.335,21,13
1940-09-22,1940,0,,det,pit,1514.436,1382.061,0.7569779291962536,0.24302207080374638,1491.379,1405.117,7,10
1940-09-22,1940,0,,wsh,nyg,1592.757,1580.061,0.6099861804004976,0.39001381959950243,1613.16,1559.658,21,7
1940-09-25,1940,0,,ari,chi,1387.939,1641.679,0.25228268209817695,0.747717317901823,1432.236,1597.381,21,7
1940-09-28,1940,0,,phi,nyg,1378.335,1559.658,0.3385843945344971,0.6614156054655029,1365.82,1572.173,14,20
1940-09-29,1940,0,,pit,bkn,1405.117,1428.931,0.5589953349658411,0.4410046650341589,1381.426,1452.623,3,10
1940-09-29,1940,0,,gb,ari,1589.16,1432.236,0.7820234493747182,0.21797655062528176,1602.062,1419.334,31,6
1940-09-29,1940,0,,det,lar,1491.379,1505.774,0.572315783457035,0.42768421654296496,1507.65,1489.504,6,0
1940-10-04,1940,0,,bkn,phi,1452.623,1365.82,0.7055458202903737,0.2944541797096263,1467.161,1351.282,30,17
1940-10-05,1940,0,,det,ari,1507.65,1419.334,0.707351987900521,0.292648012099479,1526.26,1400.724,43,14
1940-10-06,1940,0,,pit,wsh,1381.426,1613.16,0.2769186290026467,0.7230813709973534,1363.747,1630.838,10,40
1940-10-06,1940,0,,lar,chi,1489.504,1597.381,0.43860639592492734,0.5613936040750727,1471.612,1615.274,14,21
1940-10-13,1940,0,,gb,lar,1602.062,1471.612,0.7549336068335089,0.24506639316649115,1615.073,1458.601,31,14
1940-10-13,1940,0,,bkn,pit,1467.161,1363.747,0.7250136285551102,0.2749863714448898,1482.952,1347.956,21,0
1940-10-13,1940,0,,nyg,phi,1572.173,1351.282,0.8383118770814664,0.16168812291853363,1579.036,1344.419,17,7
1940-10-13,1940,0,,chi,det,1615.274,1526.26,0.7081830433743896,0.29181695662561036,1626.616,1514.918,7,0
1940-10-13,1940,0,,wsh,ari,1630.838,1400.724,0.8453796086869951,0.15462039131300487,1636.508,1395.054,28,21
1940-10-20,1940,0,,chi,bkn,1626.616,1482.952,0.7687322394026495,0.23126776059735055,1636.344,1473.224,16,7
1940-10-20,1940,0,,lar,ari,1458.601,1395.054,0.6769906113293163,0.32300938867068374,1474.256,1379.399,26,14
1940-10-20,1940,0,,nyg,pit,1579.036,1347.956,0.8461050744993971,0.1538949255006029,1585.994,1340.998,12,0
1940-10-20,1940,0,,phi,wsh,1344.419,1636.508,0.21295084085762947,0.7870491591423705,1333.261,1647.667,17,34
1940-10-20,1940,0,,gb,det,1615.073,1514.918,0.7212576613958929,0.27874233860410713,1579.162,1550.829,14,23
1940-10-26,1940,0,,phi,bkn,1333.261,1473.224,0.39376301848591383,0.6062369815140862,1312.637,1493.848,7,21
1940-10-27,1940,0,,det,wsh,1550.829,1647.667,0.4543092572670876,0.5456907427329124,1533.4,1665.095,14,20
1940-10-27,1940,0,,gb,pit,1579.162,1340.998,0.8513403174609308,0.14865968253906925,1587.239,1332.92,24,3
1940-10-27,1940,0,,nyg,chi,1585.994,1636.344,0.5210705585667095,0.4789294414332905,1556.27,1666.068,21,37
1940-10-27,1940,0,,ari,lar,1379.399,1474.256,0.45713778199085353,0.5428622180091465,1405.791,1447.863,17,7
1940-11-03,1940,0,,wsh,pit,1665.095,1332.92,0.9077379707569442,0.09226202924305582,1670.304,1327.712,37,10
1940-11-03,1940,0,,chi,gb,1666.068,1587.239,0.6959205061482028,0.3040794938517972,1677.938,1575.369,14,7
1940-11-03,1940,0,,lar,det,1447.863,1533.4,0.4704792552356678,0.5295207447643322,1482.274,1498.99,24,0
1940-11-03,1940,0,,bkn,nyg,1493.848,1556.27,0.5037099721439564,0.4962900278560436,1479.866,1570.252,7,10
1940-11-10,1940,0,,bkn,wsh,1479.866,1670.304,0.32693529944866007,0.6730647005513399,1495.549,1654.621,16,14
1940-11-10,1940,0,,pit,phi,1327.712,1312.637,0.6132392226475761,0.38676077735242387,1339.724,1300.625,7,3
1940-11-10,1940,0,,nyg,lar,1570.252,1482.274,0.7069490587714169,0.2930509412285831,1530.15,1522.376,0,13
1940-11-10,1940,0,,det,chi,1498.99,1677.938,0.3416528044041156,0.6583471955958844,1518.24,1658.688,17,14
1940-11-10,1940,0,,ari,gb,1405.791,1575.369,0.35388640512169567,0.6461135948783043,1384.907,1596.254,7,28
1940-11-17,1940,0,,nyg,gb,1530.15,1596.254,0.49841122163309465,0.5015887783669053,1546.304,1580.1,7,3
1940-11-17,1940,0,,bkn,lar,1495.549,1522.376,0.5547153730169001,0.4452846269830999,1519.82,1498.105,29,14
1940-11-17,1940,0,,phi,det,1300.625,1518.24,0.29348403431637227,0.7065159656836277,1283.658,1535.206,0,21
1940-11-17,1940,0,,wsh,chi,1654.621,1658.688,0.5868015116895866,0.4131984883104134,1667.563,1645.746,7,3
1940-11-24,1940,0,,det,gb,1535.206,1580.1,0.5289026031068484,0.47109739689315155,1494.808,1620.499,7,50
1940-11-24,1940,0,,bkn,ari,1519.82,1384.907,0.7596555007270812,0.2403444992729188,1527.715,1377.011,14,9
1940-11-24,1940,0,,chi,lar,1645.746,1498.105,0.7727772432775343,0.22722275672246572,1658.739,1485.112,47,25
1940-11-24,1940,0,,nyg,wsh,1546.304,1667.563,0.4197370700255051,0.5802629299744949,1578.556,1635.31,21,7
1940-11-28,1940,0,,phi,pit,1283.658,1339.724,0.5128542264981638,0.4871457735018362,1303.836,1319.546,7,0
1940-12-01,1940,0,,chi,ari,1658.739,1377.011,0.8803687554269601,0.11963124457303986,1663.28,1372.47,31,23
1940-12-01,1940,0,,wsh,phi,1635.31,1303.836,0.9073994605415558,0.09260053945844415,1638.573,1300.573,13,6
1940-12-01,1940,0,,nyg,bkn,1578.556,1527.715,0.660793966282263,0.33920603371773705,1547.904,1558.367,6,14
1940-12-01,1940,0,,lar,gb,1485.112,1620.499,0.40006839373014064,0.5999316062698594,1488.16,1617.451,13,13
1940-12-08,1940,0,c,wsh,chi,1638.573,1663.28,0.5577277143497589,0.4422722856502411,1589.668,1712.186,0,73
1941-09-07,1941,0,,lar,pit,1493.773,1381.364,0.735215681240377,0.26478431875962305,1500.567,1374.571,17,14
1941-09-13,1941,0,,phi,nyg,1368.715,1533.603,0.36008354623901573,0.6399164537609843,1346.541,1555.777,0,24
1941-09-14,1941,0,,gb,det,1579.967,1498.205,0.6994814902026307,0.30051850979736927,1597.874,1480.299,23,0
1941-09-16,1941,0,,ari,lar,1416.647,1500.567,0.4727988140696135,0.5272011859303865,1401.557,1515.656,6,10
1941-09-21,1941,0,,bkn,det,1540.578,1480.299,0.6728632630997619,0.32713673690023815,1553.45,1467.426,14,7
1941-09-21,1941,0,,gb,lar,1597.874,1515.656,0.7000329836981771,0.2999670163018229,1614.127,1499.403,24,7
1941-09-21,1941,0,,pit,phi,1374.571,1346.541,0.6307705097695857,0.3692294902304143,1356.31,1364.802,7,10
1941-09-27,1941,0,,ari,det,1401.557,1467.426,0.49874941107922666,0.5012505889207733,1401.596,1467.388,14,14
1941-09-27,1941,0,,phi,bkn,1364.802,1553.45,0.32920672581801674,0.6707932741819833,1349.311,1568.941,13,24
1941-09-28,1941,0,,wsh,nyg,1561.445,1555.777,0.6003197814036608,0.3996802185963392,1535.65,1581.572,10,17
1941-09-28,1941,0,,gb,chi,1614.127,1643.124,0.551627818631444,0.44837218136855606,1589.483,1667.768,17,25
1941-10-05,1941,0,,gb,ari,1589.483,1401.596,0.8108794245482794,0.18912057545172056,1591.834,1399.244,14,13
1941-10-05,1941,0,,wsh,bkn,1535.65,1568.941,0.5455066408221881,0.45449335917781186,1548.072,1556.519,3,0
1941-10-05,1941,0,,lar,chi,1499.403,1667.768,0.3554846039421464,0.6445153960578536,1476.775,1690.396,21,48
1941-10-05,1941,0,,pit,nyg,1356.31,1581.572,0.28444018063110116,0.7155598193688988,1338.641,1599.241,10,37
1941-10-12,1941,0,,pit,wsh,1338.641,1548.072,0.30334666297168156,0.6966533370283184,1329.478,1557.235,20,24
1941-10-12,1941,0,,chi,ari,1690.396,1399.244,0.8859653725492657,0.11403462745073434,1697.954,1391.687,53,7
1941-10-12,1941,0,,gb,bkn,1591.834,1556.519,0.6404826416465763,0.3595173583534237,1613.689,1534.664,30,7
1941-10-12,1941,0,,det,lar,1467.388,1476.775,0.5793569480940169,0.42064305190598306,1487.064,1457.099,17,7
1941-10-12,1941,0,,nyg,phi,1599.241,1349.311,0.8597099269104789,0.14029007308952113,1606.195,1342.357,16,0
1941-10-19,1941,0,,bkn,ari,1534.664,1391.687,0.7680284157607179,0.2319715842392821,1488.724,1437.627,6,20
1941-10-19,1941,0,,nyg,pit,1606.195,1329.478,0.8772972569861057,0.12270274301389428,1612.761,1322.912,28,7
1941-10-19,1941,0,,chi,det,1697.954,1487.064,0.830355732700623,0.16964426729937698,1709.748,1475.27,49,0
1941-10-19,1941,0,,phi,wsh,1342.357,1557.235,0.29676153908221475,0.7032384609177853,1333.414,1566.178,17,21
1941-10-19,1941,0,,lar,gb,1457.099,1613.689,0.37116214592416413,0.6288378540758359,1447.22,1623.568,14,17
1941-10-26,1941,0,,det,gb,1475.27,1623.568,0.38236976708477977,0.6176302329152202,1453.973,1644.866,7,24
1941-10-26,1941,0,,wsh,lar,1566.178,1447.22,0.7424893352154818,0.25751066478451823,1573.827,1439.571,17,13
1941-10-26,1941,0,,phi,ari,1333.414,1437.627,0.4438063581966698,0.5561936418033302,1356.966,1414.076,21,14
1941-10-26,1941,0,,bkn,nyg,1488.724,1612.761,0.41584730129897246,0.5841526987010275,1505.366,1596.118,16,13
1941-10-26,1941,0,,chi,pit,1709.748,1322.912,0.9309244373738995,0.06907556262610048,1713.567,1319.093,34,7
1941-11-02,1941,0,,chi,gb,1713.567,1644.866,0.6834440569833107,0.3165559430166893,1697.578,1660.854,14,16
1941-11-02,1941,0,,wsh,pit,1573.827,1319.093,0.8630121879839614,0.1369878120160386,1581.11,1311.81,23,3
1941-11-02,1941,0,,bkn,phi,1505.366,1356.966,0.7735435200222329,0.22645647997776708,1514.873,1347.459,15,6
1941-11-02,1941,0,,nyg,ari,1596.118,1414.076,0.8056655506491993,0.1943344493508007,1570.955,1439.239,7,10
1941-11-02,1941,0,,lar,det,1439.571,1453.973,0.5723059203453894,0.4276940796546106,1407.844,1485.699,0,14
1941-11-09,1941,0,,chi,lar,1697.578,1407.844,0.8851380908589611,0.11486190914103889,1703.403,1402.019,31,13
1941-11-09,1941,0,,nyg,det,1570.955,1485.699,0.7036923665144088,0.2963076334855912,1582.49,1474.164,20,13
1941-11-09,1941,0,,phi,pit,1347.459,1311.81,0.6409252422189864,0.3590747577810136,1343.161,1316.108,7,7
1941-11-09,1941,0,,bkn,wsh,1514.873,1581.11,0.4982198214219692,0.5017801785780308,1534.412,1561.571,13,7
1941-11-16,1941,0,,det,phi,1474.164,1343.161,0.7555220718875576,0.2444779281124424,1481.389,1335.935,21,17
1941-11-16,1941,0,,chi,wsh,1703.403,1561.571,0.766852057529072,0.23314794247092796,1714.946,1550.028,35,21
1941-11-16,1941,0,,gb,ari,1660.854,1439.239,0.838875989240937,0.16112401075906302,1667.119,1432.975,17,9
1941-11-16,1941,0,,nyg,lar,1582.49,1402.019,0.8042457228785843,0.1957542771214157,1595.112,1389.398,49,14
1941-11-16,1941,0,,pit,bkn,1316.108,1534.412,0.2926623117136838,0.7073376882863163,1347.729,1502.792,14,7
1941-11-23,1941,0,,det,chi,1481.389,1714.946,0.2748222865451117,0.7251777134548882,1466.633,1729.702,7,24
1941-11-23,1941,0,,nyg,wsh,1595.112,1550.028,0.6533266934088501,0.3466733065911499,1608.842,1536.298,20,13
1941-11-23,1941,0,,pit,gb,1347.729,1667.119,0.18779732979818053,0.8122026702018195,1334.696,1680.152,7,54
1941-11-23,1941,0,,lar,ari,1389.398,1432.975,0.53079116251224,0.46920883748776,1367.106,1455.267,0,7
1941-11-30,1941,0,,det,ari,1466.633,1455.267,0.6081632458968478,0.3918367541031522,1488.934,1432.966,21,3
1941-11-30,1941,0,,phi,chi,1335.935,1729.702,0.13095570237404014,0.8690442976259598,1327.77,1737.867,14,49
1941-11-30,1941,0,,bkn,pit,1502.792,1334.696,0.7927871809526841,0.20721281904731592,1515.41,1322.078,35,7
1941-11-30,1941,0,,wsh,gb,1536.298,1680.152,0.3884291294866547,0.6115708705133454,1522.86,1693.589,17,22
1941-12-07,1941,0,,ari,chi,1432.966,1737.867,0.2008514664205325,0.7991485335794675,1424.281,1746.553,24,34
1941-12-07,1941,0,,wsh,phi,1522.86,1327.77,0.8171562544877667,0.18284374551223326,1529.224,1321.406,20,14
1941-12-07,1941,0,,nyg,bkn,1608.842,1515.41,0.7134108661522336,0.2865891338477664,1567.205,1557.047,7,21
1941-12-14,1941,0,d,chi,gb,1746.553,1693.589,0.6635278331262149,0.3364721668737851,1765.686,1674.456,33,14
1941-12-21,1941,0,c,chi,nyg,1765.686,1567.205,0.8200547631113398,0.17994523688866015,1776.509,1556.382,37,9
1942-09-13,1942,0,,pit,phi,1383.052,1382.604,0.593088756052828,0.40691124394717204,1353.737,1411.92,14,24
1942-09-13,1942,0,,ari,lar,1451.187,1413.071,0.6441869235452615,0.3558130764547385,1465.322,1398.935,7,0
1942-09-20,1942,0,,wsh,pit,1521.149,1353.737,0.7921396128767471,0.20786038712325294,1531.331,1343.554,28,14
1942-09-20,1942,0,,ari,det,1465.322,1494.289,0.5516705314172724,0.4483294685827276,1488.604,1471.007,13,0
1942-09-20,1942,0,,lar,phi,1398.935,1411.92,0.574301313830912,0.425698686169088,1418.879,1391.976,24,14
1942-09-27,1942,0,,phi,bkn,1391.976,1539.698,0.38315312330510254,0.6168468766948975,1369.147,1562.527,14,35
1942-09-27,1942,0,,det,lar,1471.007,1418.879,0.6624525784653656,0.33754742153463435,1433.11,1456.776,0,14
1942-09-27,1942,0,,wsh,nyg,1531.331,1539.255,0.5814079555857173,0.41859204441428266,1506.507,1564.079,7,14
1942-09-27,1942,0,,gb,chi,1617.97,1686.006,0.49563095598939916,0.5043690440106008,1589.924,1714.052,28,44
1942-10-04,1942,0,,phi,wsh,1369.147,1506.507,0.3973455578087184,0.6026544421912816,1356.764,1518.89,10,14
1942-10-04,1942,0,,det,bkn,1433.11,1562.527,0.40834433066545095,0.591655669334549,1408.584,1587.053,7,28
1942-10-04,1942,0,,ari,gb,1488.604,1589.924,0.447920888214919,0.552079111785081,1474.421,1604.108,13,17
1942-10-04,1942,0,,pit,nyg,1343.554,1564.079,0.29002268670737136,0.7099773132926286,1364.737,1542.897,13,10
1942-10-04,1942,0,,lar,chi,1456.776,1714.052,0.2484624161736092,0.7515375838263908,1444.401,1726.427,7,21
1942-10-11,1942,0,,bkn,pit,1587.053,1364.737,0.839420664539663,0.16057933546033698,1546.898,1404.891,0,7
1942-10-11,1942,0,,wsh,lar,1518.89,1444.401,0.6906079876886964,0.30939201231130364,1536.322,1426.969,33,14
1942-10-11,1942,0,,nyg,phi,1542.897,1356.764,0.8093261722788342,0.1906738277211658,1552.975,1346.686,35,17
1942-10-11,1942,0,,gb,det,1604.108,1408.584,0.8175292352577345,0.18247076474226553,1615.417,1397.276,38,7
1942-10-11,1942,0,,chi,ari,1726.427,1474.421,0.86114506565655,0.13885493434344998,1734.515,1466.332,41,14
1942-10-18,1942,0,,det,ari,1397.276,1466.332,0.494163211941939,0.505836788058061,1376.762,1486.846,0,7
1942-10-18,1942,0,,phi,pit,1346.686,1404.891,0.5097775444648751,0.4902224555351249,1318.991,1432.587,0,14
1942-10-18,1942,0,,bkn,wsh,1546.898,1536.322,0.6070790168070962,0.3929209831929038,1515.654,1567.566,10,21
1942-10-18,1942,0,,chi,nyg,1734.515,1552.975,0.8052127078356754,0.19478729216432455,1745.01,1542.48,26,7
1942-10-18,1942,0,,gb,lar,1615.417,1426.969,0.811374165036415,0.18862583496358498,1625.195,1417.191,45,28
1942-10-25,1942,0,,pit,wsh,1432.587,1567.566,0.4006322307514112,0.5993677692485888,1411.557,1588.596,0,14
1942-10-25,1942,0,,det,gb,1376.762,1625.195,0.25808891858257405,0.7419110814174259,1362.034,1639.922,7,28
1942-10-25,1942,0,,bkn,nyg,1515.654,1542.48,0.5547167948985982,0.44528320510140185,1536.645,1521.49,17,7
1942-10-25,1942,0,,chi,phi,1745.01,1318.991,0.9440928676311956,0.0559071323688044,1748.178,1315.822,45,14
1942-10-25,1942,0,,lar,ari,1417.191,1486.846,0.49330131731907967,0.5066986826809203,1433.536,1470.501,7,3
1942-11-01,1942,0,,wsh,phi,1588.596,1315.822,0.8748329209026674,0.1251670790973326,1591.604,1312.814,30,27
1942-11-01,1942,0,,bkn,lar,1536.645,1433.536,0.7246634541716835,0.27533654582831646,1491.288,1478.893,0,17
1942-11-01,1942,0,,nyg,pit,1521.49,1411.557,0.7324317121126968,0.26756828788730325,1486.523,1446.524,9,17
1942-11-01,1942,0,,chi,det,1748.178,1362.034,0.9306678435384985,0.06933215646150148,1751.438,1358.774,16,0
1942-11-01,1942,0,,gb,ari,1639.922,1470.501,0.794037364954292,0.205962635045708,1652.824,1457.6,55,24
1942-11-08,1942,0,,det,pit,1358.774,1446.524,0.4673068299310955,0.5326931700689045,1327.625,1477.673,7,35
1942-11-08,1942,0,,lar,gb,1478.893,1652.824,0.34817809834828733,0.6518219016517126,1459.356,1672.36,12,30
1942-11-08,1942,0,,bkn,chi,1491.288,1751.438,0.24538603278551765,0.7546139672144824,1475.134,1767.592,0,35
1942-11-08,1942,0,,phi,nyg,1312.814,1486.523,0.3484681820174078,0.6515318179825922,1294.829,1504.508,0,14
1942-11-08,1942,0,,wsh,ari,1591.604,1457.6,0.7586988356276091,0.2413011643723909,1606.507,1442.697,28,0
1942-11-15,1942,0,,chi,gb,1767.592,1672.36,0.7155246689900792,0.28447533100992084,1785.972,1653.98,38,7
1942-11-15,1942,0,,lar,det,1459.356,1327.625,0.7562953014559946,0.24370469854400545,1472.977,1314.004,27,7
1942-11-15,1942,0,,nyg,wsh,1504.508,1606.507,0.4469545277481239,0.5530454722518761,1486.227,1624.787,7,14
1942-11-15,1942,0,,bkn,phi,1475.134,1294.829,0.8040952389735592,0.19590476102644083,1437.496,1332.467,7,14
1942-11-22,1942,0,,pit,ari,1477.673,1442.697,0.6400331707656953,0.3599668292343047,1497.184,1423.187,19,3
1942-11-22,1942,0,,wsh,bkn,1624.787,1437.496,0.8103527285126024,0.18964727148739757,1635.147,1427.136,23,3
1942-11-22,1942,0,,nyg,gb,1486.227,1653.98,0.35629217719644724,0.6437078228035528,1490.61,1649.597,21,21
1942-11-22,1942,0,,det,chi,1314.004,1785.972,0.08764807693728444,0.9123519230627155,1308.44,1791.536,0,42
1942-11-29,1942,0,,chi,lar,1791.536,1472.977,0.9009605386545251,0.09903946134547492,1798.065,1466.448,47,0
1942-11-29,1942,0,,pit,bkn,1497.184,1427.136,0.685119220685514,0.314880779314486,1512.842,1411.478,13,0
1942-11-29,1942,0,,nyg,ari,1490.61,1423.187,0.681850291077125,0.318149708922875,1506.863,1406.934,21,7
1942-11-29,1942,0,,det,wsh,1308.44,1635.147,0.18145709315682665,0.8185429068431733,1300.121,1643.466,3,15
1942-11-29,1942,0,,phi,gb,1332.467,1649.597,0.18978974271774002,0.81021025728226,1325.386,1656.679,0,7
1942-12-06,1942,0,,nyg,bkn,1506.863,1411.478,0.7157039085597742,0.28429609144022583,1519.571,1398.77,10,0
1942-12-06,1942,0,,ari,chi,1406.934,1798.065,0.13269229474493013,0.8673077052550698,1400.675,1804.324,7,21
1942-12-06,1942,0,,gb,pit,1656.679,1512.842,0.7689092404122735,0.2310907595877265,1662.531,1506.99,24,21
1942-12-13,1942,0,c,wsh,chi,1643.466,1804.324,0.365446199394848,0.634553800605152,1672.622,1775.169,14,6
1943-09-19,1943,0,,det,ari,1368.414,1435.45,0.4970699940084044,0.5029300059915955,1398.058,1405.805,35,17
1943-09-26,1943,0,,det,bkn,1398.058,1434.18,0.5414633430663089,0.45853665693369106,1428.221,1404.017,27,0
1943-09-26,1943,0,,gb,chi,1610.02,1685.113,0.48547908992153016,0.5145209100784698,1610.463,1684.67,21,21
1943-10-02,1943,0,,stg,bkn,1445.792,1404.017,0.6489999578623944,0.3510000421376056,1465.143,1384.666,17,0
1943-10-03,1943,0,,det,chi,1428.221,1684.67,0.24935242058591398,0.750647579414086,1419.294,1693.597,21,27
1943-10-03,1943,0,,ari,gb,1405.805,1610.463,0.3091841850389749,0.6908158149610251,1387.832,1628.436,7,28
1943-10-09,1943,0,,stg,nyg,1465.143,1514.714,0.5221895312003172,0.4778104687996828,1490.842,1489.015,28,14
1943-10-10,1943,0,,gb,det,1628.436,1419.294,0.8289335909542713,0.17106640904572867,1637.84,1409.89,35,14
1943-10-10,1943,0,,chi,ari,1693.597,1387.832,0.8941920490781053,0.10580795092189466,1699.111,1382.319,20,0
1943-10-10,1943,0,,wsh,bkn,1616.748,1384.666,0.8468546315398048,0.15314536846019522,1625.74,1375.674,27,0
1943-10-17,1943,0,,gb,wsh,1637.84,1625.74,0.6091696630209135,0.39083033697908653,1596.227,1667.353,7,33
1943-10-17,1943,0,,chi,stg,1699.111,1490.842,0.8282197984302161,0.1717802015697839,1709.294,1480.658,48,21
1943-10-17,1943,0,,bkn,nyg,1375.674,1489.015,0.43087718342301623,0.5691228165769837,1350.002,1514.687,0,20
1943-10-17,1943,0,,ari,det,1382.319,1409.89,0.5536572463611338,0.4463427536388662,1358.894,1433.314,0,7
1943-10-24,1943,0,,chi,bkn,1709.294,1350.002,0.920005449934225,0.07999455006577505,1712.734,1346.562,33,21
1943-10-24,1943,0,,nyg,stg,1514.687,1480.658,0.6387762693356362,0.36122373066436375,1537.967,1457.379,42,14
1943-10-24,1943,0,,det,gb,1433.314,1596.227,0.36270737841602324,0.6372926215839767,1411.847,1617.695,6,27
1943-10-24,1943,0,,wsh,ari,1667.353,1358.894,0.8956503493077613,0.10434965069223867,1670.824,1355.423,13,7
1943-10-31,1943,0,,bkn,wsh,1346.562,1670.824,0.18355697195982665,0.8164430280401733,1334.53,1682.856,10,48
1943-10-31,1943,0,,nyg,gb,1537.967,1617.695,0.4788173908156204,0.5211826091843796,1512.206,1643.455,21,35
1943-10-31,1943,0,,chi,det,1712.734,1411.847,0.8915057663364768,0.10849423366352318,1718.485,1406.096,35,14
1943-10-31,1943,0,,stg,ari,1457.379,1355.423,0.7233371849132784,0.27666281508672164,1473.276,1339.526,34,13
1943-11-07,1943,0,,chi,gb,1718.485,1643.455,0.6912730090340711,0.3087269909659289,1734.205,1627.735,21,7
1943-11-07,1943,0,,det,nyg,1406.096,1512.206,0.44111251794209616,0.5588874820579038,1407.892,1510.41,0,0
1943-11-07,1943,0,,stg,wsh,1473.276,1682.856,0.3031654352480075,0.6968345647519925,1479.28,1676.853,14,14
1943-11-07,1943,0,,bkn,ari,1334.53,1339.526,0.5855042668040161,0.4144957331959839,1351.311,1322.745,7,0
1943-11-14,1943,0,,nyg,chi,1510.41,1734.205,0.28616209441745366,0.7138379055825463,1489.528,1755.087,7,56
1943-11-14,1943,0,,bkn,stg,1351.311,1479.28,0.41035967483768243,0.5896403251623176,1374.935,1455.656,13,7
1943-11-14,1943,0,,wsh,det,1676.853,1407.892,0.872409616160216,0.12759038383978405,1683.799,1400.945,42,20
1943-11-14,1943,0,,gb,ari,1627.735,1322.745,0.8937692147821239,0.1062307852178761,1633.357,1317.123,35,14
1943-11-21,1943,0,,bkn,gb,1374.935,1633.357,0.2472326286206962,0.7527673713793038,1360.305,1647.987,7,31
1943-11-21,1943,0,,stg,det,1455.656,1400.945,0.6657693376364375,0.33423066236356247,1460.05,1396.551,35,34
1943-11-21,1943,0,,nyg,ari,1489.528,1317.123,0.7968323872241587,0.20316761277584128,1498.641,1308.009,24,13
1943-11-21,1943,0,,wsh,chi,1683.799,1755.087,0.49095182846990953,0.5090481715300905,1711.449,1727.438,21,7
1943-11-28,1943,0,,ari,chi,1308.009,1727.438,0.11504053167794825,0.8849594683220517,1303.085,1732.362,24,35
1943-11-28,1943,0,,nyg,bkn,1498.641,1360.305,0.7632346775425992,0.23676532245740078,1511.17,1347.776,24,7
1943-11-28,1943,0,,wsh,stg,1711.449,1460.05,0.8607267251050533,0.13927327489494667,1658.388,1513.111,14,27
1943-12-05,1943,0,,nyg,wsh,1511.17,1658.388,0.38383905823859743,0.6161609417614026,1531.774,1637.784,14,10
1943-12-05,1943,0,,stg,gb,1513.111,1647.987,0.40077461362962247,0.5992253863703776,1494.483,1666.615,28,38
1943-12-12,1943,0,,wsh,nyg,1637.784,1531.774,0.7279829128595511,0.2720170871404489,1586.968,1582.589,7,31
1943-12-19,1943,0,d,nyg,wsh,1582.589,1586.968,0.5863659719039364,0.41363402809606364,1541.981,1627.577,0,28
1943-12-26,1943,0,c,chi,wsh,1732.362,1627.577,0.7265842723123479,0.2734157276876521,1747.818,1612.121,41,21
1944-09-17,1944,0,,gb,bkn,1612.744,1400.184,0.831705612696395,0.16829438730360502,1618.959,1393.969,14,7
1944-09-24,1944,0,,crp,lar,1435.358,1373.977,0.6742580761256841,0.3257419238743159,1419.64,1389.695,28,30
1944-09-24,1944,0,,gb,chi,1618.959,1666.878,0.5245617495274284,0.4754382504725716,1644.511,1641.326,42,28
1944-09-26,1944,0,,byk,phi,1300.0,1497.988,0.31744458161294187,0.6825554183870581,1281.494,1516.494,7,28
1944-10-01,1944,0,,gb,det,1644.511,1432.701,0.8311004419259264,0.16889955807407364,1653.785,1423.426,27,6
1944-10-08,1944,0,,det,bkn,1423.426,1393.969,0.6326815891161076,0.3673184108838924,1436.047,1381.348,19,14
1944-10-08,1944,0,,lar,chi,1389.695,1641.326,0.25457967611148313,0.7454203238885169,1431.479,1599.542,19,7
1944-10-08,1944,0,,byk,nyg,1281.494,1529.654,0.25838994499755397,0.741610055002446,1269.258,1541.89,10,22
1944-10-08,1944,0,,phi,wsh,1516.494,1576.414,0.5073101867396731,0.4926898132603269,1516.271,1576.637,31,31
1944-10-08,1944,0,,gb,crp,1653.785,1419.64,0.8483884619639764,0.15161153803602356,1662.68,1410.745,34,7
1944-10-15,1944,0,,bkn,nyg,1381.348,1541.89,0.36586812984597694,0.6341318701540231,1366.765,1556.473,7,14
1944-10-15,1944,0,,chi,crp,1599.542,1410.745,0.8116814432290909,0.18831855677090914,1610.795,1399.493,34,7
1944-10-15,1944,0,,byk,wsh,1269.258,1576.637,0.19857163414245313,0.8014283658575468,1261.819,1584.076,14,21
1944-10-15,1944,0,,det,lar,1436.047,1431.479,0.5987995202232805,0.40120047977671947,1418.903,1448.623,17,20
1944-10-22,1944,0,,nyg,crp,1556.473,1399.493,0.7820783950848551,0.2179216049151449,1569.055,1386.911,23,0
1944-10-22,1944,0,,wsh,bkn,1584.076,1366.765,0.8354990341592013,0.16450096584079865,1588.118,1362.723,17,14
1944-10-22,1944,0,,chi,det,1610.795,1418.903,0.814389630528311,0.18561036947168896,1601.206,1428.491,21,21
1944-10-22,1944,0,,phi,byk,1516.271,1261.819,0.8628201621908377,0.13717983780916232,1525.048,1253.042,38,0
1944-10-22,1944,0,,gb,lar,1662.68,1448.623,0.8329083601470255,0.16709163985297448,1669.508,1441.794,30,21
1944-10-29,1944,0,,nyg,phi,1569.055,1525.048,0.651921183724445,0.34807881627555504,1540.529,1553.574,17,24
1944-10-29,1944,0,,wsh,crp,1588.118,1386.911,0.8223587509291348,0.1776412490708652,1598.056,1376.974,42,20
1944-10-29,1944,0,,bkn,byk,1362.723,1253.042,0.7321473286106585,0.26785267138934155,1340.673,1275.092,14,17
1944-10-29,1944,0,,chi,lar,1601.206,1441.794,0.7844549678773702,0.21554503212262976,1609.341,1433.66,28,21
1944-10-29,1944,0,,det,gb,1428.491,1669.508,0.26634717470893593,0.7336528252910641,1415.134,1682.865,0,14
1944-11-05,1944,0,,bkn,phi,1340.673,1553.574,0.29914206858181464,0.7008579314181853,1325.491,1568.756,7,21
1944-11-05,1944,0,,chi,gb,1609.341,1682.865,0.4877354385771711,0.512264561422829,1641.133,1651.074,21,0
1944-11-05,1944,0,,crp,det,1376.974,1415.134,0.5385492103854408,0.4614507896145592,1343.269,1448.839,6,27
1944-11-05,1944,0,,nyg,byk,1540.529,1275.092,0.870134474916205,0.129865525083795,1548.355,1267.266,31,0
1944-11-05,1944,0,,wsh,lar,1598.056,1433.66,0.7892664657105064,0.2107335342894936,1604.198,1427.517,14,10
1944-11-12,1944,0,,bkn,wsh,1325.491,1604.198,0.22614705628080076,0.7738529437191992,1315.606,1614.084,0,10
1944-11-12,1944,0,,chi,byk,1641.133,1267.266,0.9259665799733218,0.07403342002667823,1644.476,1263.923,21,7
1944-11-12,1944,0,,det,crp,1448.839,1343.269,0.7274810600421528,0.27251893995784715,1462.537,1329.571,21,7
1944-11-12,1944,0,,lar,gb,1427.517,1651.074,0.28644203866653284,0.7135579613334672,1408.368,1670.223,7,42
1944-11-12,1944,0,,phi,nyg,1568.756,1548.355,0.6204850860135789,0.3795149139864211,1565.081,1552.03,21,21
1944-11-19,1944,0,,crp,lar,1329.571,1408.368,0.4801549514406925,0.5198450485593076,1297.771,1440.168,6,33
1944-11-19,1944,0,,wsh,phi,1614.084,1565.081,0.6584184048752691,0.34158159512473085,1566.392,1612.772,7,37
1944-11-19,1944,0,,nyg,gb,1552.03,1670.223,0.4240416855074116,0.5759583144925884,1590.027,1632.225,24,0
1944-11-19,1944,0,,det,chi,1462.537,1644.476,0.33779074489972777,0.6622092551002723,1505.123,1601.89,41,21
1944-11-19,1944,0,,byk,bkn,1263.923,1315.606,0.5191553238312581,0.48084467616874194,1283.801,1295.729,13,6
1944-11-26,1944,0,,nyg,bkn,1590.027,1295.729,0.8877822727262306,0.11221772727376944,1594.039,1291.717,7,0
1944-11-26,1944,0,,wsh,byk,1566.392,1283.801,0.8808909771966855,0.11910902280331448,1570.67,1279.523,14,7
1944-11-26,1944,0,,crp,gb,1297.771,1632.225,0.17492717522979837,0.8250728247702016,1289.13,1640.867,20,35
1944-11-26,1944,0,,phi,chi,1612.772,1601.89,0.6074991099068152,0.3925008900931848,1573.874,1640.788,7,28
1944-11-26,1944,0,,lar,det,1440.168,1505.123,0.500064760205378,0.49993523979462196,1414.515,1530.776,14,26
1944-12-03,1944,0,,crp,chi,1289.13,1640.788,0.16109055693635235,0.8389094430636477,1278.409,1651.509,7,49
1944-12-03,1944,0,,phi,bkn,1573.874,1291.717,0.8806286003625828,0.11937139963741716,1581.206,1284.386,34,0
1944-12-03,1944,0,,nyg,wsh,1594.039,1570.67,0.6244999992602784,0.37550000073972156,1604.048,1560.661,16,13
1944-12-03,1944,0,,det,byk,1530.776,1279.523,0.8606259453523407,0.13937405464765928,1539.223,1271.076,38,7
1944-12-10,1944,0,,wsh,nyg,1560.661,1604.048,0.5310635483329758,0.46893645166702425,1523.485,1641.224,0,31
1944-12-10,1944,0,,phi,lar,1581.206,1414.515,0.7914554008517262,0.20854459914827383,1591.164,1404.556,26,13
1944-12-17,1944,0,c,nyg,gb,1641.224,1640.867,0.5929623296913468,0.40703767030865323,1615.808,1666.283,7,14
1945-09-23,1945,0,,ari,det,1353.939,1527.815,0.34824995544351406,0.6517500445564859,1338.025,1543.729,0,10
1945-09-25,1945,0,,byk,pit,1349.051,1353.939,0.5856551380517064,0.41434486194829356,1373.985,1329.005,28,7
1945-09-30,1945,0,,gb,chi,1612.522,1602.672,0.6060816922293313,0.3939183077706687,1630.792,1584.402,31,21
1945-09-30,1945,0,,lar,ari,1438.037,1338.025,0.721092136167463,0.27890786383253696,1454.077,1321.986,21,0
1945-10-07,1945,0,,pit,nyg,1329.005,1578.872,0.2565114627186847,0.7434885372813154,1313.069,1594.808,6,34
1945-10-07,1945,0,,byk,wsh,1373.985,1517.323,0.3891349716753812,0.6108650283246189,1401.82,1489.488,28,20
1945-10-07,1945,0,,gb,det,1630.792,1543.729,0.7058566613114382,0.2941433386885618,1650.661,1523.86,57,21
1945-10-07,1945,0,,phi,ari,1562.443,1321.986,0.8530031192196593,0.14699688078034068,1569.6,1314.829,21,6
1945-10-07,1945,0,,lar,chi,1454.077,1584.402,0.4070821308574815,0.5929178691425185,1489.401,1549.078,17,0
1945-10-14,1945,0,,chi,ari,1549.078,1314.829,0.8484654503932426,0.15153454960675738,1503.853,1360.053,7,16
1945-10-14,1945,0,,det,phi,1523.86,1569.6,0.5276890109969083,0.47231098900309165,1538.931,1554.529,28,24
1945-10-14,1945,0,,pit,wsh,1313.069,1489.488,0.3449348085436099,0.6550651914563901,1295.288,1507.27,0,14
1945-10-14,1945,0,,gb,lar,1650.661,1489.401,0.7862482450443464,0.21375175495565357,1604.405,1535.657,14,27
1945-10-14,1945,0,,byk,nyg,1401.82,1594.808,0.3237134529918781,0.6762865470081219,1407.197,1589.432,13,13
1945-10-21,1945,0,,nyg,pit,1589.432,1295.288,0.8876939253514412,0.1123060746485588,1531.973,1352.746,7,21
1945-10-21,1945,0,,wsh,phi,1507.27,1554.529,0.5255091843081676,0.4744908156918324,1529.843,1531.955,24,14
1945-10-21,1945,0,,gb,byk,1604.405,1407.197,0.8189708732983637,0.1810291267016363,1614.818,1396.784,38,14
1945-10-21,1945,0,,chi,lar,1503.853,1535.657,0.5476280403165559,0.4523719596834441,1469.997,1569.513,21,41
1945-10-21,1945,0,,det,ari,1538.931,1360.053,0.8027980121488694,0.19720198785113063,1550.633,1348.352,26,0
1945-10-28,1945,0,,det,chi,1550.633,1469.997,0.6981172151979402,0.30188278480205977,1561.652,1458.978,16,10
1945-10-28,1945,0,,pit,byk,1352.746,1396.784,0.530130192550755,0.469869807449245,1335.518,1414.012,6,10
1945-10-28,1945,0,,gb,ari,1614.818,1348.352,0.8708023556691422,0.12919764433085779,1621.545,1341.624,33,14
1945-10-28,1945,0,,nyg,wsh,1531.973,1529.843,0.5954233234617744,0.4045766765382256,1502.519,1559.297,14,24
1945-10-28,1945,0,,phi,lar,1531.955,1569.513,0.5394102924200562,0.4605897075799438,1556.594,1544.875,28,14
1945-11-04,1945,0,,chi,gb,1458.978,1621.545,0.36316789545928513,0.6368321045407148,1480.428,1600.095,28,24
1945-11-04,1945,0,,pit,phi,1335.518,1556.594,0.28937001584026945,0.7106299841597306,1315.192,1576.92,3,45
1945-11-04,1945,0,,nyg,lar,1502.519,1544.875,0.5325412729732734,0.46745872702672664,1485.199,1562.195,17,21
1945-11-04,1945,0,,byk,det,1414.012,1561.652,0.3832646922269195,0.6167353077730805,1408.891,1566.773,9,10
1945-11-04,1945,0,,wsh,ari,1559.297,1341.624,0.8357852376949304,0.1642147623050696,1563.332,1337.59,24,21
1945-11-11,1945,0,,phi,nyg,1576.92,1485.199,0.7113928926735072,0.28860710732649275,1593.575,1468.544,38,17
1945-11-11,1945,0,,lar,gb,1562.195,1600.095,0.5389211348058962,0.4610788651941038,1586.235,1576.055,20,7
1945-11-11,1945,0,,wsh,byk,1563.332,1408.891,0.77957715484904,0.22042284515096,1576.689,1395.534,34,7
1945-11-11,1945,0,,pit,ari,1315.192,1337.59,0.5610037761632665,0.43899622383673353,1342.565,1310.217,23,0
1945-11-11,1945,0,,chi,det,1480.428,1566.773,0.46932066435636655,0.5306793356436335,1461.097,1586.104,28,35
1945-11-18,1945,0,,ari,lar,1310.217,1586.235,0.22886745184892238,0.7711325481510776,1298.906,1597.546,21,35
1945-11-18,1945,0,,wsh,chi,1576.689,1461.097,0.7387672444948282,0.2612327555051718,1586.73,1451.057,28,21
1945-11-18,1945,0,,nyg,det,1468.544,1586.104,0.42493186739109495,0.5750681326089051,1504.965,1549.682,35,14
1945-11-18,1945,0,,byk,gb,1395.534,1576.055,0.33961904683462885,0.6603809531653712,1373.803,1597.786,0,28
1945-11-18,1945,0,,phi,pit,1593.575,1342.565,0.8604580736846157,0.1395419263153843,1601.43,1334.71,30,6
1945-11-22,1945,0,,det,lar,1549.682,1597.546,0.5246407092737286,0.47535929072627137,1527.692,1619.536,21,28
1945-11-25,1945,0,,chi,pit,1451.057,1334.71,0.7396051340745888,0.26039486592541117,1465.929,1319.838,28,7
1945-11-25,1945,0,,phi,wsh,1601.43,1586.73,0.6127271102141572,0.38727288978584284,1622.607,1565.552,16,0
1945-11-25,1945,0,,nyg,gb,1504.965,1597.786,0.46004771810456596,0.5399522818954341,1484.043,1618.707,14,23
1945-12-02,1945,0,,ari,chi,1298.906,1465.929,0.3572565286469771,0.6427434713530229,1283.902,1480.933,20,28
1945-12-02,1945,0,,wsh,pit,1565.552,1319.838,0.8567572109766805,0.14324278902331955,1573.633,1311.758,24,0
1945-12-02,1945,0,,nyg,phi,1484.043,1622.607,0.3956870852452031,0.604312914754797,1510.046,1596.605,28,21
1945-12-02,1945,0,,det,gb,1527.692,1618.707,0.46263121660612,0.5373687833938801,1554.718,1591.681,14,3
1945-12-02,1945,0,,lar,byk,1619.536,1373.803,0.8567706331514375,0.14322936684856247,1626.16,1367.179,20,7
1945-12-09,1945,0,,phi,byk,1596.605,1367.179,0.8448612187494683,0.1551387812505317,1605.82,1357.964,35,7
1945-12-09,1945,0,,wsh,nyg,1573.633,1510.046,0.6770409609009191,0.32295903909908086,1591.271,1492.407,17,0
1945-12-16,1945,0,c,lar,wsh,1626.16,1591.271,0.63991778018355,0.36008221981645006,1630.935,1586.496,15,14
1946-09-06,1946,0,,cle,msa,1300.0,1300.0,0.5924662305843318,0.4075337694156682,1330.136,1269.864,44,0
1946-09-08,1946,0,,bba,bda,1300.0,1300.0,0.5924662305843318,0.4075337694156682,1267.777,1332.223,14,27
1946-09-08,1946,0,,sf,naa,1300.0,1300.0,0.5924662305843318,0.4075337694156682,1266.934,1333.066,7,21
1946-09-13,1946,0,,lda,bda,1300.0,1332.223,0.547030453844363,0.452969546155637,1317.37,1314.853,20,14
1946-09-13,1946,0,,cra,cle,1300.0,1330.136,0.5500055987513617,0.4499944012486383,1269.732,1360.405,6,20
1946-09-14,1946,0,,naa,bba,1333.066,1267.777,0.6791795212823538,0.3208204787176462,1348.118,1252.724,21,10
1946-09-15,1946,0,,sf,msa,1266.934,1269.864,0.5883875654257138,0.4116124345742862,1283.583,1253.215,21,14
1946-09-20,1946,0,,pit,ari,1376.172,1357.602,0.6179999390221965,0.3820000609778035,1391.477,1342.296,14,7
1946-09-20,1946,0,,lda,msa,1317.37,1253.215,0.6777554814272387,0.32224451857276126,1334.617,1235.968,30,14
1946-09-20,1946,0,,cra,naa,1269.732,1348.118,0.4807455236839881,0.5192544763160118,1270.319,1347.531,17,17
1946-09-22,1946,0,,bba,cle,1252.724,1360.405,0.4388842291802047,0.5611157708197954,1223.73,1389.4,0,28
1946-09-22,1946,0,,sf,bda,1283.583,1314.853,0.5483894429740881,0.4516105570259119,1310.233,1288.204,32,13
1946-09-25,1946,0,,cra,bba,1270.319,1223.73,0.6552862769419899,0.34471372305801007,1279.415,1214.633,38,35
1946-09-29,1946,0,,gb,chi,1562.787,1488.955,0.6897993119205245,0.31020068807947554,1515.99,1535.753,7,30
1946-09-29,1946,0,,cra,sf,1279.415,1310.233,0.5490337492798901,0.4509662507201099,1305.085,1284.562,24,7
1946-09-29,1946,0,,lar,phi,1588.957,1572.213,0.6155154142258904,0.3844845857741096,1557.187,1603.984,14,25
1946-09-29,1946,0,,wsh,pit,1559.331,1391.477,0.7925582410974816,0.20744175890251837,1550.408,1400.4,14,14
1946-09-29,1946,0,,cle,naa,1389.4,1347.531,0.6491232116755198,0.3508767883244802,1408.743,1328.187,24,7
1946-09-29,1946,0,,bba,lda,1214.633,1334.617,0.4215257061513035,0.5784742938486964,1217.027,1332.224,21,21
1946-09-30,1946,0,,ari,det,1342.296,1538.145,0.3201184752867753,0.6798815247132247,1386.312,1494.129,34,14
1946-10-01,1946,0,,byk,nyg,1406.976,1496.605,0.4646152706294413,0.5353847293705587,1380.415,1523.166,0,17
1946-10-04,1946,0,,bba,naa,1217.027,1328.187,0.43395854174136517,0.5660414582586348,1198.349,1346.865,13,21
1946-10-05,1946,0,,cra,lda,1305.085,1332.224,0.5542717023072451,0.4457282976927549,1276.154,1361.155,9,21
1946-10-06,1946,0,,gb,lar,1515.99,1557.187,0.5342017764482083,0.4657982235517917,1498.606,1574.57,17,21
1946-10-06,1946,0,,pit,nyg,1400.4,1523.166,0.41762569152067974,0.5823743084793203,1389.117,1534.448,14,17
1946-10-06,1946,0,,cle,bda,1408.743,1288.204,0.7442255867127617,0.25577441328723827,1422.876,1274.071,26,7
1946-10-06,1946,0,,phi,byk,1603.984,1380.415,0.8403905317278837,0.1596094682721163,1613.068,1371.331,49,25
1946-10-06,1946,0,,ari,chi,1386.312,1535.753,0.3808171067555771,0.6191828932444229,1365.112,1556.953,17,34
1946-10-06,1946,0,,wsh,det,1550.408,1494.129,0.6677748232952236,0.33222517670477636,1554.773,1489.764,17,16
1946-10-08,1946,0,,msa,sf,1235.968,1284.562,0.5235925992778837,0.4764074007221163,1200.811,1319.719,7,34
1946-10-11,1946,0,,bda,cra,1274.071,1276.154,0.5895678944852037,0.41043210551479625,1271.339,1278.885,21,21
1946-10-11,1946,0,,bba,msa,1198.349,1200.811,0.5890398691511154,0.4109601308488846,1181.539,1217.621,14,17
1946-10-12,1946,0,,naa,cle,1346.865,1422.876,0.4841592003361135,0.5158407996638865,1326.83,1442.911,0,7
1946-10-12,1946,0,,lda,sf,1361.155,1319.719,0.6485552924081207,0.3514447075918793,1329.77,1351.104,14,23
1946-10-13,1946,0,,wsh,nyg,1554.773,1534.448,0.6203820587013784,0.3796179412986216,1572.299,1516.922,24,14
1946-10-13,1946,0,,pit,byk,1389.117,1371.331,0.6169339463274228,0.3830660536725772,1406.118,1354.33,16,7
1946-10-13,1946,0,,det,ari,1489.764,1365.112,0.7487063490968875,0.2512936509031125,1438.383,1416.492,14,36
1946-10-13,1946,0,,phi,gb,1613.068,1498.606,0.7375099329254913,0.2624900670745087,1571.874,1539.8,7,19
1946-10-13,1946,0,,chi,lar,1556.953,1574.57,0.5677699804873656,0.4322300195126344,1554.886,1576.637,28,28
1946-10-18,1946,0,,cra,msa,1278.885,1217.621,0.6741101338379307,0.3258898661620693,1297.939,1198.567,28,7
1946-10-19,1946,0,,bba,sf,1181.539,1351.104,0.35390351616760224,0.6460964838323977,1200.347,1332.297,17,14
1946-10-19,1946,0,,naa,bda,1326.83,1271.339,0.6667677191256267,0.3332322808743733,1342.531,1255.638,21,10
1946-10-20,1946,0,,byk,wsh,1354.33,1572.299,0.29306167454924575,0.7069383254507542,1342.289,1584.34,6,14
1946-10-20,1946,0,,lar,det,1576.637,1438.383,0.7631493675907655,0.23685063240923454,1590.041,1424.979,35,14
1946-10-20,1946,0,,nyg,ari,1516.922,1416.492,0.7215758096844176,0.2784241903155824,1525.258,1408.157,28,24
1946-10-20,1946,0,,gb,pit,1539.8,1406.118,0.7583593287454712,0.24164067125452882,1550.429,1395.49,17,7
1946-10-20,1946,0,,cle,lda,1442.911,1329.77,0.7360351698618938,0.26396483013810623,1457.027,1315.654,31,14
1946-10-20,1946,0,,chi,phi,1554.886,1571.874,0.5686583357229099,0.4313416642770901,1572.442,1554.318,21,14
1946-10-25,1946,0,,bda,msa,1255.638,1198.567,0.6687854962453259,0.3312145037546741,1275.584,1178.622,30,7
1946-10-27,1946,0,,gb,det,1550.429,1424.979,0.7495696356414969,0.2504303643585031,1556.819,1418.589,10,7
1946-10-27,1946,0,,bba,cra,1200.347,1297.939,0.4532334402347671,0.5467665597652329,1239.157,1259.128,49,17
1946-10-27,1946,0,,nyg,chi,1525.258,1572.442,0.5256168358593889,0.4743831641406111,1550.745,1546.955,14,0
1946-10-27,1946,0,,byk,pit,1342.289,1395.49,0.5169736012359996,0.48302639876400044,1308.028,1429.751,7,33
1946-10-27,1946,0,,ari,lar,1408.157,1590.041,0.3378615694262724,0.6621384305737277,1453.176,1545.022,34,10
1946-10-27,1946,0,,wsh,phi,1584.34,1554.318,0.633437106190646,0.36656289380935403,1563.03,1575.628,24,28
1946-10-27,1946,0,,lda,naa,1315.654,1342.531,0.5546442777904625,0.44535572220953745,1285.084,1373.101,17,31
1946-10-27,1946,0,,cle,sf,1457.027,1332.297,0.7487908176061707,0.2512091823938293,1412.644,1376.68,20,34
1946-11-02,1946,0,,sf,bba,1376.68,1239.157,0.7623879240586325,0.23761207594136746,1388.164,1227.673,27,14
1946-11-02,1946,0,,cra,bda,1259.128,1275.584,0.5694093505368844,0.43059064946311565,1234.913,1299.799,14,21
1946-11-03,1946,0,,pit,wsh,1429.751,1563.03,0.4029843695110306,0.5970156304889693,1455.375,1537.406,14,7
1946-11-03,1946,0,,byk,ari,1308.028,1453.176,0.3866611152064589,0.613338884793541,1287.822,1473.382,14,28
1946-11-03,1946,0,,lda,cle,1285.084,1412.644,0.4109294746812348,0.5890705253187651,1293.489,1404.239,17,16
1946-11-03,1946,0,,det,lar,1418.589,1545.022,0.41250079130075273,0.5874992086992472,1393.781,1569.831,20,41
1946-11-03,1946,0,,phi,nyg,1575.628,1550.745,0.6265415032544333,0.37345849674556675,1592.835,1533.537,24,14
1946-11-03,1946,0,,naa,msa,1373.101,1178.622,0.8166301567864283,0.18336984321357175,1377.649,1174.074,24,21
1946-11-03,1946,0,,chi,gb,1546.955,1556.819,0.5786876364408821,0.42131236355911794,1558.351,1545.423,10,7
1946-11-10,1946,0,,det,pit,1393.781,1455.375,0.5049014710010069,0.4950985289989931,1417.488,1431.668,17,7
1946-11-10,1946,0,,wsh,byk,1537.406,1287.822,0.8594695339222357,0.14053046607776432,1540.815,1284.413,17,14
1946-11-10,1946,0,,nyg,phi,1533.537,1592.835,0.5082051009759829,0.4917948990240171,1566.572,1559.8,45,17
1946-11-10,1946,0,,naa,lda,1377.649,1293.489,0.7023751748764773,0.29762482512352273,1387.637,1283.501,17,12
1946-11-10,1946,0,,ari,gb,1473.382,1545.423,0.4898685734147438,0.5101314265852561,1448.332,1570.473,7,19
1946-11-10,1946,0,,bda,bba,1299.799,1227.673,0.687694045854027,0.31230595414597295,1279.465,1248.007,14,17
1946-11-10,1946,0,,lar,chi,1569.831,1558.351,0.6083196164772224,0.39168038352277756,1545.303,1582.878,21,27
1946-11-10,1946,0,,sf,cle,1388.164,1404.239,0.569947005403075,0.43005299459692503,1363.921,1428.482,7,14
1946-11-11,1946,0,,msa,cra,1174.074,1234.913,0.505987874075439,0.494012125924561,1147.317,1261.67,7,20
1946-11-17,1946,0,,chi,wsh,1582.878,1540.815,0.6493775236687042,0.35062247633129584,1593.641,1530.052,24,20
1946-11-17,1946,0,,naa,sf,1387.637,1363.921,0.6249682941535648,0.3750317058464352,1392.634,1358.924,10,9
1946-11-17,1946,0,,pit,phi,1431.668,1559.8,0.4101326577243453,0.5898673422756546,1448.506,1542.963,10,7
1946-11-17,1946,0,,nyg,byk,1566.572,1284.413,0.880629810617517,0.119370189382483,1554.963,1296.022,28,28
1946-11-17,1946,0,,det,gb,1417.488,1570.473,0.3760185006262624,0.6239814993737376,1400.838,1587.123,0,9
1946-11-17,1946,0,,bda,lda,1279.465,1283.501,0.586844779070891,0.41315522092910895,1257.836,1305.13,14,19
1946-11-17,1946,0,,cle,cra,1428.482,1261.67,0.7915703427295283,0.2084296572704717,1442.2,1247.952,51,14
1946-11-17,1946,0,,lar,ari,1545.303,1448.332,0.7175578914533164,0.2824421085466836,1552.597,1441.038,17,14
1946-11-18,1946,0,,msa,bba,1147.317,1248.007,0.4488178634125057,0.5511821365874943,1170.618,1224.706,21,14
1946-11-24,1946,0,,cle,bba,1442.2,1224.706,0.8356437672003425,0.1643562327996575,1451.691,1215.215,42,17
1946-11-24,1946,0,,phi,wsh,1542.963,1530.052,0.6102805784851438,0.38971942151485617,1506.389,1566.626,10,27
1946-11-24,1946,0,,bda,sf,1257.836,1358.924,0.4482511637889154,0.5517488362110846,1232.846,1383.914,14,30
1946-11-24,1946,0,,nyg,pit,1554.963,1448.506,0.7284921565493783,0.27150784345062173,1565.439,1438.03,7,0
1946-11-24,1946,0,,chi,det,1593.641,1400.838,0.8151810233713165,0.18481897662868352,1605.588,1388.89,42,6
1946-11-24,1946,0,,gb,ari,1587.123,1441.038,0.7712006091236894,0.22879939087631063,1536.888,1491.273,6,24
1946-11-24,1946,0,,naa,cra,1392.634,1247.952,0.7697724206957609,0.2302275793042391,1351.829,1288.758,28,38
1946-11-24,1946,0,,byk,lar,1296.022,1552.597,0.24921668398996194,0.7507833160100381,1345.295,1503.323,40,21
1946-11-25,1946,0,,msa,lda,1170.618,1305.13,0.4012779260349938,0.5987220739650062,1150.087,1325.661,21,34
1946-11-28,1946,0,,bda,naa,1232.846,1351.829,0.42293140771581417,0.5770685922841858,1210.488,1374.186,7,21
1946-11-28,1946,0,,det,byk,1388.89,1345.295,0.6513828124201627,0.3486171875798373,1344.778,1389.407,10,34
1946-11-30,1946,0,,sf,cra,1383.914,1288.758,0.715435609653183,0.284564390346817,1398.28,1274.391,14,0
1946-12-01,1946,0,,nyg,lar,1565.439,1503.323,0.6751866621048671,0.3248133378951329,1531.072,1537.69,21,31
1946-12-01,1946,0,,wsh,gb,1566.626,1536.888,0.6330574235930618,0.36694257640693817,1531.709,1571.805,7,20
1946-12-01,1946,0,,phi,pit,1506.389,1438.03,0.6830179761692504,0.3169820238307496,1514.675,1429.744,10,7
1946-12-01,1946,0,,chi,ari,1605.588,1491.273,0.7373460849620826,0.26265391503791735,1572.201,1524.66,28,35
1946-12-01,1946,0,,lda,bba,1325.661,1215.215,0.7330100431964048,0.26698995680359516,1344.908,1195.968,62,14
1946-12-03,1946,0,,msa,cle,1150.087,1451.691,0.20391509989337522,0.7960849001066248,1136.995,1464.783,0,34
1946-12-08,1946,0,,sf,lda,1398.28,1344.908,0.6640519850505396,0.33594801494946036,1422.111,1321.077,48,7
1946-12-08,1946,0,,lar,gb,1537.69,1571.805,0.5443303805414788,0.45566961945852125,1565.47,1544.025,38,17
1946-12-08,1946,0,,det,chi,1344.778,1572.201,0.28191507955472167,0.7180849204452784,1328.548,1588.431,24,45
1946-12-08,1946,0,,bda,cle,1210.488,1464.783,0.2516804975347617,0.7483195024652383,1192.086,1483.184,14,66
1946-12-08,1946,0,,nyg,wsh,1531.072,1531.709,0.591580566316775,0.408419433683225,1558.577,1504.204,31,0
1946-12-08,1946,0,,byk,phi,1389.407,1514.675,0.4141269651856367,0.5858730348143633,1362.837,1541.245,14,40
1946-12-09,1946,0,,msa,naa,1136.995,1374.186,0.27067293416459154,0.7293270658354085,1119.595,1391.586,0,31
1946-12-13,1946,0,,msa,bda,1119.595,1192.086,0.4892212546024255,0.5107787453975745,1145.067,1166.615,31,20
1946-12-15,1946,0,c,nyg,chi,1558.577,1588.431,0.5504073374594204,0.4495926625405796,1531.752,1615.256,14,24
1946-12-15,1946,0,,lda,cra,1321.077,1274.391,0.6554123956203866,0.34458760437961344,1316.337,1279.131,17,17
1946-12-22,1946,0,c,cle,naa,1483.184,1391.586,0.7112475000601767,0.2887524999398233,1492.844,1381.926,14,9
1947-08-29,1947,0,,cra,lda,1354.421,1379.225,0.5575899764770865,0.4424100235229135,1338.673,1394.972,21,24
1947-08-31,1947,0,,sf,bda,1449.741,1279.41,0.7948927409463395,0.20510725905366045,1460.24,1268.911,23,7
1947-08-31,1947,0,,bba,naa,1298.979,1422.951,0.41593819692786405,0.584061803072136,1318.297,1403.633,28,24
1947-09-05,1947,0,,cle,bba,1496.896,1318.297,0.802543628825336,0.19745637117466397,1506.969,1308.224,30,14
1947-09-05,1947,0,,naa,cra,1403.633,1338.673,0.6787667157293924,0.3212332842706076,1422.654,1319.652,48,26
1947-09-07,1947,0,,sf,lda,1460.24,1394.972,0.6791531803548141,0.3208468196451859,1468.638,1386.574,17,14
1947-09-07,1947,0,,bcl,bda,1300.0,1268.911,0.6348621064901221,0.3651378935098779,1316.112,1252.799,16,7
1947-09-12,1947,0,,bda,cle,1252.799,1506.969,0.25181604141872643,0.7481839585812735,1234.751,1525.018,7,55
1947-09-12,1947,0,,lda,naa,1386.574,1422.654,0.5415233696673795,0.45847663033262054,1355.48,1453.747,14,30
1947-09-14,1947,0,,sf,bcl,1468.638,1316.112,0.7776770554778015,0.22232294452219847,1477.053,1307.697,14,7
1947-09-14,1947,0,,bba,cra,1308.224,1319.652,0.576491063163314,0.423508936836686,1326.392,1301.484,28,20
1947-09-19,1947,0,,cra,bba,1301.484,1326.392,0.5574422889177469,0.44255771108225306,1268.662,1359.215,14,31
1947-09-19,1947,0,,lda,bda,1355.48,1234.751,0.7444337264287543,0.25556627357124573,1371.186,1219.045,48,21
1947-09-21,1947,0,,cle,bcl,1525.018,1307.697,0.8355069457116993,0.16449305428830074,1534.836,1297.879,28,0
1947-09-21,1947,0,,sf,naa,1477.053,1453.747,0.6244149524096952,0.37558504759030475,1453.741,1477.059,16,21
1947-09-21,1947,0,,pit,det,1454.829,1387.366,0.6819002390724734,0.31809976092752656,1467.307,1374.888,17,10
1947-09-26,1947,0,,cra,cle,1268.662,1534.836,0.23902167559204537,0.7609783244079547,1255.327,1548.171,21,41
1947-09-28,1947,0,,bcl,naa,1297.879,1477.059,0.3413524792103908,0.6586475207896092,1280.304,1494.635,7,21
1947-09-28,1947,0,,ari,det,1518.106,1374.888,0.7682754876238559,0.2317245123761441,1531.734,1361.26,45,21
1947-09-28,1947,0,,gb,chi,1531.017,1578.504,0.5251819090729476,0.4748180909270524,1552.711,1556.811,29,20
1947-09-28,1947,0,,bba,sf,1359.215,1453.741,0.4576106672357596,0.5423893327642404,1333.112,1479.844,24,41
1947-09-28,1947,0,,phi,wsh,1529.163,1504.47,0.6262855494696213,0.37371445053037866,1539.119,1494.514,45,42
1947-09-29,1947,0,,pit,lar,1467.307,1545.313,0.48129159945949035,0.5187084005405096,1431.541,1581.08,7,48
1947-09-29,1947,0,,byk,nyg,1410.225,1522.835,0.43190937014483205,0.568090629855168,1412.301,1520.758,7,7
1947-10-03,1947,0,,cra,bda,1255.327,1219.045,0.6417634047117354,0.35823659528826457,1233.672,1240.699,31,35
1947-10-05,1947,0,,bcl,sf,1280.304,1479.844,0.3155119787012836,0.6844880212987163,1285.93,1474.217,28,28
1947-10-05,1947,0,,wsh,pit,1494.514,1431.541,0.6762676433844185,0.32373235661558153,1498.755,1427.299,27,26
1947-10-05,1947,0,,cle,naa,1548.171,1494.635,0.6642625598596211,0.3357374401403789,1562.842,1479.964,26,17
1947-10-05,1947,0,,byk,det,1412.301,1361.26,0.661051975304594,0.33894802469540597,1374.505,1399.057,7,21
1947-10-05,1947,0,,ari,chi,1531.734,1556.811,0.5572022749799379,0.4427977250200621,1559.733,1528.813,31,7
1947-10-05,1947,0,,lda,bba,1371.186,1333.112,0.6441315051513772,0.3558684948486228,1356.337,1347.96,25,27
1947-10-05,1947,0,,phi,nyg,1539.119,1520.758,0.6177158755083687,0.3822841244916313,1562.53,1497.347,23,0
1947-10-05,1947,0,,gb,lar,1552.711,1581.08,0.5525217797684984,0.44747822023150163,1564.914,1568.876,17,14
1947-10-12,1947,0,,wsh,nyg,1498.755,1497.347,0.5944217305837027,0.40557826941629727,1516.056,1480.046,28,20
1947-10-12,1947,0,,det,lar,1399.057,1568.876,0.35356926046112197,0.646430739538878,1380.778,1587.155,13,27
1947-10-12,1947,0,,gb,ari,1564.914,1559.733,0.5996469568390479,0.4003530431609521,1544.976,1579.67,10,14
1947-10-12,1947,0,,sf,cra,1474.217,1233.672,0.8530666259048867,0.1469333740951133,1481.205,1226.685,42,28
1947-10-12,1947,0,,bba,bcl,1347.96,1285.93,0.6750780821853325,0.3249219178146675,1358.968,1274.922,20,15
1947-10-12,1947,0,,naa,bda,1479.964,1240.699,0.8521406527724593,0.14785934722754068,1488.326,1232.337,31,7
1947-10-12,1947,0,,cle,lda,1562.842,1356.337,0.8267702954361424,0.17322970456385756,1536.691,1382.487,10,13
1947-10-12,1947,0,,chi,phi,1528.813,1562.53,0.5448985882500639,0.4551014117499361,1560.46,1530.883,40,7
1947-10-12,1947,0,,byk,pit,1374.505,1427.299,0.5175586227956289,0.4824413772043711,1345.014,1456.79,14,30
1947-10-17,1947,0,,bda,bba,1232.337,1358.968,0.4122246002497671,0.5877753997502329,1235.014,1356.291,14,14
1947-10-19,1947,0,,pit,phi,1456.79,1530.883,0.48691710804683064,0.5130828919531694,1482.395,1505.278,35,24
1947-10-19,1947,0,,lar,ari,1587.155,1579.67,0.6028267362641919,0.3971732637358081,1610.568,1556.258,27,7
1947-10-19,1947,0,,gb,wsh,1544.976,1516.056,0.6319629088958626,0.3680370911041374,1565.38,1495.652,27,10
1947-10-19,1947,0,,bcl,lda,1274.922,1382.487,0.4390486791677253,0.5609513208322747,1245.915,1411.494,10,38
1947-10-19,1947,0,,chi,det,1560.46,1380.778,0.8035296907452729,0.19647030925472708,1568.602,1372.636,33,24
1947-10-19,1947,0,,cle,cra,1536.691,1226.685,0.8964797132730531,0.10352028672694691,1539.144,1224.233,31,28
1947-10-19,1947,0,,nyg,byk,1480.046,1345.014,0.7597805485903019,0.24021945140969814,1434.78,1390.28,0,14
1947-10-24,1947,0,,cra,naa,1224.233,1488.326,0.24120738291598603,0.758792617084014,1210.558,1502.001,7,28
1947-10-26,1947,0,,lda,bcl,1411.494,1245.915,0.7903968898024282,0.20960311019757183,1426.835,1230.574,56,0
1947-10-26,1947,0,,ari,byk,1556.258,1390.28,0.7907771507912635,0.20922284920873646,1567.787,1378.751,27,7
1947-10-26,1947,0,,bba,bda,1356.291,1235.014,0.7450334218485337,0.2549665781514663,1372.122,1219.183,35,7
1947-10-26,1947,0,,phi,lar,1505.278,1610.568,0.442276545451491,0.557723454548509,1528.906,1586.94,14,7
1947-10-26,1947,0,,gb,det,1565.38,1372.636,0.8151298487286479,0.1848701512713521,1574.946,1363.07,34,17
1947-10-26,1947,0,,nyg,pit,1434.78,1482.395,0.5249981661077011,0.4750018338922989,1404.189,1512.986,21,38
1947-10-26,1947,0,,sf,cle,1481.205,1539.144,0.5101601970477933,0.48983980295220675,1459.92,1560.429,7,14
1947-10-26,1947,0,,wsh,chi,1495.652,1568.602,0.4885610266673959,0.5114389733326041,1460.496,1603.758,20,56
1947-10-31,1947,0,,bda,cra,1219.183,1210.558,0.6043968768701605,0.3956031231298395,1231.505,1198.237,7,3
1947-11-02,1947,0,,ari,lar,1567.787,1586.94,0.565598820885141,0.434401179114859,1585.484,1569.243,17,10
1947-11-02,1947,0,,wsh,phi,1460.496,1528.906,0.4950927730900933,0.5049072269099066,1428.672,1560.729,14,38
1947-11-02,1947,0,,lda,sf,1426.835,1459.92,0.5458006270700582,0.45419937292994184,1400.274,1486.48,16,26
1947-11-02,1947,0,,gb,pit,1574.946,1512.986,0.6749896892843864,0.3250103107156136,1565.016,1522.916,17,18
1947-11-02,1947,0,,det,nyg,1363.07,1404.189,0.5343135005261901,0.4656864994738099,1394.095,1373.164,35,7
1947-11-02,1947,0,,bba,cle,1372.122,1560.429,0.32964034946865983,0.6703596505313402,1352.825,1579.726,7,28
1947-11-02,1947,0,,byk,chi,1378.751,1603.758,0.2847390422416112,0.7152609577583888,1370.207,1612.302,24,28
1947-11-02,1947,0,,naa,bcl,1502.001,1230.574,0.8739813899600143,0.1260186100399857,1507.921,1224.654,35,21
1947-11-07,1947,0,,cra,bcl,1198.237,1224.654,0.5552982691530002,0.4447017308469998,1215.246,1207.646,27,21
1947-11-09,1947,0,,pit,wsh,1522.916,1428.672,0.7143655891152884,0.28563441088471164,1533.994,1417.595,21,14
1947-11-09,1947,0,,det,ari,1394.095,1585.484,0.3257318094303385,0.6742681905696615,1379.322,1600.257,7,17
1947-11-09,1947,0,,naa,sf,1507.921,1486.48,0.6218938387955614,0.37810616120443863,1523.908,1470.493,24,16
1947-11-09,1947,0,,nyg,phi,1373.164,1560.729,0.33058489588767764,0.6694151041123224,1355.062,1578.831,24,41
1947-11-09,1947,0,,bba,lda,1352.825,1400.274,0.5252364564553995,0.4747635435446005,1383.517,1369.583,25,0
1947-11-09,1947,0,,chi,gb,1612.302,1565.016,0.6561920242192404,0.3438079757807596,1621.371,1555.946,20,17
1947-11-09,1947,0,,lar,byk,1569.243,1370.207,0.8205257270700362,0.17947427292996376,1522.902,1416.547,16,27
1947-11-09,1947,0,,cle,bda,1579.726,1231.505,0.9151879084367188,0.08481209156328118,1580.716,1230.515,13,12
1947-11-16,1947,0,,phi,byk,1578.831,1416.547,0.7872372343577163,0.2127627656422837,1592.316,1403.062,32,0
1947-11-16,1947,0,,det,wsh,1379.322,1417.595,0.5383875529060886,0.46161244709391136,1405.687,1391.23,38,21
1947-11-16,1947,0,,cle,sf,1580.716,1470.493,0.732758741584963,0.267241258415037,1596.449,1454.76,37,14
1947-11-16,1947,0,,pit,nyg,1533.994,1355.062,0.8028472190657645,0.1971527809342355,1544.253,1344.803,24,7
1947-11-16,1947,0,,naa,lda,1523.908,1369.583,0.7794623895842427,0.22053761041575726,1529.468,1364.022,16,13
1947-11-16,1947,0,,ari,gb,1600.257,1555.946,0.6523181799814749,0.3476818200185251,1604.849,1551.355,21,20
1947-11-16,1947,0,,bda,bcl,1230.515,1207.646,0.6238248132440141,0.37617518675598594,1245.559,1192.602,21,14
1947-11-16,1947,0,,lar,chi,1522.902,1621.371,0.45198267518988705,0.548017324810113,1495.793,1648.48,21,41
1947-11-21,1947,0,,cra,sf,1215.246,1454.76,0.2680412374514319,0.7319587625485682,1199.063,1470.942,16,41
1947-11-23,1947,0,,wsh,ari,1391.23,1604.849,0.29827625056569895,0.701723749434301,1439.679,1556.401,45,21
1947-11-23,1947,0,,naa,cle,1529.468,1596.449,0.49714914272570054,0.5028508572742995,1529.555,1596.362,28,28
1947-11-23,1947,0,,bcl,bba,1192.602,1383.517,0.32633137014687874,0.6736686298531213,1174.108,1402.01,14,33
1947-11-23,1947,0,,nyg,gb,1344.803,1551.355,0.3068603336711485,0.6931396663288515,1350.693,1545.464,24,24
1947-11-23,1947,0,,lar,det,1495.793,1405.687,0.7094804167676758,0.2905195832323242,1509.281,1392.199,28,17
1947-11-23,1947,0,,chi,pit,1648.48,1544.253,0.7259456924653217,0.2740543075346783,1667.623,1525.11,49,7
1947-11-23,1947,0,,byk,phi,1403.062,1592.316,0.32843683949321123,0.6715631605067888,1432.663,1562.715,21,14
1947-11-23,1947,0,,bda,lda,1245.559,1364.022,0.42366213663154856,0.5763378633684515,1232.245,1377.336,12,16
1947-11-27,1947,0,,lda,cle,1377.336,1596.362,0.29180268127624964,0.7081973187237504,1364.257,1609.441,17,27
1947-11-27,1947,0,,bda,sf,1232.245,1470.942,0.26896495504487544,0.7310350449551246,1218.744,1484.444,7,21
1947-11-27,1947,0,,det,chi,1392.199,1667.623,0.22947148059306022,0.7705285194069398,1379.446,1680.376,14,34
1947-11-30,1947,0,,lar,gb,1509.281,1545.464,0.5413761594314255,0.4586238405685745,1475.879,1578.866,10,30
1947-11-30,1947,0,,nyg,ari,1350.693,1556.401,0.3078946812705115,0.6921053187294886,1374.494,1532.601,35,31
1947-11-30,1947,0,,bcl,cra,1174.108,1199.063,0.5573755421673485,0.4426244578326515,1192.187,1180.984,14,7
1947-11-30,1947,0,,naa,bba,1529.555,1402.01,0.7518266186514625,0.2481733813485375,1543.866,1387.7,35,13
1947-11-30,1947,0,,byk,wsh,1432.663,1439.679,0.5826794888933259,0.4173205111066741,1443.937,1428.405,27,24
1947-11-30,1947,0,,phi,pit,1562.715,1525.11,0.6435124043214169,0.3564875956785831,1583.771,1504.054,21,0
1947-12-07,1947,0,,pit,byk,1504.054,1443.937,0.6726579593741578,0.32734204062584216,1518.908,1429.083,17,7
1947-12-07,1947,0,,lda,cra,1364.257,1180.984,0.806772625172652,0.19322737482734798,1374.83,1170.411,34,14
1947-12-07,1947,0,,phi,ari,1583.771,1532.601,0.6612183403818962,0.3387816596181038,1538.831,1577.541,21,45
1947-12-07,1947,0,,bda,naa,1218.744,1543.866,0.18281622442917844,0.8171837755708216,1214.211,1548.399,17,20
1947-12-07,1947,0,,bcl,cle,1192.187,1609.441,0.11632133308558519,0.8836786669144148,1184.645,1616.983,0,42
1947-12-07,1947,0,,det,gb,1379.446,1578.866,0.3156611804731331,0.6843388195268669,1361.056,1597.257,14,35
1947-12-07,1947,0,,nyg,wsh,1374.494,1428.405,0.5159529372186817,0.48404706278131826,1405.877,1397.022,35,10
1947-12-07,1947,0,,chi,lar,1680.376,1475.879,0.8251085470175261,0.17489145298247388,1654.306,1501.949,14,17
1947-12-07,1947,0,,sf,bba,1484.444,1387.7,0.7172929857159258,0.2827070142840742,1477.817,1394.327,21,21
1947-12-14,1947,0,,lar,nyg,1501.949,1405.877,0.7165078896483345,0.28349211035166555,1518.955,1388.871,34,10
1947-12-14,1947,0,,wsh,byk,1397.022,1429.083,0.5472615177675852,0.45273848223241475,1426.749,1399.355,40,13
1947-12-14,1947,0,c,naa,cle,1548.399,1616.983,0.4948423923328297,0.5051576076671703,1523.846,1641.536,3,14
1947-12-14,1947,0,,chi,ari,1654.306,1577.541,0.6934003980776636,0.3065996019223364,1620.174,1611.673,21,30
1947-12-14,1947,0,,phi,gb,1538.831,1597.257,0.5094596176078819,0.49054038239211806,1565.32,1570.768,28,14
1947-12-21,1947,0,d,pit,phi,1518.908,1565.32,0.5267247889681731,0.4732752110318269,1486.068,1598.16,0,21
1947-12-28,1947,0,c,ari,phi,1611.673,1598.16,0.6111044650333187,0.3888955349666813,1627.289,1582.543,28,21
1948-08-27,1948,0,,cra,lda,1281.941,1418.22,0.39883661473860127,0.6011633852613987,1265.874,1434.287,0,7
1948-08-27,1948,0,,bda,naa,1311.141,1517.564,0.3070183016951328,0.6929816983048672,1294.153,1534.552,3,21
1948-08-29,1948,0,,sf,bba,1486.878,1431.218,0.6669838384223267,0.33301616157767333,1506.395,1411.701,35,14
1948-09-03,1948,0,,cle,lda,1596.024,1434.287,0.7867093523095013,0.21329064769049866,1602.953,1427.357,19,14
1948-09-05,1948,0,,sf,bda,1506.395,1294.153,0.8314492317498173,0.16855076825018267,1514.877,1285.671,36,20
1948-09-05,1948,0,,bcl,naa,1291.43,1534.552,0.2639860804418975,0.7360139195581026,1337.725,1488.256,45,28
1948-09-06,1948,0,,bba,cra,1411.701,1265.874,0.7709384454519491,0.22906155454805088,1426.682,1250.893,42,7
1948-09-10,1948,0,,lda,bda,1427.357,1285.671,0.7667017609437043,0.23329823905629565,1437.585,1275.443,17,7
1948-09-10,1948,0,,cra,bcl,1250.893,1337.725,0.46862251413952277,0.5313774858604772,1273.214,1315.404,21,14
1948-09-12,1948,0,,sf,naa,1514.877,1488.256,0.6288795035726825,0.3711204964273175,1541.51,1461.623,41,0
1948-09-12,1948,0,,bba,cle,1426.682,1602.953,0.3451273376122034,0.6548726623877966,1404.336,1625.3,13,42
1948-09-16,1948,0,,naa,bcl,1461.623,1315.404,0.7713366883587556,0.22866331164124443,1416.587,1360.44,14,27
1948-09-17,1948,0,,cra,cle,1273.214,1625.3,0.16075788058392734,0.8392421194160726,1264.423,1634.091,7,28
1948-09-17,1948,0,,byk,gb,1434.57,1548.845,0.429559231250466,0.570440768749534,1405.448,1577.968,0,31
1948-09-19,1948,0,,sf,lda,1541.51,1437.585,0.7255996942022156,0.2744003057977844,1557.491,1421.604,36,14
1948-09-22,1948,0,,lar,det,1514.303,1409.037,0.7271339873280025,0.2728660126719975,1532.728,1390.612,44,7
1948-09-23,1948,0,,byk,nyg,1405.448,1427.581,0.5613794298392846,0.43862057016071543,1370.586,1462.443,7,27
1948-09-24,1948,0,,ari,phi,1586.526,1556.696,0.6331804374751726,0.3668195625248274,1601.151,1542.07,21,14
1948-09-26,1948,0,,gb,chi,1577.968,1581.783,0.5871531947324955,0.4128468052675045,1533.716,1626.035,7,45
1948-09-26,1948,0,,cle,cra,1634.091,1264.423,0.924292415598391,0.07570758440160896,1637.233,1261.281,21,10
1948-09-26,1948,0,,bba,sf,1404.336,1557.491,0.3757889212763243,0.6242110787236756,1387.008,1574.818,28,38
1948-09-26,1948,0,,wsh,pit,1452.833,1492.378,0.536567284300125,0.463432715699875,1465.535,1479.676,17,14
1948-09-26,1948,0,,bcl,bda,1360.44,1275.443,0.7033814004683049,0.2966185995316951,1375.838,1260.045,35,20
1948-09-29,1948,0,,lda,naa,1421.604,1416.587,0.5994202946188956,0.40057970538110443,1440.223,1397.969,20,10
1948-10-01,1948,0,,cra,sf,1261.281,1574.818,0.1929905774297453,0.8070094225702547,1251.257,1584.842,14,31
1948-10-03,1948,0,,bba,bda,1387.008,1260.045,0.7512009884092938,0.24879901159070617,1397.982,1249.071,31,21
1948-10-03,1948,0,,lar,phi,1532.728,1542.07,0.5794200756855974,0.4205799243144026,1530.306,1544.493,28,28
1948-10-03,1948,0,,wsh,nyg,1465.535,1462.443,0.5967566204947097,0.4032433795052903,1492.646,1435.331,41,10
1948-10-03,1948,0,,gb,det,1533.716,1390.612,0.7681586383676599,0.23184136163234015,1544.581,1379.746,33,21
1948-10-03,1948,0,,pit,byk,1479.676,1370.586,0.731479630178518,0.268520369821482,1491.61,1358.653,24,14
1948-10-04,1948,0,,ari,chi,1601.151,1626.035,0.5574763715647361,0.44252362843526394,1572.931,1654.255,17,28
1948-10-05,1948,0,,bcl,cle,1375.838,1637.233,0.24406136764356764,0.7559386323564323,1368.626,1644.445,10,14
1948-10-08,1948,0,,lda,cra,1440.223,1251.257,0.8118301016230823,0.18816989837691767,1450.652,1240.828,49,28
1948-10-09,1948,0,,det,byk,1379.746,1358.653,0.6214226761354762,0.3785773238645238,1361.815,1376.584,14,17
1948-10-10,1948,0,,chi,lar,1654.255,1530.306,0.747944198520115,0.25205580147988504,1668.605,1515.956,42,21
1948-10-10,1948,0,,pit,wsh,1491.61,1492.646,0.5910255061511814,0.40897449384881857,1502.628,1481.628,10,7
1948-10-10,1948,0,,cle,bda,1644.445,1249.071,0.934018742098534,0.06598125790146603,1647.325,1246.191,30,17
1948-10-10,1948,0,,bba,naa,1397.982,1397.969,0.5924842991320594,0.40751570086794064,1389.518,1406.432,13,14
1948-10-10,1948,0,,phi,nyg,1544.493,1435.331,0.7315610304768441,0.26843896952315593,1563.54,1416.284,45,0
1948-10-10,1948,0,,gb,ari,1544.581,1572.931,0.5525488211021812,0.4474511788978188,1517.633,1599.879,7,17
1948-10-10,1948,0,,bcl,sf,1368.626,1584.842,0.29515666635939425,0.7048433336406057,1347.851,1605.617,14,56
1948-10-15,1948,0,,bda,cra,1246.191,1240.828,0.5998984466976277,0.4001015533023723,1267.189,1219.83,21,7
1948-10-15,1948,0,,lda,bcl,1450.652,1347.851,0.724309555001003,0.275690444998997,1407.171,1391.332,14,29
1948-10-17,1948,0,,byk,pit,1376.584,1502.628,0.41304356936833136,0.5869564306316686,1400.079,1479.133,13,7
1948-10-17,1948,0,,wsh,phi,1481.628,1563.54,0.4756808799056466,0.5243191200943533,1445.481,1599.686,0,45
1948-10-17,1948,0,,naa,sf,1406.432,1605.617,0.31595347733892326,0.6840465226610768,1390.304,1621.746,7,21
1948-10-17,1948,0,,cle,bba,1647.325,1389.518,0.8650900941813164,0.13490990581868356,1654.126,1382.717,31,14
1948-10-17,1948,0,,nyg,ari,1416.284,1599.879,0.3356617005370318,0.6643382994629682,1394.835,1621.328,35,63
1948-10-17,1948,0,,gb,lar,1517.633,1515.956,0.5947949925608605,0.40520500743913945,1539.918,1493.671,16,0
1948-10-17,1948,0,,chi,det,1668.605,1361.815,0.8947490019777089,0.1052509980222911,1674.668,1355.751,28,0
1948-10-24,1948,0,,phi,chi,1599.686,1674.668,0.4856386985072043,0.5143613014927957,1618.203,1656.152,12,7
1948-10-24,1948,0,,cra,bda,1219.83,1267.189,0.525365645219723,0.47463435478027705,1187.089,1299.93,14,35
1948-10-24,1948,0,,det,lar,1355.751,1493.671,0.39657387934460764,0.6034261206553924,1339.787,1509.635,27,34
1948-10-24,1948,0,,ari,byk,1621.328,1400.079,0.8385910155074424,0.16140898449255758,1630.285,1391.122,49,27
1948-10-24,1948,0,,cle,naa,1654.126,1390.304,0.8690803251130355,0.13091967488696454,1661.796,1382.633,35,7
1948-10-24,1948,0,,nyg,pit,1394.835,1479.133,0.4722564706457149,0.5277435293542851,1416.977,1456.991,34,27
1948-10-24,1948,0,,gb,wsh,1539.918,1445.481,0.7145922312205203,0.2854077687794797,1496.263,1489.137,7,23
1948-10-24,1948,0,,lda,bba,1407.171,1382.717,0.6259634861431235,0.37403651385687653,1371.831,1418.057,21,35
1948-10-24,1948,0,,sf,bcl,1621.746,1391.332,0.8456052072987439,0.1543947927012561,1628.51,1384.567,21,10
1948-10-31,1948,0,,bba,bcl,1418.057,1384.567,0.6380600332424439,0.36193996675755613,1438.458,1364.166,35,17
1948-10-31,1948,0,,pit,phi,1456.991,1618.203,0.36497377572972267,0.6350262242702773,1433.686,1641.507,7,34
1948-10-31,1948,0,,chi,nyg,1656.152,1416.977,0.8520753641500568,0.1479246358499432,1664.186,1408.943,35,14
1948-10-31,1948,0,,bda,lda,1299.93,1371.831,0.4900699685211199,0.5099300314788802,1271.689,1400.073,0,17
1948-10-31,1948,0,,naa,cra,1382.633,1187.089,0.8175464090577279,0.1824535909422721,1394.325,1175.397,42,7
1948-10-31,1948,0,,wsh,byk,1489.137,1391.122,0.7187742842102646,0.28122571578973543,1508.321,1371.938,59,21
1948-10-31,1948,0,,det,gb,1339.787,1496.263,0.37131532505729564,0.6286846749427044,1360.902,1475.148,24,20
1948-10-31,1948,0,,lar,ari,1509.635,1630.285,0.42059114680757165,0.5794088531924284,1494.935,1644.985,22,27
1948-11-07,1948,0,,bda,bba,1271.689,1438.458,0.3575923419034083,0.6424076580965917,1259.441,1450.706,21,26
1948-11-07,1948,0,,byk,wsh,1371.938,1508.321,0.3986930822334921,0.6013069177665079,1350.057,1530.203,7,23
1948-11-07,1948,0,,naa,lda,1394.325,1400.073,0.584453312662651,0.415546687337349,1422.622,1371.775,38,6
1948-11-07,1948,0,,nyg,phi,1408.943,1641.507,0.27596295524045794,0.7240370447595421,1393.09,1657.36,14,35
1948-11-07,1948,0,,pit,gb,1433.686,1475.148,0.5338221754881365,0.4661778245118635,1465.657,1443.177,38,7
1948-11-07,1948,0,,ari,det,1644.985,1360.902,0.8817891714626995,0.11821082853730047,1652.353,1353.534,56,20
1948-11-07,1948,0,,sf,cra,1628.51,1175.397,0.9517771605368598,0.04822283946314021,1630.991,1172.916,44,21
1948-11-07,1948,0,,cle,bcl,1661.796,1364.166,0.8896789661532893,0.11032103384671066,1667.651,1358.311,28,7
1948-11-07,1948,0,,lar,chi,1494.935,1664.186,0.3543169273151766,0.6456830726848234,1476.176,1682.945,6,21
1948-11-14,1948,0,,naa,bda,1422.622,1259.441,0.7881008187378148,0.2118991812621852,1433.02,1249.043,21,7
1948-11-14,1948,0,,cle,sf,1667.651,1630.991,0.6422635063503128,0.3577364936496872,1681.872,1616.771,14,7
1948-11-14,1948,0,,bba,lda,1450.706,1371.775,0.6960447436377881,0.3039552563622119,1419.732,1402.75,20,27
1948-11-14,1948,0,,chi,gb,1682.945,1443.177,0.8525051052082161,0.1474948947917839,1684.741,1441.381,7,6
1948-11-14,1948,0,,wsh,det,1530.203,1353.534,0.8007771413654863,0.19922285863451372,1541.9,1341.837,46,21
1948-11-14,1948,0,,pit,ari,1465.657,1652.353,0.3316928487712954,0.6683071512287047,1447.488,1670.522,7,24
1948-11-14,1948,0,,nyg,lar,1393.09,1476.176,0.47399563834361236,0.5260043616563876,1367.021,1502.246,37,52
1948-11-14,1948,0,,bcl,cra,1358.311,1172.916,0.8086697290737691,0.1913302709262309,1367.615,1163.613,38,24
1948-11-14,1948,0,,phi,byk,1657.36,1350.057,0.8950267776592141,0.10497322234078588,1664.234,1343.182,45,0
1948-11-21,1948,0,,byk,chi,1343.182,1684.741,0.1691024754254618,0.8308975245745382,1332.5,1695.422,17,51
1948-11-21,1948,0,,bcl,lda,1367.615,1402.75,0.5428736463072582,0.4571263536927418,1352.356,1418.008,14,17
1948-11-21,1948,0,,ari,lar,1670.522,1502.246,0.7929573457292112,0.20704265427078883,1675.712,1497.056,27,24
1948-11-21,1948,0,,bda,sf,1249.043,1616.771,0.14897760520418551,0.8510223947958144,1240.719,1625.094,40,63
1948-11-21,1948,0,,det,pit,1341.837,1447.488,0.4417640105219147,0.5582359894780853,1357.606,1431.719,17,14
1948-11-21,1948,0,,phi,wsh,1664.234,1541.9,0.7461875162627395,0.2538124837372605,1678.694,1527.44,42,21
1948-11-21,1948,0,,gb,nyg,1441.381,1367.021,0.6904492984204653,0.3095507015795347,1384.619,1423.783,3,49
1948-11-21,1948,0,,naa,cle,1433.02,1681.872,0.2576273487697527,0.7423726512302473,1420.471,1694.421,21,34
1948-11-25,1948,0,,det,ari,1357.606,1675.712,0.18892732316439775,0.8110726768356022,1348.429,1684.889,14,28
1948-11-25,1948,0,,cra,bba,1163.613,1419.732,0.24970815511121275,0.7502918448887872,1156.217,1427.127,35,39
1948-11-25,1948,0,,lda,cle,1418.008,1694.421,0.22846640231704912,0.7715335976829509,1405.959,1706.47,14,31
1948-11-28,1948,0,,bda,bcl,1240.719,1352.356,0.43328418215037834,0.5667158178496217,1215.733,1377.342,20,38
1948-11-28,1948,0,,naa,bba,1420.471,1427.127,0.5831833178205371,0.4168166821794629,1383.436,1464.162,14,35
1948-11-28,1948,0,,phi,pit,1678.694,1431.719,0.8576457493641578,0.14235425063584217,1685.901,1424.512,17,0
1948-11-28,1948,0,,chi,wsh,1695.422,1527.44,0.7926793565095656,0.20732064349043444,1708.858,1514.004,48,13
1948-11-28,1948,0,,nyg,byk,1423.783,1332.5,0.7108749548129438,0.2891250451870562,1438.404,1317.88,28,14
1948-11-28,1948,0,,lar,gb,1497.056,1384.619,0.7352470577251182,0.2647529422748818,1510.325,1371.35,24,10
1948-11-28,1948,0,,sf,cle,1625.094,1706.47,0.47645047824474424,0.5235495217552557,1611.982,1719.583,28,31
1948-12-04,1948,0,,cra,naa,1156.217,1383.436,0.28215286822920604,0.717847131770794,1139.972,1399.681,7,28
1948-12-05,1948,0,,byk,phi,1317.88,1685.901,0.14876389358018333,0.8512361064198166,1380.628,1623.153,37,14
1948-12-05,1948,0,,det,chi,1348.429,1708.858,0.15438351983657977,0.8456164801634203,1339.263,1718.024,14,42
1948-12-05,1948,0,,bda,cle,1215.733,1719.583,0.07404012884215791,0.9259598711578421,1212.773,1722.543,21,31
1948-12-05,1948,0,,wsh,lar,1514.004,1510.325,0.5975694807888319,0.4024305192111681,1472.464,1551.866,13,41
1948-12-05,1948,0,,ari,gb,1684.889,1371.35,0.898351957733293,0.10164804226670698,1691.105,1365.134,42,7
1948-12-05,1948,0,,pit,nyg,1424.512,1438.404,0.5730243675486487,0.4269756324513513,1444.524,1418.392,38,28
1948-12-05,1948,0,,lda,sf,1405.959,1611.982,0.3075084128096427,0.6924915871903573,1389.254,1628.687,21,38
1948-12-05,1948,0,,bcl,bba,1377.342,1464.162,0.46863971555492595,0.531360284445074,1410.021,1431.483,35,15
1948-12-12,1948,0,d,bcl,bba,1410.021,1431.483,0.562330297804221,0.43766970219577905,1381.51,1459.994,17,28
1948-12-12,1948,0,,nyg,wsh,1418.392,1472.464,0.5157214720527137,0.4842785279472863,1396.837,1494.019,21,28
1948-12-12,1948,0,,lar,pit,1551.866,1444.524,0.7294986247210616,0.27050137527893836,1566.367,1430.023,31,14
1948-12-12,1948,0,,phi,det,1623.153,1339.263,0.8816733152742232,0.11832668472577679,1629.728,1332.688,45,21
1948-12-12,1948,0,,chi,ari,1718.024,1691.105,0.6292797783561314,0.37072022164386864,1699.816,1709.313,21,24
1948-12-19,1948,0,c,phi,ari,1629.728,1709.313,0.4790228185680814,0.5209771814319186,1651.539,1687.501,7,0
1948-12-19,1948,0,c,cle,bba,1722.543,1459.994,0.8682442925793886,0.13175570742061138,1731.17,1451.368,49,7
1949-08-26,1949,0,,cra,bba,1261.648,1469.245,0.30558234236005727,0.6944176576399428,1282.236,1448.657,17,14
1949-08-28,1949,0,,sf,bcl,1587.458,1422.673,0.7896386698498055,0.21036133015019454,1597.774,1412.357,31,17
1949-09-02,1949,0,,lda,bcl,1427.836,1412.357,0.6137906583224279,0.38620934167757215,1453.89,1386.303,49,17
1949-09-04,1949,0,,sf,cra,1597.774,1282.236,0.8993979369208702,0.10060206307912978,1603.921,1276.089,42,7
1949-09-05,1949,0,,bba,cle,1448.657,1655.78,0.3061616552963682,0.6938383447036318,1454.569,1649.868,28,28
1949-09-09,1949,0,,lda,cra,1453.89,1276.089,0.8018146723116474,0.19818532768835262,1434.087,1295.892,21,23
1949-09-11,1949,0,,cle,bcl,1649.868,1386.303,0.8689119062323777,0.13108809376762232,1656.919,1379.252,21,0
1949-09-11,1949,0,,bba,naa,1454.569,1434.788,0.6196442836725305,0.38035571632746945,1436.7,1452.656,14,17
1949-09-16,1949,0,,bcl,cra,1379.252,1295.892,0.7014115940235377,0.2985884059764623,1328.599,1346.545,7,35
1949-09-18,1949,0,,cle,naa,1656.919,1452.656,0.8249140820430563,0.17508591795694373,1664.672,1444.904,14,3
1949-09-18,1949,0,,sf,lda,1603.921,1434.087,0.7944259011075083,0.20557409889249167,1616.43,1421.578,42,14
1949-09-22,1949,0,,naa,lda,1444.904,1421.578,0.6244419522416004,0.3755580477583996,1454.915,1411.567,10,7
1949-09-22,1949,0,,nyy,phi,1300.0,1602.693,0.20289935280424076,0.7971006471957592,1292.384,1610.308,0,7
1949-09-23,1949,0,,lar,det,1545.911,1390.126,0.7809037247750316,0.21909627522496844,1551.432,1384.605,27,24
1949-09-25,1949,0,,gb,chi,1411.756,1634.878,0.2869541248351259,0.713045875164874,1396.28,1650.353,0,17
1949-09-25,1949,0,,bba,sf,1436.7,1616.43,0.34064101007975633,0.6593589899202437,1471.272,1581.859,28,17
1949-09-25,1949,0,,bcl,cle,1328.599,1664.672,0.17358615529101454,0.8264138447089855,1321.807,1671.463,20,28
1949-09-25,1949,0,,pit,nyg,1455.015,1432.891,0.6228178936787704,0.3771821063212296,1477.445,1410.462,28,7
1949-09-26,1949,0,,ari,wsh,1626.668,1497.679,0.7533743128235451,0.24662568717645494,1642.377,1481.97,38,7
1949-09-30,1949,0,,nyy,nyg,1292.384,1410.462,0.424203372455878,0.575796627544122,1265.719,1437.127,14,38
1949-09-30,1949,0,,cra,sf,1346.545,1581.859,0.27281119336183557,0.7271888066381644,1331.634,1596.77,24,42
1949-10-02,1949,0,,bba,bcl,1471.272,1321.807,0.7746156458350879,0.2253843541649121,1435.577,1357.502,28,35
1949-10-02,1949,0,,cle,lda,1671.463,1411.567,0.866487400410753,0.133512599589247,1679.801,1403.229,42,7
1949-10-02,1949,0,,ari,chi,1642.377,1650.353,0.5813351035719405,0.4186648964280595,1613.756,1678.975,7,17
1949-10-02,1949,0,,gb,lar,1396.28,1551.432,0.3730962412444515,0.6269037587555485,1369.488,1578.224,7,48
1949-10-03,1949,0,,pit,wsh,1477.445,1481.97,0.5861621151657795,0.41383788483422046,1445.632,1513.782,14,27
1949-10-03,1949,0,,det,phi,1384.605,1610.308,0.28392377216262416,0.7160762278373758,1372.977,1621.936,14,22
1949-10-07,1949,0,,nyy,gb,1265.719,1369.488,0.4444373451072651,0.5555626548927348,1239.551,1395.655,0,19
1949-10-07,1949,0,,cra,naa,1331.634,1454.915,0.41690483973274406,0.5830951602672559,1309.637,1476.912,24,38
1949-10-08,1949,0,,pit,det,1445.632,1372.977,0.6883476855327997,0.3116523144672003,1457.83,1360.779,14,7
1949-10-08,1949,0,,phi,ari,1621.936,1613.756,0.6037842252999908,0.39621577470000924,1646.923,1588.769,28,3
1949-10-09,1949,0,,lda,bba,1403.229,1435.577,0.5468521499214494,0.45314785007855063,1427.413,1411.393,42,28
1949-10-09,1949,0,,wsh,nyg,1513.782,1437.127,0.6932657633086206,0.30673423669137945,1478.247,1472.663,35,45
1949-10-09,1949,0,,chi,lar,1678.975,1578.224,0.7219468932823772,0.27805310671762284,1635.68,1621.519,16,31
1949-10-09,1949,0,,sf,cle,1596.77,1679.801,0.4740745762583317,0.5259254237416683,1632.481,1644.089,56,28
1949-10-14,1949,0,,lda,cle,1427.413,1644.089,0.29460608315050507,0.7053939168494949,1406.075,1665.427,14,61
1949-10-16,1949,0,,gb,ari,1395.655,1588.769,0.3235546852772494,0.6764453147227506,1376.482,1607.942,17,39
1949-10-16,1949,0,,bcl,naa,1357.502,1476.912,0.4223316187572104,0.5776683812427896,1346.076,1488.339,21,24
1949-10-16,1949,0,,wsh,nyy,1478.247,1239.551,0.8517274827028793,0.14827251729712065,1486.634,1231.164,38,14
1949-10-16,1949,0,,chi,phi,1635.68,1646.923,0.5767510474902375,0.42324895250976247,1659.563,1623.039,38,21
1949-10-16,1949,0,,nyg,pit,1472.663,1457.83,0.6129087680054057,0.3870912319945943,1452.191,1478.302,17,21
1949-10-16,1949,0,,sf,bba,1632.481,1411.393,0.8384655293684733,0.1615344706315267,1643.364,1400.51,51,7
1949-10-16,1949,0,,det,lar,1360.779,1621.519,0.24475767561231998,0.75524232438768,1349.609,1632.689,10,21
1949-10-23,1949,0,,phi,wsh,1623.039,1486.634,0.7612201078175184,0.23877989218248163,1638.718,1470.956,49,14
1949-10-23,1949,0,,bcl,cra,1346.076,1309.637,0.6419711564082822,0.3580288435917178,1313.8,1341.912,7,17
1949-10-23,1949,0,,ari,det,1607.942,1349.609,0.8654430874794135,0.13455691252058655,1549.294,1408.258,7,24
1949-10-23,1949,0,,bba,lda,1400.51,1406.075,0.5847091345863448,0.41529086541365523,1411.722,1394.864,17,14
1949-10-23,1949,0,,pit,nyy,1478.302,1231.164,0.8577602679384944,0.14223973206150564,1484.492,1224.973,24,13
1949-10-23,1949,0,,naa,sf,1488.339,1643.364,0.373267251218203,0.6267327487817971,1528.737,1602.966,24,3
1949-10-23,1949,0,,lar,gb,1632.689,1376.482,0.8640115433969937,0.1359884566030063,1640.681,1368.49,35,7
1949-10-23,1949,0,,nyg,chi,1452.191,1659.563,0.30585725615919,0.69414274384081,1483.058,1628.697,35,28
1949-10-28,1949,0,,cra,lda,1341.912,1394.864,0.5173315193166422,0.48266848068335777,1316.966,1419.81,14,24
1949-10-30,1949,0,,ari,nyg,1549.294,1483.058,0.6803661839139201,0.3196338160860799,1529.233,1503.118,38,41
1949-10-30,1949,0,,cle,sf,1665.427,1602.966,0.6756220549485517,0.32437794505144835,1672.164,1596.229,30,28
1949-10-30,1949,0,,lar,chi,1640.681,1628.697,0.6090106722683531,0.39098932773164685,1651.155,1618.223,27,24
1949-10-30,1949,0,,naa,bcl,1528.737,1313.8,0.8336121736640003,0.1663878263359997,1534.876,1307.661,21,14
1949-10-30,1949,0,,nyy,wsh,1224.973,1470.956,0.26079861110655633,0.7392013888934437,1232.268,1463.661,14,14
1949-10-30,1949,0,,pit,phi,1484.492,1638.718,0.3743438582454629,0.6256561417545371,1459.556,1663.654,7,38
1949-10-30,1949,0,,gb,det,1368.49,1408.258,0.5362480630706026,0.4637519369293974,1378.564,1398.184,16,14
1949-11-06,1949,0,,naa,bba,1534.876,1411.722,0.7470804624987005,0.2529195375012995,1512.225,1434.372,14,17
1949-11-06,1949,0,,chi,gb,1618.223,1378.564,0.852426191540974,0.147573808459026,1626.236,1370.551,24,3
1949-11-06,1949,0,,cle,cra,1672.164,1316.966,0.9182537722101585,0.08174622778984153,1677.005,1312.125,35,2
1949-11-06,1949,0,,det,ari,1398.184,1529.233,0.40607658457511636,0.5939234154248836,1373.125,1554.292,19,42
1949-11-06,1949,0,,wsh,pit,1463.661,1459.556,0.5981590577411479,0.40184094225885214,1484.225,1438.992,27,14
1949-11-06,1949,0,,bcl,sf,1307.661,1596.229,0.21636766097769147,0.7836323390223086,1296.095,1607.795,10,28
1949-11-06,1949,0,,nyg,nyy,1503.118,1232.268,0.873615114532021,0.126384885467979,1460.24,1275.147,24,31
1949-11-06,1949,0,,phi,lar,1663.654,1651.155,0.6097163592185335,0.3902836407814665,1687.924,1626.884,38,14
1949-11-13,1949,0,,cle,bba,1677.005,1434.372,0.8545668124993393,0.1454331875006607,1666.191,1445.186,7,7
1949-11-13,1949,0,,nyy,ari,1275.147,1554.292,0.22570611659284187,0.7742938834071581,1259.397,1570.041,20,65
1949-11-13,1949,0,,chi,det,1626.236,1373.125,0.861903918612569,0.138096081387431,1629.582,1369.78,27,24
1949-11-13,1949,0,,gb,nyg,1370.551,1460.24,0.464529357192086,0.535470642807914,1342.579,1488.211,10,30
1949-11-13,1949,0,,wsh,phi,1484.225,1687.924,0.31036453411730625,0.6896354658826938,1465.668,1706.481,21,44
1949-11-13,1949,0,,lda,sf,1419.81,1607.795,0.33005007859497015,0.6699499214050298,1401.741,1625.864,24,41
1949-11-13,1949,0,,pit,lar,1438.992,1626.884,0.33016846459081495,0.669831535409185,1444.172,1621.705,7,7
1949-11-13,1949,0,,naa,cra,1512.225,1312.125,0.8214259262499441,0.17857407375005585,1517.355,1306.995,14,10
1949-11-20,1949,0,,ari,lar,1570.041,1621.705,0.5191826268402402,0.4808173731597598,1569.456,1622.29,28,28
1949-11-20,1949,0,,nyg,det,1488.211,1369.78,0.741908876927501,0.25809112307249904,1436.104,1421.887,21,45
1949-11-20,1949,0,,wsh,chi,1465.668,1629.582,0.36137649376657505,0.6386235062334249,1449.082,1646.167,21,31
1949-11-20,1949,0,,naa,cle,1517.355,1666.191,0.38163864225173305,0.618361357748267,1491.873,1691.673,0,31
1949-11-20,1949,0,,bba,cra,1445.186,1306.995,0.7630838101807675,0.23691618981923246,1455.587,1296.594,10,0
1949-11-20,1949,0,,bcl,lda,1296.095,1401.741,0.44177110849901186,0.5582288915009881,1274.538,1423.298,10,21
1949-11-20,1949,0,,phi,nyy,1706.481,1259.397,0.9501590502633396,0.04984094973666042,1709.523,1256.356,42,0
1949-11-20,1949,0,,gb,pit,1342.579,1444.172,0.44753230383074294,0.5524676961692571,1314.599,1472.152,7,30
1949-11-24,1949,0,,cle,cra,1691.673,1296.594,0.9339140114006382,0.06608598859936177,1694.075,1294.192,14,6
1949-11-24,1949,0,,lda,naa,1423.298,1491.873,0.4948553429992907,0.5051446570007093,1416.449,1498.722,16,17
1949-11-24,1949,0,,det,chi,1421.887,1646.167,0.2855921274793078,0.7144078725206922,1405.423,1662.63,7,28
1949-11-27,1949,0,,ari,gb,1569.456,1314.599,0.8630958730642293,0.1369041269357707,1576.734,1307.321,41,21
1949-11-27,1949,0,,nyg,wsh,1436.104,1449.082,0.574311165153866,0.42568883484613396,1459.668,1425.518,23,7
1949-11-27,1949,0,,lar,nyy,1622.29,1256.356,0.9227745236520377,0.07722547634796229,1626.339,1252.306,42,20
1949-11-27,1949,0,,bcl,bba,1274.538,1455.587,0.3389377063234831,0.6610622936765169,1253.811,1476.314,14,38
1949-11-27,1949,0,,phi,pit,1709.523,1472.152,0.8507616599125223,0.14923834008747772,1717.107,1464.568,34,17
1949-11-27,1949,0,,sf,naa,1625.864,1498.722,0.751393519598536,0.24860648040146405,1639.999,1484.587,35,14
1949-12-04,1949,0,d,sf,naa,1639.999,1484.587,0.7805361388509406,0.21946386114905936,1649.566,1475.021,17,7
1949-12-04,1949,0,,lar,ari,1626.339,1576.734,0.6591973553108889,0.34080264468911114,1603.955,1599.119,27,31
1949-12-04,1949,0,,wsh,gb,1425.518,1307.321,0.7416508668532584,0.25834913314674157,1441.898,1290.942,30,0
1949-12-04,1949,0,d,cle,bba,1694.075,1476.314,0.8358547515518744,0.1641452484481256,1701.051,1469.338,31,21
1949-12-04,1949,0,,chi,pit,1662.63,1464.568,0.8196985678747061,0.18030143212529393,1670.047,1457.151,30,21
1949-12-04,1949,0,,nyg,phi,1459.668,1717.107,0.24828724921524395,0.7517127507847561,1445.554,1731.222,3,24
1949-12-04,1949,0,,det,nyy,1405.423,1252.306,0.7782647021174909,0.22173529788250912,1408.22,1249.509,28,27
1949-12-11,1949,0,,det,gb,1408.22,1290.942,0.7406359458034935,0.25936405419650654,1421.193,1277.969,21,7
1949-12-11,1949,0,,chi,ari,1670.047,1599.119,0.6862110196384132,0.31378898036158676,1690.531,1578.635,52,21
1949-12-11,1949,0,,lar,wsh,1603.955,1441.898,0.7870182839368227,0.21298171606317728,1616.68,1429.172,53,27
1949-12-11,1949,0,c,cle,sf,1701.051,1649.566,0.6616244132507387,0.33837558674926127,1718.456,1632.16,21,7
1949-12-11,1949,0,,nyy,pit,1249.509,1457.151,0.30552737620630205,0.694472623793698,1230.388,1476.273,0,27
1949-12-11,1949,0,,phi,nyg,1731.222,1445.554,0.8827369214197969,0.11726307858020313,1736.7,1440.076,17,3
1949-12-18,1949,0,c,lar,phi,1616.68,1736.7,0.42147517499187453,0.5785248250081254,1594.41,1758.971,0,14
1950-09-16,1950,0,,phi,cle,1674.314,1647.304,0.6294019745620898,0.3705980254379102,1631.511,1690.107,10,35
1950-09-17,1950,0,,pit,nyg,1485.849,1461.717,0.6255294000642098,0.37447059993579024,1453.448,1494.118,7,18
1950-09-17,1950,0,,sf,nyy,1589.774,1321.925,0.8716953930135873,0.12830460698641266,1556.713,1354.986,17,21
1950-09-17,1950,0,,bcl,wsh,1337.541,1454.448,0.42585068548043653,0.5741493145195635,1310.758,1481.231,14,38
1950-09-17,1950,0,,gb,det,1353.646,1449.128,0.45624508306368117,0.5437549169363188,1320.673,1482.101,7,45
1950-09-17,1950,0,,lar,chi,1564.606,1628.688,0.5013211051227595,0.4986788948772405,1548.463,1644.831,20,24
1950-09-22,1950,0,,lar,nyy,1548.463,1354.986,0.8157648513671472,0.18423514863285284,1557.993,1345.455,45,28
1950-09-24,1950,0,,det,pit,1482.101,1453.448,0.6316053577729376,0.3683946422270624,1491.898,1443.651,10,7
1950-09-24,1950,0,,gb,wsh,1320.673,1481.231,0.36584676132441285,0.6341532386755871,1356.579,1445.325,35,21
1950-09-24,1950,0,,sf,chi,1556.713,1644.831,0.46677953628999075,0.5332204637100093,1533.017,1668.528,20,32
1950-09-24,1950,0,,bcl,cle,1310.758,1690.107,0.14069393519085716,0.8593060648091428,1302.225,1698.64,0,31
1950-09-24,1950,0,,ari,phi,1554.09,1631.511,0.4821323556581008,0.5178676443418992,1518.962,1666.639,7,45
1950-09-29,1950,0,,nyy,det,1345.455,1491.898,0.3848947208236474,0.6151052791763526,1386.055,1451.298,44,21
1950-10-01,1950,0,,sf,lar,1533.017,1557.993,0.5573457184812666,0.44265428151873343,1497.923,1593.087,14,35
1950-10-01,1950,0,,wsh,pit,1445.325,1443.651,0.5947908303912846,0.40520916960871545,1408.575,1480.402,7,26
1950-10-01,1950,0,,cle,nyg,1698.64,1494.118,0.8251293131231271,0.1748706868768729,1662.044,1530.713,0,6
1950-10-01,1950,0,,gb,chi,1356.579,1668.528,0.19441828221354526,0.8055817177864547,1400.098,1625.009,31,21
1950-10-02,1950,0,,ari,bcl,1518.962,1302.225,0.8350443986986259,0.1649556013013741,1529.962,1291.225,55,13
1950-10-07,1950,0,,pit,cle,1480.402,1662.044,0.33817328369899646,0.6618267163010035,1463.451,1678.995,17,30
1950-10-07,1950,0,,phi,lar,1666.639,1593.087,0.6894543175343871,0.31054568246561287,1687.737,1571.989,56,20
1950-10-08,1950,0,,det,sf,1451.298,1497.923,0.5264191230670906,0.4735808769329094,1478.448,1470.773,24,7
1950-10-08,1950,0,,gb,nyy,1400.098,1386.055,0.6118292888505762,0.3881707111494238,1366.602,1419.552,31,44
1950-10-08,1950,0,,wsh,nyg,1408.575,1530.713,0.4185051870384148,0.5814948129615851,1395.445,1543.844,17,21
1950-10-08,1950,0,,chi,ari,1625.009,1529.962,0.7153078505082332,0.2846921494917668,1641.415,1513.555,27,6
1950-10-12,1950,0,,nyy,sf,1419.552,1470.773,0.5198191852306521,0.48018081476934793,1436.652,1453.673,29,24
1950-10-15,1950,0,,nyg,pit,1543.844,1463.451,0.6978223327193818,0.30217766728061823,1506.709,1500.586,6,17
1950-10-15,1950,0,,cle,ari,1678.995,1513.555,0.7902642987113531,0.20973570128864694,1688.099,1504.45,34,24
1950-10-15,1950,0,,chi,gb,1641.415,1366.602,0.8761125281006933,0.12388747189930671,1647.227,1360.79,28,14
1950-10-15,1950,0,,bcl,phi,1291.225,1687.737,0.12916785607490894,0.870832143925091,1285.841,1693.121,14,24
1950-10-15,1950,0,,det,lar,1478.448,1571.989,0.4590183423714195,0.5409816576285805,1468.492,1581.945,28,30
1950-10-19,1950,0,,nyy,gb,1436.652,1360.79,0.6922941947435325,0.3077058052564675,1453.682,1343.76,35,17
1950-10-22,1950,0,,wsh,ari,1395.445,1504.45,0.4370081905124514,0.5629918094875486,1374.898,1524.997,28,38
1950-10-22,1950,0,,pit,phi,1500.586,1693.121,0.32428459596801984,0.6757154040319802,1487.838,1705.868,10,17
1950-10-22,1950,0,,sf,det,1453.673,1468.492,0.5717182572661501,0.4282817427338499,1459.478,1462.687,28,27
1950-10-22,1950,0,,lar,bcl,1581.945,1285.841,0.8888138224517532,0.11118617754824678,1589.174,1278.613,70,27
1950-10-22,1950,0,,nyg,cle,1506.709,1688.099,0.33849802813131447,0.6615019718686855,1529.191,1665.617,17,13
1950-10-29,1950,0,,phi,wsh,1705.868,1374.898,0.9071553921218293,0.09284460787817073,1711.37,1369.395,35,3
1950-10-29,1950,0,,ari,nyg,1524.997,1529.191,0.5866242410109462,0.41337575898905377,1546.784,1507.405,17,3
1950-10-29,1950,0,,nyy,chi,1453.682,1647.227,0.32301190625700127,0.6769880937429987,1489.415,1611.494,38,27
1950-10-29,1950,0,,sf,bcl,1459.478,1278.613,0.8046025453314523,0.19539745466854774,1464.351,1273.74,17,14
1950-10-29,1950,0,,lar,det,1589.174,1462.687,0.7506885210468404,0.24931147895315964,1606.318,1445.542,65,24
1950-10-29,1950,0,,cle,pit,1665.617,1487.838,0.8017945470990923,0.19820545290090774,1678.696,1474.759,45,7
1950-11-05,1950,0,,nyg,wsh,1507.405,1369.395,0.7628953930987187,0.23710460690128132,1513.423,1363.377,24,21
1950-11-05,1950,0,,lar,sf,1606.318,1464.351,0.7669909704249761,0.2330090295750239,1615.176,1455.493,28,21
1950-11-05,1950,0,,ari,cle,1546.784,1678.696,0.40487901320991665,0.5951209867900833,1535.89,1689.591,7,10
1950-11-05,1950,0,,det,chi,1445.542,1611.494,0.35867344431707465,0.6413265556829253,1426.968,1630.068,21,35
1950-11-05,1950,0,,bcl,gb,1273.74,1343.76,0.4927761419613048,0.5072238580386952,1304.696,1312.804,41,21
1950-11-05,1950,0,,phi,pit,1711.37,1474.759,0.8502053409354574,0.1497946590645426,1689.722,1496.408,7,9
1950-11-12,1950,0,,cle,sf,1689.591,1455.493,0.8483536585780569,0.1516463414219431,1697.719,1447.365,34,14
1950-11-12,1950,0,,gb,lar,1312.804,1615.176,0.20319836776516673,0.7968016322348332,1300.091,1627.889,14,45
1950-11-12,1950,0,,pit,bcl,1496.408,1304.696,0.8142329539304752,0.18576704606952477,1504.386,1296.717,17,7
1950-11-12,1950,0,,nyg,ari,1513.423,1535.89,0.5609059529611573,0.4390940470388427,1543.008,1506.305,51,21
1950-11-12,1950,0,,chi,nyy,1630.068,1489.415,0.7656364363265983,0.23436356367340172,1639.486,1479.996,28,20
1950-11-12,1950,0,,wsh,phi,1363.377,1689.722,0.1817668121840681,0.8182331878159319,1351.919,1701.18,0,33
1950-11-19,1950,0,,phi,ari,1701.18,1506.305,0.8169712638178855,0.18302873618211446,1671.36,1536.125,10,14
1950-11-19,1950,0,,cle,wsh,1697.719,1351.919,0.9140999014429246,0.08590009855707537,1700.536,1349.101,20,14
1950-11-19,1950,0,,chi,sf,1639.486,1447.365,0.8145888104863508,0.1854111895136492,1649.083,1437.768,17,0
1950-11-19,1950,0,,det,gb,1426.968,1300.091,0.751108451934116,0.24889154806588398,1433.315,1293.744,24,21
1950-11-19,1950,0,,nyy,lar,1479.996,1627.889,0.38292050088816143,0.6170794991118386,1463.78,1644.105,35,43
1950-11-19,1950,0,,bcl,nyg,1296.717,1543.008,0.2604569542014207,0.7395430457985793,1279.472,1560.254,20,55
1950-11-23,1950,0,,ari,pit,1536.125,1504.386,0.6357290399466475,0.36427096005335247,1503.077,1537.434,17,28
1950-11-23,1950,0,,det,nyy,1433.315,1463.78,0.5495368211874172,0.4504631788125828,1465.101,1431.994,49,14
1950-11-26,1950,0,,nyg,phi,1560.254,1671.36,0.434034899795345,0.5659651002046551,1578.862,1652.752,7,3
1950-11-26,1950,0,,gb,sf,1293.744,1437.768,0.3881966868719376,0.6118033131280625,1314.171,1417.341,25,21
1950-11-26,1950,0,,chi,lar,1649.083,1644.105,0.5993663869711608,0.40063361302883915,1667.704,1625.484,24,14
1950-11-26,1950,0,,wsh,bcl,1349.101,1279.472,0.684598654722419,0.315401345277581,1363.355,1265.218,38,28
1950-12-03,1950,0,,nyg,nyy,1578.862,1431.994,0.7719949527257407,0.2280050472742593,1594.696,1416.16,51,7
1950-12-03,1950,0,,lar,gb,1625.484,1314.171,0.8971758613147552,0.10282413868524476,1631.872,1307.783,51,14
1950-12-03,1950,0,,ari,chi,1503.077,1667.704,0.3604298155335727,0.6395701844664273,1535.204,1635.577,20,10
1950-12-03,1950,0,,bcl,det,1265.218,1465.101,0.3150857200452929,0.6849142799547071,1246.105,1484.214,21,45
1950-12-03,1950,0,,cle,phi,1700.536,1652.752,0.656838477616435,0.343161522383565,1713.24,1640.049,13,7
1950-12-03,1950,0,,pit,wsh,1537.434,1363.355,0.7983879544519866,0.20161204554801337,1485.654,1415.135,7,24
1950-12-10,1950,0,,phi,nyg,1640.049,1594.696,0.6536773286765426,0.3463226713234574,1624.927,1609.817,7,9
1950-12-10,1950,0,,chi,det,1635.577,1484.214,0.7765174094201462,0.22348259057985376,1641.218,1478.572,6,3
1950-12-10,1950,0,,wsh,cle,1415.135,1713.24,0.20720430835563722,0.7927956916443628,1403.074,1725.302,21,45
1950-12-10,1950,0,,nyy,bcl,1416.16,1246.105,0.7946335870315718,0.20536641296842817,1429.659,1232.607,51,14
1950-12-10,1950,0,,pit,ari,1485.654,1535.204,0.5222196930275792,0.4777803069724208,1514.985,1505.873,28,7
1950-12-10,1950,0,,sf,gb,1417.341,1307.783,0.7320084527875347,0.2679915472124653,1431.41,1293.714,30,14
1950-12-17,1950,0,d,lar,chi,1631.872,1641.218,0.5794144644492732,0.42058553555072675,1651.544,1621.546,24,14
1950-12-17,1950,0,d,cle,nyg,1725.302,1609.817,0.7386483563366201,0.26135164366337993,1733.957,1601.161,8,3
1950-12-24,1950,0,c,cle,lar,1733.957,1651.544,0.7002686430965485,0.29973135690345154,1740.129,1645.372,30,28
1951-09-28,1951,0,,lar,nyy,1598.581,1454.772,0.7688805992780859,0.23111940072191406,1614.259,1439.095,54,14
1951-09-30,1951,0,,det,wsh,1487.382,1437.049,0.6601381940940819,0.3398618059059181,1506.399,1418.032,35,17
1951-09-30,1951,0,,gb,chi,1364.142,1582.697,0.29236329679579887,0.7076367032042011,1350.56,1596.279,20,31
1951-09-30,1951,0,,sf,cle,1455.94,1661.753,0.3077658951882353,0.6922341048117647,1495.996,1621.697,24,10
1951-09-30,1951,0,,ari,phi,1505.582,1584.952,0.47933169180602175,0.5206683081939782,1492.379,1598.155,14,17
1951-10-01,1951,0,,pit,nyg,1511.656,1569.108,0.5108607365795617,0.48913926342043834,1511.325,1569.439,13,13
1951-10-06,1951,0,,phi,sf,1598.155,1495.996,0.7235709770716136,0.27642902292838645,1608.84,1485.312,21,14
1951-10-07,1951,0,,ari,chi,1492.379,1596.279,0.4442511568163945,0.5557488431836055,1523.02,1565.637,28,14
1951-10-07,1951,0,,lar,cle,1614.259,1621.697,0.5820886696507351,0.41791133034926486,1581.114,1654.842,23,38
1951-10-07,1951,0,,gb,pit,1350.56,1511.325,0.3655703537102961,0.6344296462897039,1365.135,1496.751,35,33
1951-10-07,1951,0,,wsh,nyg,1418.032,1569.439,0.37815218421057323,0.6218478157894267,1395.538,1591.933,14,35
1951-10-08,1951,0,,det,nyy,1506.399,1439.095,0.6817016710603194,0.3182983289396806,1526.408,1419.086,37,10
1951-10-14,1951,0,,gb,phi,1365.135,1608.84,0.2633345314962016,0.7366654685037983,1407.454,1566.52,37,24
1951-10-14,1951,0,,pit,sf,1496.751,1485.312,0.6082633804933469,0.39173661950665306,1476.467,1505.596,24,28
1951-10-14,1951,0,,cle,wsh,1654.842,1395.538,0.8660926666905595,0.1339073333094405,1663.778,1386.601,45,0
1951-10-14,1951,0,,nyg,ari,1591.933,1523.02,0.6837080228260631,0.31629197717393687,1606.75,1508.203,28,17
1951-10-14,1951,0,,det,lar,1526.408,1581.114,0.514809923471017,0.48519007652898305,1506.278,1601.244,21,27
1951-10-14,1951,0,,chi,nyy,1565.637,1419.086,0.7716735945373817,0.2283264054626183,1571.412,1413.31,24,21
1951-10-21,1951,0,,cle,pit,1663.778,1476.467,0.8103704210805721,0.1896295789194279,1673.613,1466.633,17,0
1951-10-21,1951,0,,det,nyy,1506.278,1413.31,0.712864453827537,0.28713554617246295,1499.786,1419.802,24,24
1951-10-21,1951,0,,wsh,ari,1386.601,1508.203,0.4192562494880771,0.5807437505119228,1405.788,1489.016,7,3
1951-10-21,1951,0,,gb,lar,1407.454,1601.244,0.32270357831820023,0.6772964216817998,1386.923,1621.775,0,28
1951-10-21,1951,0,,chi,sf,1571.412,1505.596,0.6798401791934702,0.3201598208065298,1583.173,1493.835,13,7
1951-10-21,1951,0,,nyg,phi,1606.75,1566.52,0.6469712988911107,0.3530287011088893,1614.153,1559.117,26,24
1951-10-28,1951,0,,cle,nyg,1673.613,1614.153,0.6718246614438471,0.3281753385561529,1677.918,1609.847,14,13
1951-10-28,1951,0,,nyy,gb,1419.802,1386.923,0.6372473796081074,0.3627526203918926,1405.149,1401.577,27,29
1951-10-28,1951,0,,sf,lar,1493.835,1621.775,0.41040006838994353,0.5895999316100564,1534.285,1581.324,44,17
1951-10-28,1951,0,,phi,wsh,1559.117,1405.788,0.7784752283489693,0.22152477165103068,1531.298,1433.607,23,27
1951-10-28,1951,0,,ari,pit,1489.016,1466.633,0.6231680710084196,0.37683192899158036,1453.869,1501.78,14,28
1951-10-28,1951,0,,det,chi,1499.786,1583.173,0.4735636557902109,0.526436344209789,1482.957,1600.003,23,28
1951-11-04,1951,0,,lar,sf,1581.324,1534.285,0.6558711787347462,0.3441288212652538,1594.942,1520.667,23,16
1951-11-04,1951,0,,wsh,chi,1433.607,1600.003,0.358085738440104,0.6419142615598961,1410.794,1622.816,0,27
1951-11-04,1951,0,,ari,cle,1453.869,1677.918,0.28586351127650184,0.7141364887234982,1438.458,1693.329,17,34
1951-11-04,1951,0,,gb,det,1401.577,1482.957,0.47644473455480224,0.5235552654451978,1381.909,1502.625,17,24
1951-11-04,1951,0,,nyg,nyy,1609.847,1405.149,0.8252754515158532,0.17472454848414676,1615.905,1399.091,37,31
1951-11-04,1951,0,,pit,phi,1501.78,1531.298,0.5508859189840883,0.44911408101591166,1467.166,1565.913,13,34
1951-11-11,1951,0,,lar,ari,1594.942,1438.458,0.7815913854266643,0.2184086145733357,1607.717,1425.683,45,21
1951-11-11,1951,0,,nyg,wsh,1615.905,1410.794,0.8256180004978807,0.1743819995021193,1624.316,1402.382,28,14
1951-11-11,1951,0,,cle,phi,1693.329,1565.913,0.7516880389870355,0.2483119610129645,1699.66,1559.582,20,17
1951-11-11,1951,0,,sf,nyy,1520.667,1399.091,0.7453602373633766,0.25463976263662336,1529.079,1390.68,19,14
1951-11-11,1951,0,,chi,det,1622.816,1502.625,0.7438440739961103,0.2561559260038897,1579.946,1545.495,28,41
1951-11-11,1951,0,,pit,gb,1467.166,1381.909,0.7036935667897058,0.29630643321029415,1484.313,1364.762,28,7
1951-11-18,1951,0,,lar,nyy,1607.717,1390.68,0.83528213870391,0.16471786129609,1617.447,1380.95,48,21
1951-11-18,1951,0,,nyg,cle,1624.316,1699.66,0.4851181841811259,0.5148818158188742,1601.16,1722.817,0,10
1951-11-18,1951,0,,sf,ari,1529.079,1425.683,0.7249929702033289,0.27500702979667113,1498.525,1456.237,21,27
1951-11-18,1951,0,,phi,det,1559.582,1545.495,0.6118894407155543,0.3881105592844457,1522.205,1582.872,10,28
1951-11-18,1951,0,,chi,gb,1579.946,1364.762,0.8338092943569909,0.16619070564300908,1587.272,1357.436,24,13
1951-11-18,1951,0,,pit,wsh,1484.313,1402.382,0.6996859488805439,0.3003140511194561,1442.737,1443.958,7,22
1951-11-22,1951,0,,det,gb,1582.872,1357.436,0.8418268469993764,0.15817315300062362,1590.949,1349.358,52,35
1951-11-25,1951,0,,nyy,sf,1380.95,1498.525,0.42491076737702965,0.5750892326229704,1383.24,1496.235,10,10
1951-11-25,1951,0,,ari,nyg,1456.237,1601.16,0.38696832348233245,0.6130316765176675,1438.33,1619.068,0,10
1951-11-25,1951,0,,wsh,lar,1443.958,1617.447,0.3487557631765543,0.6512442368234457,1476.81,1584.595,31,21
1951-11-25,1951,0,,phi,pit,1522.205,1442.737,0.6966983455940062,0.30330165440599377,1498.203,1466.739,13,17
1951-11-25,1951,0,,cle,chi,1722.817,1587.272,0.7603191110130105,0.23968088898698947,1736.396,1573.693,42,21
1951-12-02,1951,0,,nyg,pit,1619.068,1466.739,0.777480926291758,0.22251907370824198,1630.036,1455.771,14,0
1951-12-02,1951,0,,chi,lar,1573.693,1584.595,0.5772301503856743,0.42276984961432573,1535.131,1623.156,17,42
1951-12-02,1951,0,,cle,ari,1736.396,1438.33,0.8899250647076307,0.11007493529236934,1742.237,1432.489,49,28
1951-12-02,1951,0,,gb,nyy,1349.358,1383.24,0.544663038853806,0.45533696114619404,1334.04,1398.558,28,31
1951-12-02,1951,0,,wsh,phi,1476.81,1498.203,0.5624280512325491,0.43757194876745087,1445.733,1529.281,21,35
1951-12-02,1951,0,,det,sf,1590.949,1496.235,0.7149173266588106,0.2850826733411894,1553.979,1533.204,10,20
1951-12-09,1951,0,,nyy,chi,1398.558,1535.131,0.3984309043595268,0.6015690956404731,1373.716,1559.973,21,45
1951-12-09,1951,0,,lar,det,1623.156,1553.979,0.6840365695661931,0.3159634304338069,1607.15,1569.985,22,24
1951-12-09,1951,0,,ari,wsh,1432.489,1445.733,0.57393677347488,0.42606322652511996,1416.192,1462.029,17,20
1951-12-09,1951,0,,pit,cle,1455.771,1742.237,0.21842630304873445,0.7815736969512656,1442.406,1755.602,0,28
1951-12-09,1951,0,,sf,gb,1533.204,1334.04,0.8206342090233676,0.1793657909766324,1541.419,1325.826,31,19
1951-12-09,1951,0,,phi,nyg,1529.281,1630.036,0.4487253028468845,0.5512746971531155,1504.261,1655.056,7,23
1951-12-16,1951,0,,nyy,nyg,1373.716,1655.056,0.22350556763289528,0.7764944323671047,1363.957,1664.815,17,27
1951-12-16,1951,0,,chi,ari,1559.973,1416.192,0.7688519556612669,0.23114804433873315,1519.234,1456.931,14,24
1951-12-16,1951,0,,phi,cle,1504.261,1755.602,0.25489660112666535,0.7451033988733347,1491.23,1768.633,9,24
1951-12-16,1951,0,,lar,gb,1607.15,1325.826,0.8801236062436164,0.11987639375638359,1614.125,1318.85,42,14
1951-12-16,1951,0,,wsh,pit,1462.029,1442.406,0.6194298996518532,0.38057010034814676,1431.134,1473.301,10,20
1951-12-16,1951,0,,sf,det,1541.419,1569.985,0.5522413855536749,0.44775861444632514,1555.597,1555.807,21,17
1951-12-23,1951,0,c,lar,cle,1614.125,1768.633,0.37396373663887755,0.6260362633611225,1641.266,1741.492,24,17
1952-09-28,1952,0,,dtx,nyg,1300.0,1611.544,0.19478368069544266,0.8052163193045574,1289.685,1621.858,6,24
1952-09-28,1952,0,,pit,phi,1483.867,1495.82,0.5757530395886985,0.4242469604113015,1460.906,1518.781,25,31
1952-09-28,1952,0,,sf,det,1538.732,1538.871,0.5922730204908828,0.4077269795091172,1560.182,1517.421,17,3
1952-09-28,1952,0,,gb,chi,1380.9,1514.49,0.40255372942810336,0.5974462705718966,1362.178,1533.212,14,24
1952-09-28,1952,0,,cle,lar,1662.662,1595.844,0.6810943180001071,0.3189056819998929,1683.326,1575.18,37,7
1952-09-29,1952,0,,ari,wsh,1472.954,1455.756,0.6161337125646049,0.3838662874353951,1436.686,1492.024,7,23
1952-10-03,1952,0,,lar,det,1575.18,1517.421,0.6696621932979335,0.33033780670206647,1555.515,1537.085,14,17
1952-10-04,1952,0,,pit,cle,1460.906,1683.326,0.28778167859918435,0.7122183214008156,1457.183,1687.049,20,21
1952-10-04,1952,0,,phi,nyg,1518.781,1621.858,0.4454211317931072,0.5545788682068928,1490.594,1650.045,7,31
1952-10-05,1952,0,,gb,wsh,1362.178,1492.024,0.4077478312258372,0.5922521687741629,1396.017,1458.185,35,20
1952-10-05,1952,0,,dtx,sf,1289.685,1560.182,0.23452473825943207,0.7654752617405679,1276.052,1573.815,14,37
1952-10-05,1952,0,,ari,chi,1436.686,1533.212,0.4547545483389455,0.5452454516610545,1464.178,1505.72,21,10
1952-10-12,1952,0,,phi,pit,1490.594,1457.183,0.6379550045078084,0.3620449954921916,1503.012,1444.765,26,21
1952-10-12,1952,0,,chi,dtx,1505.72,1276.052,0.8450437209699959,0.15495627903000408,1513.767,1268.005,38,20
1952-10-12,1952,0,,cle,nyg,1687.049,1650.045,0.6427183563100106,0.3572816436899894,1657.432,1679.663,9,17
1952-10-12,1952,0,,det,sf,1537.085,1573.815,0.5405942526061792,0.4594057473938208,1500.204,1610.696,0,28
1952-10-12,1952,0,,wsh,ari,1458.185,1464.178,0.5841107475832167,0.4158892524167833,1428.356,1494.007,6,17
1952-10-12,1952,0,,gb,lar,1396.017,1555.515,0.36726356376160674,0.6327364362383933,1388.28,1563.253,28,30
1952-10-18,1952,0,,dtx,gb,1268.005,1388.28,0.4211172930852175,0.5788827069147825,1248.304,1407.981,14,24
1952-10-19,1952,0,,det,lar,1500.204,1563.253,0.5028076851862084,0.49719231481379156,1522.034,1541.423,24,16
1952-10-19,1952,0,,pit,wsh,1444.765,1428.356,0.6150589413341941,0.38494105866580586,1424.206,1448.914,24,28
1952-10-19,1952,0,,phi,cle,1503.012,1657.432,0.3740823394738929,0.6259176605261071,1475.971,1684.473,7,49
1952-10-19,1952,0,,nyg,ari,1679.663,1494.007,0.808902082796836,0.19109791720316405,1667.007,1506.663,23,24
1952-10-19,1952,0,,chi,sf,1513.767,1610.696,0.45417939443857164,0.5458206055614283,1484.947,1639.517,16,40
1952-10-26,1952,0,,ari,pit,1506.663,1424.206,0.7003218028798698,0.2996781971201302,1477.449,1453.419,28,34
1952-10-26,1952,0,,cle,wsh,1684.473,1448.914,0.8494324605549238,0.15056753944507617,1688.737,1444.65,19,15
1952-10-26,1952,0,,sf,dtx,1639.517,1248.304,0.9325271601265632,0.06747283987343677,1643.241,1244.58,48,21
1952-10-26,1952,0,,gb,det,1407.981,1522.034,0.42987240209398153,0.5701275979060185,1377.844,1552.171,17,52
1952-10-26,1952,0,,lar,chi,1541.423,1484.947,0.6680263602726431,0.33197363972735694,1561.676,1464.693,31,7
1952-10-26,1952,0,,nyg,phi,1667.007,1475.971,0.8136436347531775,0.18635636524682253,1637.367,1505.611,10,14
1952-11-02,1952,0,,lar,dtx,1561.676,1244.58,0.900206522792608,0.09979347720739196,1567.008,1239.248,42,20
1952-11-02,1952,0,,sf,chi,1643.241,1464.693,0.8024971019112159,0.19750289808878407,1618.221,1489.713,17,20
1952-11-02,1952,0,,det,cle,1552.171,1688.737,0.3984405625118184,0.6015594374881816,1583.073,1657.835,17,6
1952-11-02,1952,0,,ari,nyg,1477.449,1637.367,0.3667019133084862,0.6332980866915138,1455.405,1659.412,6,28
1952-11-02,1952,0,,gb,phi,1377.844,1505.611,0.4106410619111269,0.5893589380888731,1391.173,1492.281,12,10
1952-11-02,1952,0,,wsh,pit,1444.65,1453.419,0.5802236725775384,0.4197763274224616,1436.396,1461.674,23,24
1952-11-09,1952,0,,phi,wsh,1492.281,1436.396,0.6672714622476431,0.3327285377523569,1510.854,1417.822,38,20
1952-11-09,1952,0,,nyg,sf,1659.412,1618.221,0.648233765943876,0.35176623405612395,1674.866,1602.768,23,14
1952-11-09,1952,0,,chi,gb,1489.713,1391.173,0.7193847694748695,0.2806152305251305,1448.694,1432.193,28,41
1952-11-09,1952,0,,cle,ari,1657.835,1455.405,0.8233848776711858,0.17661512232881416,1666.567,1446.673,28,13
1952-11-09,1952,0,,dtx,lar,1239.248,1567.008,0.18055850563276654,0.8194414943672335,1229.276,1576.98,6,27
1952-11-09,1952,0,,pit,det,1461.674,1583.073,0.419540798285953,0.5804592017140471,1435.019,1609.727,6,31
1952-11-16,1952,0,,nyg,gb,1674.866,1432.193,0.8545954272375564,0.14540457276244356,1621.054,1486.004,3,17
1952-11-16,1952,0,,cle,pit,1666.567,1435.019,0.8464555398872102,0.15354446011278977,1668.443,1433.143,29,28
1952-11-16,1952,0,,phi,ari,1510.854,1446.673,0.6777881685028719,0.32221183149712807,1519.292,1438.234,10,7
1952-11-16,1952,0,,det,dtx,1609.727,1229.276,0.92852317578582,0.07147682421418,1613.81,1225.194,43,13
1952-11-16,1952,0,,wsh,sf,1417.822,1602.768,0.3339297110840503,0.6660702889159498,1405.498,1615.092,17,23
1952-11-16,1952,0,,chi,lar,1448.694,1576.98,0.4099182104666858,0.5900817895333141,1426.116,1599.558,24,40
1952-11-23,1952,0,,gb,dtx,1486.004,1225.194,0.8670949039044278,0.13290509609557222,1493.8,1217.398,42,14
1952-11-23,1952,0,,cle,phi,1668.443,1519.292,0.774299919445508,0.22570008055449198,1630.747,1556.988,20,28
1952-11-23,1952,0,,wsh,nyg,1405.498,1621.054,0.29594767718343395,0.704052322816566,1396.582,1629.97,10,14
1952-11-23,1952,0,,chi,det,1426.116,1613.81,0.3304205838925016,0.6695794161074984,1435.946,1603.979,24,23
1952-11-23,1952,0,,pit,ari,1433.143,1438.234,0.5853715427226308,0.4146284572773692,1444.335,1427.043,17,14
1952-11-23,1952,0,,lar,sf,1599.558,1615.092,0.5707101634200056,0.4292898365799944,1627.233,1587.417,35,9
1952-11-27,1952,0,,det,gb,1603.979,1493.8,0.7327091396644528,0.26729086033554716,1619.918,1477.862,48,24
1952-11-27,1952,0,,dtx,chi,1217.398,1435.946,0.2923716334266648,0.7076283665733352,1241.885,1411.46,27,23
1952-11-30,1952,0,,ari,phi,1427.043,1556.988,0.4076102160377973,0.5923897839622028,1450.799,1533.232,28,22
1952-11-30,1952,0,,sf,lar,1587.417,1627.233,0.5361793478801049,0.4638206521198951,1558.789,1655.861,21,34
1952-11-30,1952,0,,wsh,cle,1396.582,1630.747,0.27412531813276325,0.7258746818672368,1380.195,1647.135,24,48
1952-11-30,1952,0,,pit,nyg,1444.335,1629.97,0.33304812746492884,0.6669518725350712,1501.394,1572.911,63,7
1952-12-07,1952,0,,nyg,wsh,1572.911,1380.195,0.8151055586242943,0.18489444137570565,1528.633,1424.472,17,27
1952-12-07,1952,0,,lar,gb,1655.861,1477.862,0.8019957299979199,0.1980042700020801,1666.361,1467.361,45,27
1952-12-07,1952,0,,det,chi,1619.918,1411.46,0.8283745307791955,0.17162546922080446,1629.745,1401.632,45,21
1952-12-07,1952,0,,ari,cle,1450.799,1647.135,0.3195086444191463,0.6804913555808537,1436.34,1661.595,0,10
1952-12-07,1952,0,,phi,dtx,1533.232,1241.885,0.8860787314542028,0.1139212685457972,1538.899,1236.217,38,21
1952-12-07,1952,0,,sf,pit,1558.789,1501.394,0.6691985057813237,0.33080149421867633,1517.825,1542.357,7,24
1952-12-13,1952,0,,det,dtx,1629.745,1236.217,0.9333608311708504,0.06663916882914955,1633.697,1232.265,41,6
1952-12-14,1952,0,,wsh,phi,1424.472,1538.899,0.429344840470677,0.570655159529323,1447.192,1516.18,27,21
1952-12-14,1952,0,,sf,gb,1517.825,1467.361,0.6603073595766215,0.33969264042337854,1533.304,1451.883,24,14
1952-12-14,1952,0,,chi,ari,1401.632,1436.34,0.543483565931988,0.456516434068012,1414.118,1423.854,10,7
1952-12-14,1952,0,,lar,pit,1666.361,1542.357,0.7480038814573065,0.25199611854269355,1678.93,1529.789,28,14
1952-12-14,1952,0,,nyg,cle,1528.633,1661.595,0.4034234717321053,0.5965765282678948,1545.701,1644.527,37,34
1952-12-21,1952,0,d,det,lar,1633.697,1678.93,0.5284163457753825,0.47158365422461745,1656.112,1656.515,31,21
1952-12-28,1952,0,c,cle,det,1644.527,1656.112,0.5762703945822722,0.42372960541772775,1616.202,1684.436,7,17
1953-09-27,1953,0,,sf,phi,1523.869,1512.453,0.6082318322196086,0.39176816778039136,1542.027,1494.296,31,21
1953-09-27,1953,0,,ari,wsh,1450.903,1466.461,0.5706763150784729,0.42932368492152706,1421.889,1495.475,13,24
1953-09-27,1953,0,,gb,cle,1469.588,1579.135,0.43624072134050484,0.5637592786594952,1441.093,1607.631,0,27
1953-09-27,1953,0,,lar,nyg,1606.01,1532.134,0.6898535061452346,0.31014649385476545,1621.811,1516.334,21,7
1953-09-27,1953,0,,ind,chi,1300.0,1444.412,0.3876663614382209,0.612333638561779,1320.448,1423.963,13,9
1953-09-27,1953,0,,det,pit,1624.624,1521.526,0.7246508197670914,0.27534918023290855,1639.412,1506.739,38,21
1953-10-02,1953,0,,phi,wsh,1494.296,1495.475,0.5908265182367144,0.4091734817632856,1491.526,1498.245,21,21
1953-10-03,1953,0,,ind,det,1320.448,1639.412,0.1881716571206102,0.8118283428793898,1312.358,1647.502,17,27
1953-10-03,1953,0,,pit,nyg,1506.739,1516.334,0.5790651246440225,0.4209348753559775,1526.43,1496.642,24,14
1953-10-04,1953,0,,gb,chi,1441.093,1423.963,0.6160411278499146,0.3839588721500854,1420.494,1444.562,13,17
1953-10-04,1953,0,,ari,cle,1421.889,1607.631,0.3329113242522566,0.6670886757477434,1402.673,1626.847,7,27
1953-10-04,1953,0,,sf,lar,1542.027,1621.811,0.4787369455321156,0.5212630544678845,1549.302,1614.535,31,30
1953-10-10,1953,0,,cle,phi,1626.847,1491.526,0.7600840509910636,0.23991594900893642,1641.004,1477.37,37,13
1953-10-11,1953,0,,pit,ari,1526.43,1402.673,0.747735777360852,0.25226422263914805,1532.871,1396.231,31,28
1953-10-11,1953,0,,wsh,nyg,1498.245,1496.642,0.594692321735036,0.40530767826496406,1510.908,1483.979,13,9
1953-10-11,1953,0,,chi,ind,1444.562,1312.358,0.7567967991162137,0.24320320088378633,1426.296,1330.624,14,16
1953-10-11,1953,0,,gb,lar,1420.494,1614.535,0.32238785935617686,0.6776121406438231,1402.561,1632.469,20,38
1953-10-11,1953,0,,det,sf,1647.502,1549.302,0.7189894998236095,0.2810105001763905,1654.755,1542.049,24,21
1953-10-17,1953,0,,phi,pit,1477.37,1532.871,0.5136667547754261,0.4863332452245739,1504.809,1505.432,23,7
1953-10-18,1953,0,,chi,sf,1426.296,1542.049,0.4274756956496608,0.5725243043503392,1408.919,1559.426,28,35
1953-10-18,1953,0,,nyg,ari,1483.979,1396.231,0.7066746906035931,0.2933253093964069,1498.835,1381.376,21,7
1953-10-18,1953,0,,det,lar,1654.755,1632.469,0.6230369385580549,0.37696306144194514,1621.474,1665.75,19,31
1953-10-18,1953,0,,wsh,cle,1510.908,1641.004,0.4074003460379588,0.5925996539620412,1488.486,1663.425,14,30
1953-10-18,1953,0,,gb,ind,1402.561,1330.624,0.6874603334936724,0.3125396665063276,1421.262,1311.922,37,14
1953-10-24,1953,0,,pit,gb,1505.432,1421.262,0.7023872082928564,0.2976127917071436,1521.544,1405.15,31,14
1953-10-25,1953,0,,ari,phi,1381.376,1504.809,0.4166921512093617,0.5833078487906382,1351.429,1534.756,17,56
1953-10-25,1953,0,,sf,det,1559.426,1621.474,0.5042481672703373,0.4957518327296627,1543.173,1637.726,10,14
1953-10-25,1953,0,,lar,chi,1665.75,1408.919,0.864433039848953,0.13556696015104697,1672.156,1402.513,38,24
1953-10-25,1953,0,,ind,wsh,1311.922,1488.486,0.3447462314177344,0.6552537685822656,1345.026,1455.383,27,17
1953-10-25,1953,0,,nyg,cle,1498.835,1663.425,0.3604789152800151,0.6395210847199849,1484.492,1677.768,0,7
1953-10-31,1953,0,,ind,gb,1345.026,1405.15,0.5070166674085359,0.4929833325914641,1319.772,1430.404,24,35
1953-11-01,1953,0,,cle,wsh,1677.768,1455.383,0.8394741967959993,0.16052580320400067,1686.908,1446.243,27,3
1953-11-01,1953,0,,pit,phi,1521.544,1534.756,0.5739818175696334,0.4260181824303666,1481.957,1574.343,7,35
1953-11-01,1953,0,,sf,chi,1543.173,1402.513,0.765643666717459,0.23435633328254102,1553.452,1392.235,24,14
1953-11-01,1953,0,,lar,det,1672.156,1637.726,0.6393087279082087,0.3606912720917913,1690.37,1619.512,37,24
1953-11-01,1953,0,,ari,nyg,1351.429,1484.492,0.4032835516668692,0.5967164483331309,1340.583,1495.338,20,23
1953-11-07,1953,0,,det,ind,1619.512,1319.772,0.8908654826409838,0.10913451735901625,1624.001,1315.283,17,7
1953-11-08,1953,0,,cle,pit,1686.908,1481.957,0.8254853567690212,0.17451464323097876,1696.062,1472.803,34,16
1953-11-08,1953,0,,wsh,ari,1446.243,1340.583,0.7275837588491854,0.27241624115081464,1458.807,1328.019,28,17
1953-11-08,1953,0,,chi,gb,1392.235,1430.404,0.5385363353076708,0.46146366469232925,1391.06,1431.579,21,21
1953-11-08,1953,0,,phi,nyg,1574.343,1495.338,0.6961348588189331,0.3038651411810669,1592.471,1477.211,30,7
1953-11-08,1953,0,,lar,sf,1690.37,1553.452,0.7617564548289033,0.2382435451710967,1663.372,1580.45,27,31
1953-11-15,1953,0,,phi,ind,1592.471,1315.283,0.8775888206111491,0.12241117938885093,1599.813,1307.94,45,14
1953-11-15,1953,0,,cle,sf,1696.062,1580.45,0.7387894627022661,0.2612105372977339,1701.366,1575.146,23,21
1953-11-15,1953,0,,nyg,pit,1477.211,1472.803,0.5985782321240862,0.40142176787591377,1457.315,1492.698,10,14
1953-11-15,1953,0,,gb,det,1431.579,1624.001,0.32442714816237866,0.6755728518376214,1418.826,1636.755,7,14
1953-11-15,1953,0,,wsh,chi,1458.807,1391.06,0.6822547494854467,0.31774525051455327,1438.676,1411.19,24,27
1953-11-15,1953,0,,ari,lar,1328.019,1663.372,0.1741815269842211,0.8258184730157789,1337.956,1653.435,24,24
1953-11-21,1953,0,,phi,ari,1599.813,1337.956,0.8677879298999532,0.13221207010004676,1608.248,1329.522,38,0
1953-11-22,1953,0,,gb,sf,1418.826,1575.146,0.371524980530457,0.628475019469543,1394.326,1599.645,7,37
1953-11-22,1953,0,,ind,lar,1307.94,1653.435,0.16594277513233407,0.8340572248676659,1301.472,1659.903,13,21
1953-11-22,1953,0,,nyg,wsh,1457.315,1438.676,0.6180937030580708,0.38190629694192924,1439.501,1456.49,21,24
1953-11-22,1953,0,,pit,cle,1492.698,1701.366,0.30427565237123,0.69572434762877,1483.504,1710.56,16,20
1953-11-22,1953,0,,chi,det,1411.19,1636.755,0.2840853085352263,0.7159146914647737,1402.668,1645.278,16,20
1953-11-26,1953,0,,det,gb,1645.278,1394.326,0.8604179805156439,0.1395820194843561,1652.59,1387.013,34,15
1953-11-29,1953,0,,cle,ari,1710.56,1329.522,0.9287471113026088,0.07125288869739121,1713.504,1326.577,27,16
1953-11-29,1953,0,,pit,wsh,1483.504,1456.49,0.629407345443915,0.37059265455608503,1454.638,1485.357,9,17
1953-11-29,1953,0,,ind,sf,1301.472,1599.645,0.2071400136970003,0.7928599863029997,1290.645,1610.472,21,38
1953-11-29,1953,0,,nyg,phi,1439.501,1608.248,0.354980946811024,0.645019053188976,1470.675,1577.073,37,28
1953-11-29,1953,0,,chi,lar,1402.668,1659.903,0.24850648959277097,0.751493510407229,1425.499,1637.072,24,21
1953-12-05,1953,0,,lar,ind,1637.072,1290.645,0.9143828851781141,0.08561711482188594,1642.531,1285.186,45,2
1953-12-06,1953,0,,ari,pit,1326.577,1454.638,0.410231537778693,0.5897684622213071,1313.74,1467.475,17,21
1953-12-06,1953,0,,wsh,phi,1485.357,1577.073,0.4616281840944472,0.5383718159055528,1511.493,1550.937,10,0
1953-12-06,1953,0,,cle,nyg,1713.504,1470.675,0.8547069800760954,0.14529301992390464,1723.425,1460.754,62,14
1953-12-06,1953,0,,sf,gb,1610.472,1387.013,0.8403055781279299,0.15969442187207006,1620.511,1376.974,48,14
1953-12-06,1953,0,,det,chi,1652.59,1425.499,0.84309127456254,0.15690872543746004,1657.981,1420.108,13,7
1953-12-12,1953,0,,lar,gb,1642.531,1376.974,0.8702125129200055,0.12978748707999455,1648.925,1370.581,33,17
1953-12-13,1953,0,,nyg,det,1460.754,1657.981,0.3183945145514533,0.6816054854485467,1445.828,1672.908,16,27
1953-12-13,1953,0,,chi,ari,1420.108,1313.74,0.7283908112062497,0.2716091887937503,1387.256,1346.592,17,24
1953-12-13,1953,0,,wsh,pit,1511.493,1467.475,0.6519355524050551,0.3480644475949449,1501.984,1476.984,13,14
1953-12-13,1953,0,,phi,cle,1550.937,1723.425,0.3500656461951357,0.6499343538048643,1588.828,1685.533,42,27
1953-12-13,1953,0,,sf,ind,1620.511,1285.186,0.9092454065361035,0.09075459346389647,1625.833,1279.864,45,14
1953-12-27,1953,0,c,det,cle,1672.908,1685.533,0.5748078766339593,0.42519212336604073,1678.665,1679.776,17,16
1954-09-26,1954,0,,phi,cle,1560.885,1621.517,0.5062857261374583,0.49371427386254174,1589.902,1592.501,28,10
1954-09-26,1954,0,,ind,lar,1354.909,1600.95,0.2607342509558301,0.7392657490441699,1336.158,1619.701,0,48
1954-09-26,1954,0,,sf,wsh,1585.555,1502.99,0.7004522631129068,0.29954773688709324,1605.516,1483.029,41,7
1954-09-26,1954,0,,gb,pit,1415.387,1486.323,0.49145824041177294,0.5085417595882271,1408.592,1493.117,20,21
1954-09-26,1954,0,,ari,nyg,1399.395,1465.552,0.49833494930957134,0.5016650506904287,1364.871,1500.076,10,41
1954-09-26,1954,0,,det,chi,1620.777,1426.504,0.8164525173898368,0.18354748261016318,1631.476,1415.805,48,23
1954-10-02,1954,0,,pit,wsh,1493.117,1483.029,0.6064087366945096,0.39359126330549044,1519.257,1456.889,37,7
1954-10-02,1954,0,,ind,nyg,1336.158,1500.076,0.36137117979652755,0.6386288202034724,1362.182,1474.051,20,14
1954-10-03,1954,0,,gb,chi,1408.592,1415.805,0.5824037093425974,0.41759629065740256,1383.717,1440.68,3,10
1954-10-03,1954,0,,lar,sf,1619.701,1605.516,0.6120234030684777,0.3879765969315223,1616.285,1608.933,24,24
1954-10-03,1954,0,,ari,phi,1364.871,1589.902,0.2847109060338168,0.7152890939661831,1348.969,1605.804,16,35
1954-10-09,1954,0,,phi,pit,1605.804,1519.257,0.705239574519395,0.294760425480605,1611.863,1513.198,24,22
1954-10-10,1954,0,,chi,ind,1440.68,1362.182,0.6955171464702419,0.3044828535297581,1457.806,1345.056,28,9
1954-10-10,1954,0,,cle,ari,1592.501,1348.969,0.8552088018270293,0.1447911981729707,1600.676,1340.795,31,7
1954-10-10,1954,0,,wsh,nyg,1456.889,1474.051,0.5684126343427126,0.4315873656572874,1416.983,1513.957,21,51
1954-10-10,1954,0,,gb,sf,1383.717,1608.933,0.28449407894856993,0.7155059210514301,1373.397,1619.253,17,23
1954-10-10,1954,0,,det,lar,1631.476,1616.285,0.6133975854509885,0.38660241454901145,1653.442,1594.319,21,3
1954-10-16,1954,0,,det,ind,1653.442,1345.056,0.8956110685133332,0.10438893148666684,1659.838,1338.66,35,0
1954-10-17,1954,0,,gb,lar,1373.397,1594.319,0.2895523443347767,0.7104476556652233,1418.426,1549.29,35,17
1954-10-17,1954,0,,chi,sf,1457.806,1619.253,0.36466030463999555,0.6353396953600045,1443.277,1633.782,24,31
1954-10-17,1954,0,,wsh,phi,1416.983,1611.863,0.321333704800192,0.6786662951998079,1396.549,1632.297,21,49
1954-10-17,1954,0,,nyg,ari,1513.957,1340.795,0.7975369358197592,0.20246306418024085,1523.852,1330.9,31,17
1954-10-17,1954,0,,pit,cle,1513.198,1600.676,0.4676966157203358,0.5323033842796643,1549.416,1564.457,55,27
1954-10-23,1954,0,,pit,phi,1549.416,1632.297,0.47428986805528583,0.5257101319447142,1574.835,1606.878,17,7
1954-10-24,1954,0,,nyg,wsh,1523.852,1396.549,0.75156660492779,0.24843339507220996,1537.059,1383.342,24,7
1954-10-24,1954,0,,ari,cle,1330.9,1564.457,0.2748222865451117,0.7251777134548882,1313.049,1582.308,3,35
1954-10-24,1954,0,,lar,chi,1549.29,1443.277,0.7279863325958135,0.27201366740418653,1557.415,1435.153,42,38
1954-10-24,1954,0,,sf,det,1633.782,1659.838,0.5558113761993905,0.44418862380060953,1650.768,1642.852,37,31
1954-10-24,1954,0,,ind,gb,1338.66,1418.426,0.4787628028246032,0.5212371971753968,1332.067,1425.019,6,7
1954-10-30,1954,0,,phi,gb,1606.878,1425.019,0.8055005630892658,0.19449943691073424,1549.209,1482.688,14,37
1954-10-31,1954,0,,lar,det,1557.415,1642.852,0.4706226675761239,0.5293773324238761,1544.486,1655.78,24,27
1954-10-31,1954,0,,wsh,ind,1383.342,1332.067,0.6613537244150767,0.33864627558492333,1392.26,1323.149,24,21
1954-10-31,1954,0,,cle,nyg,1582.308,1537.059,0.6535417868521184,0.3464582131478816,1598.13,1521.236,24,14
1954-10-31,1954,0,,ari,pit,1313.049,1574.835,0.24364634886802847,0.7563536511319715,1336.08,1551.804,17,14
1954-10-31,1954,0,,sf,chi,1650.768,1435.153,0.8341528101259397,0.16584718987406033,1619.992,1465.928,27,31
1954-11-06,1954,0,,ind,det,1323.149,1655.78,0.17644692464586292,0.8235530753541371,1313.022,1665.907,3,27
1954-11-07,1954,0,,cle,wsh,1598.13,1392.26,0.8262461458758028,0.1737538541241972,1610.799,1379.591,62,3
1954-11-07,1954,0,,phi,ari,1549.209,1336.08,0.832163580814695,0.167836419185305,1557.652,1327.637,30,14
1954-11-07,1954,0,,chi,gb,1465.928,1482.688,0.5689802380882418,0.43101976191175817,1481.043,1467.574,28,23
1954-11-07,1954,0,,pit,nyg,1551.804,1521.236,0.6341665937334183,0.3658334062665817,1509.124,1563.916,6,30
1954-11-07,1954,0,,sf,lar,1619.992,1544.486,0.6918574747262051,0.30814252527379493,1587.515,1576.964,34,42
1954-11-13,1954,0,,gb,ind,1467.574,1313.022,0.7796869332228998,0.22031306677710016,1477.53,1303.067,24,13
1954-11-14,1954,0,,lar,ari,1576.964,1327.637,0.8592907531802768,0.1407092468197232,1583.083,1321.518,28,17
1954-11-14,1954,0,,chi,cle,1481.043,1610.799,0.40787294849989963,0.5921270515001004,1454.091,1637.75,10,39
1954-11-14,1954,0,,det,sf,1665.907,1587.515,0.695387910309923,0.304612089690077,1687.285,1566.138,48,7
1954-11-14,1954,0,,wsh,pit,1379.591,1509.124,0.4081830127312772,0.5918169872687228,1396.496,1492.219,17,14
1954-11-14,1954,0,,nyg,phi,1563.916,1557.652,0.601142682022548,0.39885731797745205,1584.308,1537.26,27,14
1954-11-20,1954,0,,pit,sf,1492.219,1566.138,0.4871673459938103,0.5128326540061897,1459.543,1598.814,3,31
1954-11-21,1954,0,,nyg,lar,1584.308,1583.083,0.5941677390137156,0.40583226098628444,1575.815,1591.575,16,17
1954-11-21,1954,0,,ind,chi,1303.067,1454.091,0.3786707713074906,0.6213292286925094,1282.859,1474.299,13,28
1954-11-21,1954,0,,gb,det,1477.53,1687.285,0.3029526620250656,0.6970473379749345,1468.38,1696.434,17,21
1954-11-21,1954,0,,cle,phi,1637.75,1537.26,0.7216451942125442,0.27835480578745575,1647.826,1527.185,6,0
1954-11-21,1954,0,,ari,wsh,1321.518,1396.496,0.48564445022282615,0.5143555497771739,1353.92,1364.094,38,16
1954-11-25,1954,0,,det,gb,1696.434,1468.38,0.8438232177214618,0.15617678227853815,1700.871,1463.944,28,24
1954-11-28,1954,0,,chi,lar,1474.299,1591.575,0.42533141252526235,0.5746685874747377,1503.554,1562.32,24,13
1954-11-28,1954,0,,nyg,cle,1575.815,1647.826,0.4899117292343346,0.5100882707656653,1553.326,1670.315,7,16
1954-11-28,1954,0,,phi,wsh,1527.185,1364.094,0.7880142872677359,0.21198571273226408,1535.626,1355.653,41,33
1954-11-28,1954,0,,ind,sf,1282.859,1598.814,0.1908319991375427,0.8091680008624573,1312.259,1569.414,17,13
1954-11-28,1954,0,,pit,ari,1459.543,1353.92,0.7275415411594246,0.2724584588405754,1466.554,1346.91,20,17
1954-12-04,1954,0,,lar,ind,1562.32,1312.259,0.8598008529063524,0.14019914709364756,1548.408,1326.17,21,22
1954-12-05,1954,0,,ari,chi,1346.91,1503.554,0.3710895964256306,0.6289104035743693,1324.57,1525.894,7,29
1954-12-05,1954,0,,nyg,pit,1553.326,1466.554,0.7055087457080557,0.29449125429194434,1570.356,1449.523,24,3
1954-12-05,1954,0,,wsh,cle,1355.653,1670.315,0.19198397306475176,0.8080160269352482,1345.155,1680.814,14,34
1954-12-05,1954,0,,det,phi,1700.871,1535.626,0.7900781857947495,0.20992181420525047,1692.024,1544.472,13,13
1954-12-05,1954,0,,sf,gb,1569.414,1463.944,0.7273669218626555,0.2726330781373445,1587.549,1445.809,35,0
1954-12-11,1954,0,,sf,ind,1587.549,1326.17,0.8674719148549362,0.13252808514506376,1590.748,1322.97,10,7
1954-12-12,1954,0,,wsh,ari,1345.155,1324.57,0.6207344755653638,0.37926552443463624,1366.258,1303.466,37,20
1954-12-12,1954,0,,chi,det,1525.894,1692.024,0.35843778141443944,0.6415622185855605,1547.54,1670.378,28,24
1954-12-12,1954,0,,phi,nyg,1544.472,1570.356,0.5560558064616185,0.44394419353838155,1568.66,1546.169,29,14
1954-12-12,1954,0,,lar,gb,1548.408,1445.809,0.7240772993777185,0.2759227006222815,1559.675,1434.542,35,27
1954-12-12,1954,0,,cle,pit,1680.814,1449.523,0.8462631644146698,0.15373683558533024,1690.524,1439.812,42,7
1954-12-19,1954,0,,cle,det,1690.524,1670.378,0.6201393594015079,0.3798606405984921,1669.759,1691.143,10,14
1954-12-26,1954,0,c,cle,det,1669.759,1691.143,0.5624408013224876,0.43755919867751236,1702.798,1658.104,56,10
1955-09-24,1955,0,,phi,nyg,1547.44,1532.446,0.6131286275212998,0.3868713724787002,1565.343,1514.543,27,17
1955-09-25,1955,0,,sf,lar,1562.166,1541.45,0.6209119912236167,0.37908800877638327,1532.412,1571.203,14,23
1955-09-25,1955,0,,ind,chi,1383.647,1533.36,0.3804479771537405,0.6195520228462594,1408.724,1508.283,23,17
1955-09-25,1955,0,,gb,det,1458.028,1607.07,0.3813588365247692,0.6186411634752308,1475.862,1589.236,20,17
1955-09-25,1955,0,,cle,wsh,1636.865,1412.505,0.8410003474710777,0.15899965252892234,1590.424,1458.946,17,27
1955-09-26,1955,0,,pit,ari,1461.541,1370.644,0.7104180504631673,0.2895819495368327,1472.788,1359.398,14,7
1955-10-01,1955,0,,phi,wsh,1565.343,1458.946,0.72842383645163,0.27157616354837,1554.391,1469.898,30,31
1955-10-01,1955,0,,ind,det,1408.724,1589.236,0.339630666360114,0.6603693336398859,1447.372,1550.588,28,13
1955-10-02,1955,0,,sf,cle,1532.412,1590.424,0.5100551845354441,0.4899448154645559,1495.74,1627.097,3,38
1955-10-02,1955,0,,lar,pit,1571.203,1472.788,0.7192394891733477,0.2807605108266523,1574.826,1469.165,27,26
1955-10-02,1955,0,,gb,chi,1475.862,1508.283,0.5467480148667659,0.45325198513323406,1503.473,1480.671,24,3
1955-10-02,1955,0,,ari,nyg,1359.398,1514.543,0.3731056661651707,0.6268943338348293,1391.884,1482.057,28,17
1955-10-08,1955,0,,gb,ind,1503.473,1447.372,0.6675474638975357,0.3324525361024643,1480.734,1470.112,20,24
1955-10-09,1955,0,,chi,sf,1480.671,1495.74,0.5713658441369679,0.4286341558630321,1472.566,1503.845,19,20
1955-10-09,1955,0,,wsh,ari,1469.898,1391.884,0.6949267984648386,0.3050732015351614,1429.643,1432.139,10,24
1955-10-09,1955,0,,cle,phi,1627.097,1554.391,0.6884106622574463,0.3115893377425537,1636.535,1544.952,21,17
1955-10-09,1955,0,,det,lar,1550.588,1574.826,0.5583935584368827,0.44160644156311735,1526.927,1598.488,10,17
1955-10-09,1955,0,,pit,nyg,1469.165,1482.057,0.5744321908758323,0.4255678091241677,1486.454,1464.767,30,23
1955-10-15,1955,0,,pit,phi,1486.454,1544.952,0.5093560379622429,0.49064396203775706,1505.493,1525.914,13,7
1955-10-16,1955,0,,det,sf,1526.927,1503.845,0.6241125014812741,0.37588749851872594,1508.901,1521.871,24,27
1955-10-16,1955,0,,nyg,ari,1464.767,1432.139,0.6369133122126246,0.3630866877873754,1481.44,1415.466,10,0
1955-10-16,1955,0,,chi,ind,1472.566,1470.112,0.5958725340461964,0.40412746595380356,1498.973,1443.705,38,10
1955-10-16,1955,0,,wsh,cle,1429.643,1636.535,0.30644420097141156,0.6935557990285884,1415.837,1650.341,14,24
1955-10-16,1955,0,,gb,lar,1480.734,1598.488,0.424658995010778,0.575341004989222,1493.686,1585.536,30,28
1955-10-23,1955,0,,nyg,pit,1481.44,1505.493,0.5586561472244161,0.44134385277558386,1468.933,1518.001,17,19
1955-10-23,1955,0,,lar,det,1585.536,1508.901,0.6932412807184651,0.30675871928153486,1599.859,1494.578,24,13
1955-10-23,1955,0,,ari,phi,1415.466,1525.914,0.4349655873381252,0.5650344126618748,1417.45,1523.93,24,24
1955-10-23,1955,0,,cle,gb,1650.341,1493.686,0.7817593744623476,0.21824062553765244,1664.084,1479.944,41,10
1955-10-23,1955,0,,sf,chi,1521.871,1498.973,0.623863987206903,0.37613601279309705,1489.575,1531.268,23,34
1955-10-23,1955,0,,ind,wsh,1443.705,1415.837,0.6305532939720833,0.36944670602791674,1434.578,1424.963,13,14
1955-10-29,1955,0,,ind,gb,1434.578,1479.944,0.5282255574691503,0.47177444253084966,1449.63,1464.892,14,10
1955-10-30,1955,0,,sf,det,1489.575,1494.578,0.5854944875582152,0.4145055124417848,1512.901,1471.253,38,21
1955-10-30,1955,0,,lar,chi,1599.859,1531.268,0.6833070469850517,0.31669295301494826,1563.704,1567.423,20,31
1955-10-30,1955,0,,nyg,wsh,1468.933,1424.963,0.651872850679139,0.348127149320861,1491.271,1402.625,35,7
1955-10-30,1955,0,,phi,pit,1523.93,1518.001,0.6006802155913865,0.3993197844086135,1548.834,1493.096,24,0
1955-10-30,1955,0,,ari,cle,1417.45,1664.084,0.2600768140599865,0.7399231859400135,1408.1,1673.434,20,26
1955-11-05,1955,0,,ari,pit,1408.1,1493.096,0.47125517354121016,0.5287448264587898,1437.0,1464.196,27,13
1955-11-05,1955,0,,det,ind,1471.253,1449.63,0.6221401598845366,0.37785984011546336,1488.687,1432.195,24,14
1955-11-06,1955,0,,lar,sf,1563.704,1512.901,0.6607449337632374,0.3392550662367626,1580.715,1495.89,27,14
1955-11-06,1955,0,,chi,gb,1567.423,1464.892,0.7239990870766245,0.2760009129233755,1583.278,1449.037,52,31
1955-11-06,1955,0,,cle,nyg,1673.434,1491.271,0.8057745824498155,0.19422541755018452,1681.808,1482.897,24,14
1955-11-06,1955,0,,wsh,phi,1402.625,1548.834,0.38521367642960685,0.6147863235703932,1436.318,1515.142,34,21
1955-11-13,1955,0,,nyg,ind,1482.897,1432.195,0.6606145937284201,0.33938540627157987,1498.36,1416.732,17,7
1955-11-13,1955,0,,gb,ari,1449.037,1437.0,0.6090833174687995,0.3909166825312005,1470.87,1415.166,31,14
1955-11-13,1955,0,,wsh,sf,1436.318,1495.89,0.507810884446393,0.492189115553607,1456.737,1475.471,7,0
1955-11-13,1955,0,,pit,det,1464.196,1488.687,0.5580343976812285,0.44196560231877147,1448.434,1504.45,28,31
1955-11-13,1955,0,,chi,lar,1583.278,1580.715,0.5960236212876385,0.4039763787123615,1607.508,1556.485,24,3
1955-11-13,1955,0,,phi,cle,1515.142,1681.808,0.3577285580216046,0.6422714419783955,1553.299,1643.651,33,17
1955-11-20,1955,0,,ari,wsh,1415.166,1456.737,0.5336660263399717,0.46633397366002827,1377.777,1494.126,0,31
1955-11-20,1955,0,,ind,lar,1416.732,1556.485,0.3940516262886006,0.6059483737113994,1419.963,1553.254,17,17
1955-11-20,1955,0,,gb,sf,1470.87,1475.471,0.5860559862701027,0.4139440137298973,1486.55,1459.791,27,21
1955-11-20,1955,0,,cle,pit,1643.651,1448.434,0.8172654598419705,0.18273454015802948,1654.541,1437.544,41,14
1955-11-20,1955,0,,nyg,phi,1498.36,1553.299,0.5144748970949254,0.48552510290507456,1529.475,1522.184,31,7
1955-11-20,1955,0,,det,chi,1504.45,1607.508,0.4454481493468859,0.5545518506531141,1483.45,1628.507,14,24
1955-11-24,1955,0,,det,gb,1483.45,1486.55,0.5881505404435451,0.4118494595564549,1505.146,1464.854,24,10
1955-11-27,1955,0,,nyg,cle,1529.475,1654.541,0.41440911996135943,0.5855908800386406,1532.085,1651.93,35,35
1955-11-27,1955,0,,ind,sf,1419.963,1459.791,0.536162168867713,0.46383783113228705,1443.488,1436.266,26,14
1955-11-27,1955,0,,pit,wsh,1437.544,1494.126,0.5121121058079333,0.4878878941920667,1413.87,1517.8,14,23
1955-11-27,1955,0,,ari,chi,1377.777,1628.507,0.255565178393356,0.744434821606644,1437.764,1568.521,53,14
1955-11-27,1955,0,,phi,lar,1522.184,1553.254,0.54867455440008,0.45132544559992005,1509.94,1565.498,21,23
1955-12-04,1955,0,,chi,det,1568.521,1505.146,0.6767740614165703,0.32322593858342974,1572.754,1500.912,21,20
1955-12-04,1955,0,,lar,ind,1565.498,1443.488,0.7458341207771797,0.2541658792228203,1574.615,1434.372,20,14
1955-12-04,1955,0,,pit,cle,1413.87,1651.93,0.26968655519677864,0.7303134448032214,1397.978,1667.822,7,30
1955-12-04,1955,0,,phi,ari,1509.94,1437.764,0.687755858561401,0.312244141438599,1528.861,1418.842,27,3
1955-12-04,1955,0,,wsh,nyg,1517.8,1532.085,0.5724707676577605,0.4275292323422395,1493.43,1556.455,20,27
1955-12-04,1955,0,,sf,gb,1436.266,1464.854,0.5522100704285798,0.44778992957142016,1401.553,1499.567,7,28
1955-12-11,1955,0,,det,nyg,1500.912,1556.455,0.5136063568755748,0.48639364312442523,1482.427,1574.94,19,24
1955-12-11,1955,0,,sf,ind,1401.553,1434.372,0.5461801931139798,0.4538198068860202,1423.782,1412.143,35,24
1955-12-11,1955,0,,chi,phi,1572.754,1528.861,0.6517722556687965,0.3482277443312035,1586.554,1515.062,17,10
1955-12-11,1955,0,,lar,gb,1574.615,1499.567,0.6912951218369756,0.3087048781630244,1590.334,1483.847,31,17
1955-12-11,1955,0,,wsh,pit,1493.43,1397.978,0.7157823776547532,0.28421762234524683,1506.595,1384.813,28,17
1955-12-11,1955,0,,cle,ari,1667.822,1418.842,0.8590490626686564,0.14095093733134356,1673.952,1412.712,35,24
1955-12-26,1955,0,c,lar,cle,1590.334,1673.952,0.4732321611005725,0.5267678388994275,1560.124,1704.162,14,38
1956-09-30,1956,0,,gb,det,1490.898,1489.952,0.5937804090193974,0.40621959098060256,1471.195,1509.655,16,20
1956-09-30,1956,0,,ind,chi,1443.095,1559.369,0.4267418512267159,0.5732581487732842,1467.505,1534.959,28,21
1956-09-30,1956,0,,ari,cle,1443.475,1637.775,0.32206224747040046,0.6779377525295995,1459.301,1621.949,9,7
1956-09-30,1956,0,,lar,phi,1541.75,1511.708,0.6334638381641193,0.36653616183588067,1563.144,1490.314,27,7
1956-09-30,1956,0,,pit,wsh,1424.876,1506.063,0.4767218746684045,0.5232781253315955,1455.349,1475.59,30,13
1956-09-30,1956,0,,sf,nyg,1450.855,1551.627,0.44870109528460145,0.5512989047153986,1425.332,1577.15,21,38
1956-10-06,1956,0,,ind,det,1467.505,1509.655,0.532836463660815,0.46716353633918495,1436.38,1540.781,14,31
1956-10-06,1956,0,,pit,cle,1455.349,1621.949,0.35781585421912704,0.642184145780873,1444.34,1632.958,10,14
1956-10-06,1956,0,,phi,wsh,1490.314,1475.59,0.6127598928875696,0.3872401071124304,1502.343,1463.561,13,9
1956-10-07,1956,0,,sf,lar,1425.332,1563.144,0.39672266312047644,0.6032773368795236,1442.63,1545.845,33,30
1956-10-07,1956,0,,ari,nyg,1459.301,1577.15,0.4245253886748285,0.5754746113251715,1485.212,1551.239,35,27
1956-10-07,1956,0,,gb,chi,1471.195,1534.959,0.5017787394805754,0.4982212605194246,1442.746,1563.408,21,37
1956-10-14,1956,0,,wsh,ari,1463.561,1485.212,0.5620625136480624,0.43793748635193763,1424.947,1523.826,3,31
1956-10-14,1956,0,,chi,sf,1563.408,1442.63,0.7444873865208227,0.2555126134791773,1578.576,1427.462,31,7
1956-10-14,1956,0,,gb,ind,1442.746,1436.38,0.6012834569120977,0.3987165430879023,1456.585,1422.541,38,33
1956-10-14,1956,0,,det,lar,1540.781,1545.845,0.5854092655650753,0.41459073443492467,1551.971,1534.655,24,21
1956-10-14,1956,0,,pit,phi,1444.34,1502.343,0.51006813133169,0.48993186866830996,1416.626,1530.057,21,35
1956-10-14,1956,0,,cle,nyg,1632.958,1551.239,0.6994294555033849,0.30057054449661513,1594.514,1589.682,9,21
1956-10-21,1956,0,,wsh,cle,1424.947,1594.514,0.35390088367464717,0.6460991163253529,1458.66,1560.802,20,9
1956-10-21,1956,0,,det,sf,1551.971,1427.462,0.7485514411621331,0.2514485588378669,1558.389,1421.043,20,17
1956-10-21,1956,0,,nyg,pit,1589.682,1416.626,0.7974383902705113,0.20256160972948867,1601.992,1404.316,38,10
1956-10-21,1956,0,,gb,lar,1456.585,1534.655,0.4811996256370655,0.5188003743629346,1490.593,1500.647,42,17
1956-10-21,1956,0,,phi,ari,1530.057,1523.826,0.6010971336242664,0.3989028663757336,1496.411,1557.471,6,20
1956-10-21,1956,0,,chi,ind,1578.576,1422.541,0.781149847996267,0.21885015200373303,1592.361,1408.756,58,27
1956-10-28,1956,0,,cle,pit,1560.802,1404.316,0.7815933507491051,0.21840664925089492,1522.61,1442.508,16,24
1956-10-28,1956,0,,nyg,phi,1601.992,1496.411,0.7274936134173307,0.27250638658266935,1616.611,1481.792,20,3
1956-10-28,1956,0,,ind,gb,1408.756,1490.593,0.47578855937441156,0.5242114406255884,1430.726,1468.624,28,21
1956-10-28,1956,0,,sf,chi,1421.043,1592.361,0.3515995484356755,0.6484004515643245,1401.655,1611.749,21,38
1956-10-28,1956,0,,ari,wsh,1557.471,1458.66,0.7196995796566958,0.28030042034330416,1535.911,1480.219,14,17
1956-10-28,1956,0,,lar,det,1500.647,1558.389,0.5104435824770988,0.48955641752290124,1477.062,1581.974,7,16
1956-11-04,1956,0,,gb,cle,1468.624,1522.61,0.5158451126763324,0.4841548873236676,1438.654,1552.58,7,24
1956-11-04,1956,0,,ari,phi,1535.911,1481.792,0.6650105985265592,0.3349894014734408,1551.705,1465.999,28,17
1956-11-04,1956,0,,lar,chi,1477.062,1611.749,0.4010359228615627,0.5989640771384372,1457.743,1631.068,24,35
1956-11-04,1956,0,,pit,nyg,1442.508,1616.611,0.34795342620506137,0.6520465737949386,1433.317,1625.803,14,17
1956-11-04,1956,0,,sf,det,1401.655,1581.974,0.3398798870771574,0.6601201129228427,1391.26,1592.369,13,17
1956-11-11,1956,0,,lar,sf,1457.743,1391.26,0.6806753107118617,0.3193246892881383,1477.141,1371.862,30,6
1956-11-11,1956,0,,cle,ind,1552.58,1430.726,0.7456638517526326,0.2543361482473674,1508.445,1474.86,7,21
1956-11-11,1956,0,,nyg,ari,1625.803,1551.705,0.6901268611367779,0.3098731388632221,1641.186,1536.322,23,10
1956-11-11,1956,0,,wsh,det,1480.219,1592.369,0.4325592032594089,0.5674407967405911,1488.258,1584.331,18,17
1956-11-11,1956,0,,chi,gb,1631.068,1438.654,0.8148434156573857,0.18515658434261428,1641.739,1427.983,38,14
1956-11-11,1956,0,,phi,pit,1465.999,1433.317,0.6369851944561145,0.36301480554388554,1480.454,1418.861,14,7
1956-11-18,1956,0,,gb,sf,1427.983,1371.862,0.6675730137923104,0.3324269862076896,1418.189,1381.656,16,17
1956-11-18,1956,0,,pit,ari,1418.861,1536.322,0.42507113434083216,0.5749288656591678,1443.356,1511.827,14,7
1956-11-18,1956,0,,chi,lar,1641.739,1477.141,0.7894598041748565,0.2105401958251435,1650.519,1468.362,30,21
1956-11-18,1956,0,,det,ind,1584.331,1474.86,0.7319101959916648,0.26808980400833515,1600.321,1458.869,27,3
1956-11-18,1956,0,,wsh,nyg,1488.258,1641.186,0.3760954897086725,0.6239045102913274,1531.096,1598.348,33,7
1956-11-18,1956,0,,phi,cle,1480.454,1508.445,0.553059701388632,0.44694029861136797,1448.579,1540.32,0,16
1956-11-22,1956,0,,det,gb,1600.321,1418.189,0.8057466531070627,0.19425334689293727,1571.103,1447.407,20,24
1956-11-25,1956,0,,ind,lar,1458.869,1468.362,0.5792082372910162,0.4207917627089838,1488.285,1438.946,56,21
1956-11-25,1956,0,,ari,pit,1511.827,1443.356,0.683157545254089,0.316842454745911,1526.673,1428.51,38,27
1956-11-25,1956,0,,phi,sf,1448.579,1381.656,0.6812255884467732,0.31877441155322683,1443.052,1387.183,10,10
1956-11-25,1956,0,,cle,wsh,1540.32,1531.096,0.6052210296094722,0.3947789703905278,1522.954,1548.462,17,20
1956-11-25,1956,0,,nyg,chi,1598.348,1650.519,0.5184540288549992,0.48154597114500075,1597.785,1651.082,17,17
1956-12-02,1956,0,,cle,phi,1522.954,1443.052,0.6972260022178038,0.30277399778219616,1530.83,1435.176,17,14
1956-12-02,1956,0,,det,chi,1571.103,1651.082,0.478456832195567,0.521543167804433,1607.825,1614.36,42,10
1956-12-02,1956,0,,ari,gb,1526.673,1447.407,0.6964525772629117,0.30354742273708835,1506.008,1468.072,21,24
1956-12-02,1956,0,,nyg,wsh,1597.785,1548.462,0.6588325716549966,0.34116742834500335,1615.35,1530.897,28,14
1956-12-02,1956,0,,pit,lar,1428.51,1438.946,0.5778846424796514,0.42211535752034857,1452.321,1415.135,30,13
1956-12-02,1956,0,,ind,sf,1488.285,1387.183,0.7223523093484013,0.27764769065159867,1466.622,1408.846,17,20
1956-12-08,1956,0,,sf,gb,1408.846,1468.072,0.5083086890480787,0.4916913109519213,1437.725,1439.193,38,20
1956-12-09,1956,0,,det,pit,1607.825,1452.321,0.7806268446445582,0.21937315535544177,1622.434,1437.711,45,7
1956-12-09,1956,0,,chi,ari,1614.36,1506.008,0.7306443769389865,0.26935562306101346,1624.744,1495.624,10,3
1956-12-09,1956,0,,nyg,cle,1615.35,1530.83,0.7028082011521415,0.2971917988478585,1571.76,1574.42,7,24
1956-12-09,1956,0,,lar,ind,1415.135,1466.622,0.5194369703973661,0.48056302960263386,1445.884,1435.873,31,7
1956-12-09,1956,0,,wsh,phi,1530.897,1435.176,0.7160972937118224,0.2839027062881776,1536.71,1429.363,19,17
1956-12-15,1956,0,,phi,nyg,1429.363,1571.76,0.3904233715444839,0.6095766284555161,1408.936,1592.187,7,21
1956-12-16,1956,0,,chi,det,1624.744,1622.434,0.5956729046857601,0.40432709531423994,1647.423,1599.755,38,21
1956-12-16,1956,0,,wsh,pit,1536.71,1437.711,0.7199178452376882,0.2800821547623118,1487.266,1487.156,0,23
1956-12-16,1956,0,,cle,ari,1574.42,1495.624,0.6958803055452366,0.3041196944547634,1531.38,1538.664,7,24
1956-12-16,1956,0,,sf,ind,1437.725,1435.873,0.5950377621849167,0.40496223781508334,1458.469,1415.129,30,17
1956-12-16,1956,0,,lar,gb,1445.884,1439.193,0.6017318925891124,0.3982681074108876,1471.859,1413.217,49,21
1956-12-23,1956,0,,ind,wsh,1415.129,1487.266,0.48973047581003165,0.5102695241899684,1426.378,1476.017,19,17
1956-12-30,1956,0,c,nyg,chi,1592.187,1647.423,0.5140478274867122,0.4859521725132878,1628.12,1611.49,47,7
1957-09-29,1957,0,,ind,det,1452.585,1568.17,0.427712397014429,0.572287602985571,1488.252,1532.503,34,14
1957-09-29,1957,0,,cle,nyg,1522.587,1587.08,0.5007296311334384,0.4992703688665616,1536.426,1573.241,6,3
1957-09-29,1957,0,,lar,phi,1482.906,1440.957,0.6492280928715667,0.3507719071284333,1493.673,1430.19,17,13
1957-09-29,1957,0,,gb,chi,1443.812,1575.994,0.40450457022049857,0.5954954297795014,1463.584,1556.222,21,17
1957-09-29,1957,0,,sf,ari,1473.98,1527.443,0.5165969778722589,0.4834030221277411,1449.074,1552.348,10,20
1957-09-29,1957,0,,pit,wsh,1493.104,1485.678,0.6027454166361678,0.39725458336383224,1516.88,1461.902,28,7
1957-10-05,1957,0,,ind,chi,1488.252,1556.222,0.49572593052874747,0.5042740694712525,1513.347,1531.126,21,10
1957-10-05,1957,0,,pit,cle,1516.88,1536.426,0.5650429012560202,0.4349570987439798,1488.206,1565.1,12,23
1957-10-05,1957,0,,phi,nyg,1430.19,1573.241,0.3895277636209243,0.6104722363790758,1418.081,1585.349,20,24
1957-10-06,1957,0,,gb,det,1463.584,1532.503,0.4943603448204262,0.5056396551795739,1439.917,1556.169,14,24
1957-10-06,1957,0,,sf,lar,1449.074,1493.673,0.5293257027926664,0.47067429720733356,1462.004,1480.743,23,20
1957-10-06,1957,0,,ari,wsh,1552.348,1461.902,0.7098836648204392,0.2901163351795608,1503.797,1510.454,14,37
1957-10-13,1957,0,,chi,sf,1531.126,1462.004,0.6839681374721597,0.3160318625278403,1507.681,1485.45,17,21
1957-10-13,1957,0,,wsh,nyg,1510.454,1585.349,0.48576379917776863,0.5142362008222314,1494.888,1600.915,20,24
1957-10-13,1957,0,,cle,phi,1565.1,1418.081,0.7721479165994367,0.2278520834005633,1577.114,1406.067,24,7
1957-10-13,1957,0,,det,lar,1556.169,1480.743,0.6917592881029139,0.30824071189708613,1564.203,1472.71,10,7
1957-10-13,1957,0,,pit,ari,1488.206,1503.797,0.5706297725296108,0.4293702274703892,1507.545,1484.458,29,20
1957-10-13,1957,0,,gb,ind,1439.917,1513.347,0.48787063495220817,0.5121293650477918,1407.187,1546.078,17,45
1957-10-20,1957,0,,det,ind,1564.203,1546.078,0.6173950180658979,0.3826049819341021,1576.07,1534.211,31,27
1957-10-20,1957,0,,gb,sf,1407.187,1485.45,0.48092227481835026,0.5190777251816497,1384.261,1508.375,14,24
1957-10-20,1957,0,,nyg,pit,1600.915,1507.545,0.7133378901779217,0.2866621098220783,1620.081,1488.379,35,0
1957-10-20,1957,0,,wsh,ari,1494.888,1484.458,0.6068785243411842,0.39312147565881583,1451.728,1527.618,14,44
1957-10-20,1957,0,,phi,cle,1406.067,1577.114,0.35195527563273243,0.6480447243672676,1438.72,1544.461,17,7
1957-10-20,1957,0,,chi,lar,1507.681,1472.71,0.6400265395612573,0.3599734604387427,1522.812,1457.579,34,26
1957-10-27,1957,0,,ari,cle,1527.618,1544.461,0.5688630610651496,0.4311369389348504,1499.726,1572.353,7,17
1957-10-27,1957,0,,lar,det,1457.579,1576.07,0.42362278115383367,0.5763772188461663,1492.367,1541.282,35,17
1957-10-27,1957,0,,nyg,wsh,1620.081,1451.728,0.7930301068999137,0.2069698931000863,1568.798,1503.01,14,31
1957-10-27,1957,0,,pit,phi,1488.379,1438.72,0.6592671860076197,0.3407328139923803,1500.983,1426.116,6,0
1957-10-27,1957,0,,sf,chi,1508.375,1522.812,0.5722566039251993,0.4277433960748007,1521.835,1509.353,21,17
1957-10-27,1957,0,,ind,gb,1534.211,1384.261,0.7751026967232102,0.2248973032767898,1510.393,1408.078,21,24
1957-11-03,1957,0,,gb,nyg,1408.078,1568.798,0.3656304347957465,0.6343695652042536,1389.101,1587.776,17,31
1957-11-03,1957,0,,sf,det,1521.835,1541.282,0.565182957549485,0.434817042450515,1535.547,1527.57,35,31
1957-11-03,1957,0,,cle,wsh,1572.353,1503.01,0.6842430617059284,0.3157569382940716,1581.932,1493.431,21,17
1957-11-03,1957,0,,ind,pit,1510.393,1500.983,0.6054768220438738,0.39452317795612624,1486.004,1525.372,13,19
1957-11-03,1957,0,,ari,phi,1499.726,1426.116,0.6895257979728967,0.3104742020271033,1457.186,1468.656,21,38
1957-11-03,1957,0,,lar,chi,1492.367,1509.353,0.5686611596804924,0.43133884031950764,1469.742,1531.978,10,16
1957-11-10,1957,0,,phi,det,1468.656,1527.57,0.5087575623354645,0.49124243766453546,1443.302,1552.924,16,27
1957-11-10,1957,0,,wsh,ind,1493.431,1486.004,0.6027467949822426,0.3972532050177574,1473.369,1506.066,17,21
1957-11-10,1957,0,,cle,pit,1581.932,1525.372,0.6681335854790581,0.3318664145209419,1602.178,1505.126,24,0
1957-11-10,1957,0,,chi,gb,1531.978,1389.101,0.767925842355208,0.232074157644792,1540.796,1380.283,21,14
1957-11-10,1957,0,,lar,sf,1469.742,1535.547,0.4988415139481506,0.5011584860518494,1496.203,1509.085,37,24
1957-11-10,1957,0,,nyg,ari,1587.776,1457.186,0.7550826757208584,0.2449173242791416,1599.647,1445.314,27,14
1957-11-17,1957,0,,wsh,cle,1473.369,1602.178,0.4091901814039901,0.5908098185960099,1476.139,1599.408,30,30
1957-11-17,1957,0,,gb,lar,1380.283,1496.203,0.42724043612635604,0.572759563873644,1366.841,1509.644,27,31
1957-11-17,1957,0,,nyg,phi,1599.647,1443.302,0.781454764298733,0.21854523570126705,1610.128,1432.821,13,0
1957-11-17,1957,0,,chi,ind,1540.796,1506.066,0.6397068521679959,0.36029314783200406,1503.639,1543.224,14,29
1957-11-17,1957,0,,det,sf,1552.924,1509.085,0.6517017004435306,0.3482982995564694,1573.441,1488.568,31,10
1957-11-24,1957,0,,ind,sf,1543.224,1488.568,0.6656988827277537,0.3343011172722463,1555.563,1476.229,27,21
1957-11-24,1957,0,,phi,wsh,1432.821,1476.139,0.5311624628215305,0.46883753717846954,1454.201,1454.759,21,12
1957-11-24,1957,0,,pit,gb,1505.126,1366.841,0.7631816214060013,0.23681837859399868,1456.517,1415.451,10,27
1957-11-24,1957,0,,cle,lar,1599.408,1509.644,0.709074462949274,0.290925537050726,1614.13,1494.923,45,31
1957-11-24,1957,0,,ari,nyg,1445.314,1610.128,0.36018170743699,0.63981829256301,1430.985,1624.457,21,28
1957-11-24,1957,0,,det,chi,1573.441,1503.639,0.6848136463343046,0.31518635366569536,1529.021,1548.06,7,27
1957-11-28,1957,0,,det,gb,1529.021,1415.451,0.7365146872149873,0.26348531278501275,1541.523,1402.949,18,6
1957-12-01,1957,0,,cle,ari,1614.13,1430.985,0.8066577348013612,0.19334226519863884,1626.173,1418.942,31,0
1957-12-01,1957,0,,phi,pit,1454.201,1456.517,0.5892433016862633,0.41075669831373673,1459.738,1450.98,7,6
1957-12-01,1957,0,,ind,lar,1555.563,1494.923,0.6733205227678382,0.32667947723216184,1573.427,1477.059,31,14
1957-12-01,1957,0,,nyg,sf,1624.457,1476.229,0.7733700312980755,0.22662996870192453,1583.387,1517.299,17,27
1957-12-01,1957,0,,chi,wsh,1548.06,1454.759,0.7132566619141143,0.2867433380858857,1509.864,1492.955,3,14
1957-12-07,1957,0,,pit,nyg,1450.98,1583.387,0.4041926192741494,0.5958073807258506,1481.527,1552.841,21,10
1957-12-08,1957,0,,det,cle,1541.523,1626.173,0.4717514901167371,0.5282485098832629,1569.655,1598.04,20,7
1957-12-08,1957,0,,sf,ind,1517.299,1573.427,0.5127650598887962,0.48723494011120383,1532.919,1557.807,17,13
1957-12-08,1957,0,,wsh,phi,1492.955,1459.738,0.6376970299404411,0.3623029700595589,1517.811,1434.881,42,7
1957-12-08,1957,0,,ari,chi,1418.942,1509.864,0.46276430944596114,0.5372356905540389,1398.843,1529.963,6,14
1957-12-08,1957,0,,lar,gb,1477.059,1402.949,0.690141633300154,0.309858366699846,1496.049,1383.959,42,17
1957-12-14,1957,0,,phi,ari,1434.881,1398.843,0.6414404238165196,0.35855957618348044,1413.24,1420.484,27,31
1957-12-15,1957,0,,nyg,cle,1552.841,1598.04,0.5284651173957289,0.4715348826042711,1532.087,1618.794,28,34
1957-12-15,1957,0,,wsh,pit,1517.811,1481.527,0.6417660515650967,0.3582339484349033,1532.054,1467.284,10,3
1957-12-15,1957,0,,lar,ind,1496.049,1557.807,0.5046654776349839,0.49533452236501607,1524.075,1529.78,37,21
1957-12-15,1957,0,,sf,gb,1532.919,1383.959,0.7741077160981326,0.22589228390186744,1541.481,1375.397,27,20
1957-12-15,1957,0,,chi,det,1529.963,1569.655,0.5363568593061678,0.46364314069383217,1506.119,1593.5,13,21
1957-12-22,1957,0,,ari,pit,1420.484,1467.284,0.5261679742814442,0.47383202571855576,1385.912,1501.856,2,27
1957-12-22,1957,0,d,sf,det,1541.481,1593.5,0.5186724729214243,0.48132752707857573,1524.687,1610.294,27,31
1957-12-29,1957,0,c,det,cle,1610.294,1618.794,0.5806007819539538,0.4193992180460462,1641.605,1587.483,59,14
1958-09-28,1958,0,,ind,det,1521.52,1596.07,0.48625990545437314,0.5137400945456269,1548.754,1568.836,28,15
1958-09-28,1958,0,,ari,nyg,1425.608,1523.058,0.45343601461111377,0.5465639853888862,1394.919,1553.747,7,37
1958-09-28,1958,0,,gb,chi,1418.598,1505.746,0.46816957049307456,0.5318304295069254,1393.494,1530.85,20,34
1958-09-28,1958,0,,sf,pit,1518.124,1502.904,0.6134371724059724,0.3865628275940276,1528.465,1492.563,23,20
1958-09-28,1958,0,,phi,wsh,1443.827,1523.036,0.4795629979397556,0.5204370020602445,1420.975,1545.887,14,24
1958-09-28,1958,0,,lar,cle,1517.717,1559.989,0.5326616447540471,0.4673383552459529,1502.794,1574.911,27,30
1958-10-04,1958,0,,ind,chi,1548.754,1530.85,0.6170944612926734,0.3829055387073266,1568.23,1511.373,51,38
1958-10-04,1958,0,,ari,wsh,1394.919,1545.887,0.3787466193322894,0.6212533806677105,1438.005,1502.801,37,10
1958-10-05,1958,0,,pit,cle,1492.563,1574.911,0.4750549483565015,0.5249450516434985,1459.321,1608.154,12,45
1958-10-05,1958,0,,sf,lar,1528.465,1502.794,0.6276022803769583,0.3723977196230417,1483.509,1547.751,3,33
1958-10-05,1958,0,,phi,nyg,1420.975,1553.747,0.4036867302647105,0.5963132697352895,1438.034,1536.689,27,24
1958-10-05,1958,0,,gb,det,1393.494,1568.836,0.3463370062989214,0.6536629937010786,1398.18,1564.149,13,13
1958-10-12,1958,0,,chi,sf,1511.373,1483.509,0.6305479299495728,0.36945207005042724,1533.603,1461.279,28,6
1958-10-12,1958,0,,pit,phi,1459.321,1438.034,0.6216853641088609,0.3783146358911391,1481.826,1415.529,24,3
1958-10-12,1958,0,,wsh,nyg,1502.801,1536.689,0.5446544730439977,0.4553455269560023,1479.824,1559.665,14,21
1958-10-12,1958,0,,cle,ari,1608.154,1438.005,0.7947218768537544,0.2052781231462456,1615.867,1430.292,35,28
1958-10-12,1958,0,,det,lar,1564.149,1547.751,0.615043949232506,0.38495605076749395,1529.558,1582.342,28,42
1958-10-12,1958,0,,gb,ind,1398.18,1568.23,0.35326539624594183,0.6467346037540582,1384.158,1582.253,17,24
1958-10-19,1958,0,,wsh,gb,1479.824,1384.158,0.716032922799779,0.28396707720022096,1494.82,1369.162,37,21
1958-10-19,1958,0,,det,ind,1529.558,1582.253,0.5177009181205197,0.48229908187948034,1495.241,1616.57,14,40
1958-10-19,1958,0,,phi,sf,1415.529,1461.279,0.5276746639509383,0.4723253360490617,1394.812,1481.996,24,30
1958-10-19,1958,0,,cle,pit,1615.867,1481.826,0.7587378264437636,0.24126217355623636,1628.656,1469.037,27,10
1958-10-19,1958,0,,chi,lar,1533.603,1582.342,0.5233843880115346,0.47661561198846536,1562.852,1553.093,31,10
1958-10-19,1958,0,,nyg,ari,1559.665,1430.292,0.7537847934745642,0.24621520652543583,1511.868,1478.09,6,23
1958-10-26,1958,0,,ari,cle,1478.09,1628.656,0.3792912736658106,0.6207087263341894,1458.316,1648.43,24,38
1958-10-26,1958,0,,nyg,pit,1511.868,1469.037,0.6503834507626559,0.3496165492373441,1528.431,1452.473,17,6
1958-10-26,1958,0,,sf,chi,1481.996,1562.852,0.4771972104233389,0.5228027895766612,1456.989,1587.859,14,27
1958-10-26,1958,0,,ind,wsh,1616.57,1494.82,0.7455502973228535,0.2544497026771465,1631.853,1479.537,35,10
1958-10-26,1958,0,,gb,phi,1369.162,1394.812,0.5563883017212231,0.4436116982787769,1381.246,1382.728,38,35
1958-10-26,1958,0,,lar,det,1553.093,1495.241,0.669780610079358,0.33021938992064204,1512.085,1536.249,24,41
1958-11-02,1958,0,,cle,nyg,1648.43,1528.431,0.7436334245809559,0.25636657541904406,1622.296,1554.565,17,21
1958-11-02,1958,0,,lar,chi,1512.085,1587.859,0.48449993572342936,0.5155000642765706,1532.246,1567.698,41,35
1958-11-02,1958,0,,sf,det,1456.989,1536.249,0.479489726099766,0.5205102739002341,1471.515,1521.723,24,21
1958-11-02,1958,0,,ind,gb,1631.853,1381.246,0.860179295818256,0.13982070418174397,1641.741,1371.358,56,0
1958-11-02,1958,0,,ari,phi,1458.316,1382.728,0.6919580980102724,0.3080419019897276,1452.462,1388.583,21,21
1958-11-02,1958,0,,pit,wsh,1452.473,1479.537,0.5543783618436557,0.44562163815634426,1471.724,1460.286,24,16
1958-11-09,1958,0,,phi,pit,1388.583,1471.724,0.47391670172869355,0.5260832982713064,1369.034,1491.272,24,31
1958-11-09,1958,0,,lar,sf,1532.246,1471.515,0.6734357357332876,0.32656426426671237,1556.415,1447.346,56,7
1958-11-09,1958,0,,nyg,ind,1554.565,1641.741,0.46812943876464436,0.5318705612353556,1569.462,1626.844,24,21
1958-11-09,1958,0,,wsh,ari,1460.286,1452.462,0.6032938693542018,0.3967061306457982,1481.084,1431.664,45,31
1958-11-09,1958,0,,cle,det,1622.296,1521.723,0.72174115863195,0.27825884136805,1574.772,1569.247,10,30
1958-11-09,1958,0,,chi,gb,1567.698,1371.358,0.8182289070511906,0.18177109294880944,1576.497,1362.559,24,10
1958-11-16,1958,0,,gb,lar,1362.559,1556.415,0.32262054489611364,0.6773794551038863,1346.473,1572.501,7,20
1958-11-16,1958,0,,wsh,cle,1481.084,1574.772,0.45880822085504896,0.541191779144951,1459.363,1596.492,10,20
1958-11-16,1958,0,,chi,ind,1576.497,1626.844,0.5210748682451275,0.4789251317548725,1546.173,1657.168,0,17
1958-11-16,1958,0,,phi,ari,1369.034,1431.664,0.5034106512681282,0.49658934873187177,1402.442,1398.257,49,21
1958-11-16,1958,0,,pit,nyg,1491.272,1569.462,0.48102717815892165,0.5189728218410783,1523.549,1537.185,31,10
1958-11-16,1958,0,,det,sf,1569.247,1447.346,0.7457151586636024,0.2542848413363976,1581.941,1434.652,35,21
1958-11-23,1958,0,,ari,pit,1398.257,1523.549,0.4140934455873201,0.5859065544126799,1381.495,1540.311,20,27
1958-11-23,1958,0,,gb,sf,1346.473,1434.652,0.4666921387762163,0.5333078612237837,1317.922,1463.203,12,33
1958-11-23,1958,0,,ind,lar,1657.168,1572.501,0.7029849156259852,0.2970150843740148,1675.701,1553.968,34,7
1958-11-23,1958,0,,nyg,wsh,1537.185,1459.363,0.69469243302156,0.30530756697843997,1556.875,1439.673,30,0
1958-11-23,1958,0,,det,chi,1581.941,1546.173,0.6410828773350741,0.3589171226649259,1546.48,1581.635,7,20
1958-11-23,1958,0,,cle,phi,1596.492,1402.442,0.8162600680951508,0.18373993190484916,1605.395,1393.538,28,14
1958-11-27,1958,0,,det,gb,1546.48,1317.922,0.84420518034682,0.15579481965317998,1553.072,1311.33,24,14
1958-11-30,1958,0,,pit,chi,1540.311,1581.635,0.5340198593943607,0.4659801406056393,1565.281,1556.665,24,10
1958-11-30,1958,0,,ari,lar,1381.495,1553.968,0.3500852920786732,0.6499147079213268,1368.504,1566.958,14,20
1958-11-30,1958,0,,nyg,phi,1556.875,1393.538,0.7882507454368411,0.21174925456315885,1567.266,1383.148,24,10
1958-11-30,1958,0,,ind,sf,1675.701,1463.203,0.8316556508978078,0.1683443491021922,1682.271,1456.633,35,27
1958-11-30,1958,0,,cle,wsh,1605.395,1439.673,0.7905332321762512,0.20946676782374885,1613.28,1431.789,21,14
1958-12-06,1958,0,,lar,ind,1566.958,1682.271,0.4280956979219271,0.571904302078073,1579.818,1669.41,30,28
1958-12-07,1958,0,,det,nyg,1553.072,1567.266,0.5725989711108923,0.4274010288891077,1540.193,1580.144,17,19
1958-12-07,1958,0,,chi,ari,1556.665,1368.504,0.8111211867105856,0.18887881328941436,1566.264,1358.906,30,14
1958-12-07,1958,0,,phi,cle,1383.148,1613.28,0.27876895747525754,0.7212310425247425,1372.364,1624.064,14,21
1958-12-07,1958,0,,wsh,pit,1431.789,1565.281,0.402689413336654,0.597310586663346,1434.756,1562.313,14,14
1958-12-07,1958,0,,sf,gb,1456.633,1311.33,0.7704053393704758,0.22959466062952416,1470.599,1297.364,48,21
1958-12-13,1958,0,,pit,ari,1562.313,1358.906,0.8242012546344942,0.17579874536550577,1571.37,1349.849,38,21
1958-12-14,1958,0,,sf,ind,1470.599,1669.41,0.31641896484455995,0.6835810351554401,1504.118,1635.892,21,12
1958-12-14,1958,0,,chi,det,1566.264,1540.193,0.6281402768631406,0.37185972313685944,1579.06,1527.397,21,16
1958-12-14,1958,0,,nyg,cle,1580.144,1624.064,0.5302993880780974,0.4697006119219026,1593.044,1611.165,13,10
1958-12-14,1958,0,,wsh,phi,1434.756,1372.364,0.6755350006511697,0.32446499934883033,1453.432,1353.689,20,0
1958-12-14,1958,0,,lar,gb,1579.818,1297.364,0.8808082070852328,0.11919179291476723,1585.393,1291.789,34,20
1958-12-21,1958,0,d,nyg,cle,1593.044,1611.165,0.5670578514729532,0.4329421485270468,1613.373,1590.835,10,0
1958-12-28,1958,0,c,nyg,ind,1613.373,1635.892,0.560832227999711,0.439167772000289,1591.117,1658.148,17,23
1959-09-26,1959,0,,lar,nyg,1558.595,1562.411,0.5871517993403572,0.4128482006596428,1545.325,1575.681,21,23
1959-09-26,1959,0,,pit,cle,1549.247,1562.223,0.5743139798067315,0.4256860201932685,1569.19,1542.28,17,7
1959-09-27,1959,0,,sf,phi,1504.412,1404.126,0.7214092434874957,0.2785907565125043,1516.839,1391.699,24,14
1959-09-27,1959,0,,ind,det,1607.099,1519.931,0.7059821389926273,0.2940178610073727,1621.206,1505.824,21,9
1959-09-27,1959,0,,gb,chi,1362.859,1554.373,0.32557379233301326,0.6744262076669867,1382.699,1534.533,9,6
1959-09-27,1959,0,,ari,wsh,1401.566,1470.621,0.49416465086155864,0.5058353491384413,1435.695,1436.492,49,21
1959-10-03,1959,0,,ind,chi,1621.206,1534.533,0.7053903280275431,0.2946096719724569,1594.056,1561.683,21,26
1959-10-04,1959,0,,gb,det,1382.699,1505.824,0.4171231574835323,0.5828768425164677,1417.956,1470.568,28,10
1959-10-04,1959,0,,pit,wsh,1569.19,1436.492,0.757319813820045,0.24268018617995502,1536.807,1468.876,17,23
1959-10-04,1959,0,,phi,nyg,1391.699,1575.681,0.3351651098214483,0.6648348901785517,1439.033,1528.348,49,21
1959-10-04,1959,0,,ari,cle,1435.695,1542.28,0.44043852883433077,0.5595614711656692,1406.887,1571.088,7,34
1959-10-04,1959,0,,sf,lar,1516.839,1545.325,0.5523552552411141,0.44764474475888594,1548.15,1514.014,34,0
1959-10-11,1959,0,,cle,nyg,1571.088,1528.348,0.6502643285484788,0.3497356714515212,1549.079,1550.357,6,10
1959-10-11,1959,0,,det,ind,1470.568,1594.056,0.4166151991815062,0.5833848008184939,1453.69,1610.934,24,31
1959-10-11,1959,0,,wsh,ari,1468.876,1406.887,0.6750263107132686,0.3249736892867314,1483.025,1392.738,23,14
1959-10-11,1959,0,,phi,pit,1439.033,1536.807,0.4529738253086306,0.5470261746913694,1456.907,1518.932,28,24
1959-10-11,1959,0,,gb,sf,1417.956,1548.15,0.4072641570908501,0.5927358429091498,1426.424,1539.682,21,20
1959-10-11,1959,0,,chi,lar,1561.683,1514.014,0.6566892477374013,0.34331075226259866,1532.898,1542.799,21,28
1959-10-18,1959,0,,wsh,pit,1483.025,1518.932,0.5417706093703546,0.4582293906296454,1449.083,1552.874,6,27
1959-10-18,1959,0,,cle,ari,1549.079,1392.738,0.7814508318443827,0.2185491681556173,1558.602,1383.215,17,7
1959-10-18,1959,0,,gb,lar,1426.424,1542.799,0.4265996268512488,0.5734003731487511,1395.669,1573.555,6,45
1959-10-18,1959,0,,det,sf,1453.69,1539.682,0.4698267909791143,0.5301732090208857,1424.919,1568.453,13,34
1959-10-18,1959,0,,chi,ind,1532.898,1610.934,0.48124848657198693,0.5187515134280131,1506.986,1636.845,7,21
1959-10-18,1959,0,,nyg,phi,1550.357,1456.907,0.7134320506434705,0.2865679493565295,1565.809,1441.454,24,7
1959-10-25,1959,0,,cle,wsh,1558.602,1449.083,0.7319644094607092,0.2680355905392908,1575.152,1432.533,34,7
1959-10-25,1959,0,,lar,det,1573.555,1424.919,0.7737814097983851,0.22621859020161494,1532.455,1466.019,7,17
1959-10-25,1959,0,,sf,chi,1568.453,1506.986,0.6743667978896345,0.3256332021103655,1576.99,1498.449,20,17
1959-10-25,1959,0,,ind,gb,1636.845,1395.669,0.8535213326296861,0.1464786673703139,1644.278,1388.235,38,21
1959-10-25,1959,0,,pit,nyg,1552.874,1565.809,0.5743716791288345,0.42562832087116553,1531.792,1586.891,16,21
1959-10-25,1959,0,,ari,phi,1383.215,1441.454,0.5097286331490857,0.4902713668509143,1366.757,1457.912,24,28
1959-11-01,1959,0,,ari,pit,1366.757,1531.792,0.3598885850593284,0.6401114149406716,1408.214,1490.335,45,24
1959-11-01,1959,0,,sf,det,1576.99,1466.019,0.7336010790167887,0.2663989209832113,1593.25,1449.76,33,7
1959-11-01,1959,0,,phi,wsh,1457.912,1432.533,0.6272093431897049,0.3727906568102951,1472.804,1417.641,30,23
1959-11-01,1959,0,,nyg,gb,1586.891,1388.235,0.8202033693078727,0.17979663069212726,1596.172,1378.954,20,3
1959-11-01,1959,0,,ind,cle,1644.278,1575.152,0.6839731146205635,0.31602688537943646,1613.986,1605.445,31,38
1959-11-01,1959,0,,lar,chi,1532.455,1498.449,0.6387457189596335,0.3612542810403665,1508.486,1522.417,21,26
1959-11-08,1959,0,,cle,phi,1605.445,1472.804,0.7572595049963629,0.24274049500363715,1619.214,1459.035,28,7
1959-11-08,1959,0,,wsh,ind,1417.641,1613.986,0.31949738024461505,0.680502619755385,1437.706,1593.92,27,24
1959-11-08,1959,0,,nyg,ari,1596.172,1408.214,0.8109420937155243,0.18905790628447572,1602.771,1401.615,9,3
1959-11-08,1959,0,,pit,det,1490.335,1449.76,0.6474247630169366,0.35257523698306337,1485.839,1454.256,10,10
1959-11-08,1959,0,,chi,gb,1522.417,1378.954,0.7685264718200571,0.23147352817994293,1532.925,1368.446,28,17
1959-11-08,1959,0,,lar,sf,1508.486,1593.25,0.4715879576289425,0.5284120423710574,1487.947,1613.789,16,24
1959-11-15,1959,0,,det,lar,1454.256,1487.947,0.5449357032950737,0.4550642967049263,1471.718,1470.485,23,17
1959-11-15,1959,0,,phi,ari,1459.035,1401.615,0.6692303629779228,0.3307696370220772,1474.062,1386.588,27,17
1959-11-15,1959,0,,gb,ind,1368.446,1593.92,0.2841918592218457,0.7158081407781542,1359.92,1602.446,24,28
1959-11-15,1959,0,,nyg,pit,1602.771,1485.839,0.7402531612319928,0.2597468387680072,1573.853,1514.757,9,14
1959-11-15,1959,0,,wsh,cle,1437.706,1619.214,0.33834594629991904,0.661654053700081,1420.303,1636.618,17,31
1959-11-15,1959,0,,chi,sf,1532.925,1613.789,0.47718572145531546,0.5228142785446845,1559.096,1587.618,14,3
1959-11-22,1959,0,,cle,pit,1636.618,1514.757,0.7456714936397473,0.2543285063602527,1625.321,1526.054,20,21
1959-11-22,1959,0,,phi,lar,1474.062,1470.485,0.5974282725437998,0.4025717274562002,1484.886,1459.661,23,20
1959-11-22,1959,0,,gb,wsh,1359.92,1420.303,0.50664400602069,0.49335599397930996,1390.356,1389.867,21,0
1959-11-22,1959,0,,ind,sf,1602.446,1587.618,0.6129019393329553,0.38709806066704466,1628.338,1561.726,45,14
1959-11-22,1959,0,,ari,nyg,1386.588,1573.853,0.3309671766456237,0.6690328233543763,1371.551,1588.89,20,30
1959-11-22,1959,0,,det,chi,1471.718,1559.096,0.46783992925779455,0.5321600707422054,1449.507,1581.307,14,24
1959-11-26,1959,0,,det,gb,1449.507,1390.356,0.6714323701219213,0.32856762987807875,1419.913,1419.95,17,24
1959-11-29,1959,0,,ind,lar,1628.338,1459.661,0.7933360637231047,0.20666393627689528,1638.457,1449.543,35,21
1959-11-29,1959,0,,cle,sf,1625.321,1561.726,0.6770510303226839,0.3229489696773161,1615.352,1571.694,20,21
1959-11-29,1959,0,,nyg,wsh,1588.89,1389.867,0.8205147065047435,0.17948529349525655,1599.998,1378.759,45,14
1959-11-29,1959,0,,pit,phi,1526.054,1484.886,0.648203574919076,0.351796425080924,1549.316,1461.624,31,0
1959-11-29,1959,0,,ari,chi,1371.551,1581.307,0.3029514464207012,0.6970485535792987,1353.252,1599.606,7,31
1959-12-05,1959,0,,sf,ind,1571.694,1638.457,0.4974628608266675,0.5025371391733324,1541.428,1668.723,14,34
1959-12-06,1959,0,,wsh,phi,1378.759,1461.624,0.4743128330792282,0.5256871669207718,1350.111,1490.272,14,34
1959-12-06,1959,0,,nyg,cle,1599.998,1615.352,0.5709640048809463,0.42903599511905366,1631.362,1583.988,48,7
1959-12-06,1959,0,,lar,gb,1449.543,1419.95,0.6328635078260995,0.36713649217390054,1410.6,1458.893,20,38
1959-12-06,1959,0,,chi,pit,1599.606,1549.316,0.6600826575837067,0.33991734241629334,1612.177,1536.746,27,21
1959-12-06,1959,0,,det,ari,1419.913,1353.252,0.6808979838169111,0.31910201618308887,1439.296,1333.869,45,21
1959-12-12,1959,0,,lar,ind,1410.6,1668.723,0.24755309489837293,0.752446905101627,1396.965,1682.358,26,45
1959-12-13,1959,0,,phi,cle,1490.272,1583.988,0.45876819936755364,0.5412318006324464,1471.439,1602.822,21,28
1959-12-13,1959,0,,pit,ari,1536.746,1333.869,0.823758757918824,0.17624124208117598,1545.458,1325.157,35,20
1959-12-13,1959,0,,wsh,nyg,1350.111,1631.362,0.22359449468811157,0.7764055053118885,1339.084,1642.388,10,24
1959-12-13,1959,0,,sf,gb,1541.428,1458.893,0.7004160274199678,0.2995839725800322,1494.347,1505.973,14,36
1959-12-13,1959,0,,chi,det,1612.177,1439.296,0.7972756188560814,0.20272438114391855,1621.269,1430.204,25,14
1959-12-27,1959,0,c,ind,nyg,1682.358,1642.388,0.6466293828032526,0.35337061719674745,1701.061,1623.685,31,16
1960-09-09,1960,0,,ne,den,1300.0,1300.0,0.5924662305843318,0.4075337694156682,1283.073,1316.927,10,13
1960-09-10,1960,0,,lac,kc,1300.0,1300.0,0.5924662305843318,0.4075337694156682,1305.487,1294.513,21,20
1960-09-11,1960,0,,oak,ten,1300.0,1300.0,0.5924662305843318,0.4075337694156682,1266.146,1333.854,22,37
1960-09-11,1960,0,,nyj,buf,1300.0,1300.0,0.5924662305843318,0.4075337694156682,1325.483,1274.517,27,3
1960-09-16,1960,0,,oak,kc,1266.146,1294.513,0.5525246262393084,0.4474753737606916,1233.058,1327.601,16,34
1960-09-17,1960,0,,nyj,ne,1325.483,1283.073,0.6498321896568976,0.3501678103431024,1303.492,1305.064,24,28
1960-09-18,1960,0,,buf,den,1274.517,1316.927,0.5324638891129383,0.4675361108870617,1253.579,1337.864,21,27
1960-09-18,1960,0,,ten,lac,1333.854,1305.487,0.6312222024607176,0.3687777975392824,1350.819,1288.522,38,28
1960-09-23,1960,0,,nyj,den,1303.492,1337.864,0.5439634111236077,0.4560365888763923,1317.97,1323.387,28,24
1960-09-23,1960,0,,lar,ari,1432.976,1385.105,0.6569513526783551,0.34304864732164486,1389.551,1428.53,21,43
1960-09-23,1960,0,,ne,buf,1305.064,1253.579,0.661624413250739,0.33837558674926105,1268.191,1290.453,0,13
1960-09-24,1960,0,,dal,pit,1300.0,1531.972,0.2766443836864976,0.7233556163135024,1289.306,1542.666,28,35
1960-09-25,1960,0,,sf,nyg,1497.898,1584.124,0.4694912779468241,0.5305087220531759,1487.681,1594.341,19,21
1960-09-25,1960,0,,ind,wsh,1635.707,1394.39,0.8536227795688666,0.14637722043113344,1643.531,1386.566,20,0
1960-09-25,1960,0,,phi,cle,1482.626,1570.215,0.46753754393625324,0.5324624560637468,1455.873,1596.967,24,41
1960-09-25,1960,0,,kc,lac,1327.601,1288.522,0.6454565258185749,0.35454347418142507,1347.17,1268.952,17,0
1960-09-25,1960,0,,gb,chi,1505.649,1582.512,0.48293440207772337,0.5170655979222767,1492.331,1595.83,14,17
1960-09-25,1960,0,,ten,oak,1350.819,1233.058,0.741169681992171,0.25883031800782896,1339.614,1244.264,13,14
1960-09-30,1960,0,,dal,phi,1289.306,1455.873,0.35785950585515264,0.6421404941448474,1281.79,1463.389,25,27
1960-10-02,1960,0,,den,oak,1323.387,1244.264,0.6962785248503391,0.30372147514966086,1339.864,1227.786,31,14
1960-10-02,1960,0,,buf,lac,1290.453,1268.952,0.6219750505079994,0.3780249494920006,1255.388,1304.018,10,24
1960-10-02,1960,0,,cle,pit,1596.967,1542.666,0.6652439505687872,0.33475604943121284,1610.921,1528.712,28,20
1960-10-02,1960,0,,kc,nyj,1347.17,1317.97,0.632337713096328,0.367662286903672,1332.655,1332.485,35,37
1960-10-02,1960,0,,ari,nyg,1428.53,1594.341,0.3588601695686616,0.6411398304313384,1407.317,1615.554,14,35
1960-10-02,1960,0,,gb,det,1492.331,1455.136,0.6429707928887978,0.35702920711120223,1512.773,1434.694,28,9
1960-10-02,1960,0,,sf,lar,1487.681,1389.551,0.7189080786885742,0.2810919213114258,1496.104,1381.128,13,9
1960-10-02,1960,0,,ind,chi,1643.531,1595.83,0.6567307756833306,0.3432692243166694,1666.934,1572.427,42,7
1960-10-08,1960,0,,lac,ne,1304.018,1268.191,0.6411610212653757,0.35883897873462434,1255.858,1316.35,0,35
1960-10-09,1960,0,,det,sf,1434.694,1496.104,0.5051662414409669,0.4948337585590331,1418.407,1512.392,10,14
1960-10-09,1960,0,,kc,oak,1332.655,1227.786,0.7266803222042897,0.2733196777957103,1321.738,1238.703,19,20
1960-10-09,1960,0,,ten,nyj,1339.614,1332.485,0.6023359757869559,0.39766402421304414,1354.599,1317.5,27,21
1960-10-09,1960,0,,wsh,dal,1386.566,1281.79,0.7265739800039566,0.27342601999604343,1399.588,1268.769,26,14
1960-10-09,1960,0,,gb,ind,1512.773,1666.934,0.37443149693862754,0.6255685030613725,1548.085,1631.622,35,21
1960-10-09,1960,0,,chi,lar,1572.427,1381.128,0.8138730824241386,0.18612691757586142,1579.36,1374.195,34,27
1960-10-09,1960,0,,pit,nyg,1528.712,1615.554,0.46860817968364576,0.5313918203163542,1518.517,1625.749,17,19
1960-10-09,1960,0,,phi,ari,1463.389,1407.317,0.6675104147992675,0.33248958520073246,1473.533,1397.173,31,27
1960-10-16,1960,0,,phi,det,1473.533,1418.407,0.6663007133671789,0.3336992866328211,1492.167,1399.773,28,10
1960-10-16,1960,0,,ind,lar,1631.622,1374.195,0.8648345939644815,0.13516540603551852,1638.007,1367.81,31,17
1960-10-16,1960,0,,oak,ne,1238.703,1316.35,0.48180753844513274,0.5181924615548672,1266.212,1288.841,27,14
1960-10-16,1960,0,,ten,kc,1354.599,1321.738,0.6372234269897477,0.36277657301025235,1371.256,1305.081,20,10
1960-10-16,1960,0,,pit,ari,1518.517,1397.173,0.7451066787363285,0.2548933212636715,1530.92,1384.77,27,14
1960-10-16,1960,0,,dal,cle,1268.769,1610.921,0.16862338540889707,0.8313766145911029,1257.574,1622.116,7,48
1960-10-16,1960,0,,chi,sf,1579.36,1512.392,0.6812818384079153,0.31871816159208466,1596.742,1495.01,27,10
1960-10-16,1960,0,,den,lac,1339.864,1255.858,0.7021898248648288,0.29781017513517116,1315.62,1280.103,19,23
1960-10-16,1960,0,,nyg,wsh,1625.749,1399.588,0.8423817658761967,0.15761823412380327,1615.307,1410.03,24,24
1960-10-16,1960,0,,buf,nyj,1255.388,1317.5,0.5041560703722527,0.49584392962774726,1239.138,1333.75,13,17
1960-10-23,1960,0,,det,ind,1399.773,1638.007,0.26948932503706985,0.7305106749629302,1441.626,1596.154,30,17
1960-10-23,1960,0,,gb,sf,1548.085,1495.01,0.663670473206565,0.336329526793435,1569.358,1473.737,41,14
1960-10-23,1960,0,,ari,dal,1384.77,1257.574,0.7514515820552047,0.24854841794479532,1389.792,1252.551,12,10
1960-10-23,1960,0,,lar,chi,1367.81,1596.742,0.2801599289905701,0.7198400710094299,1374.514,1590.037,24,24
1960-10-23,1960,0,,buf,oak,1239.138,1266.212,0.5543641408612751,0.44563585913872494,1268.938,1236.411,38,9
1960-10-23,1960,0,,wsh,pit,1410.03,1530.92,0.42025450776658324,0.5797454922334168,1412.462,1528.487,27,27
1960-10-23,1960,0,,den,ne,1315.62,1288.841,0.6290917518777663,0.37090824812223366,1330.428,1274.033,31,24
1960-10-23,1960,0,,nyj,ten,1333.75,1371.256,0.5394846606375717,0.4605153393624283,1304.161,1400.845,28,42
1960-10-23,1960,0,,cle,phi,1622.116,1492.167,0.7543996513366831,0.24560034866331693,1603.928,1510.355,29,31
1960-10-28,1960,0,,ne,lac,1274.033,1280.103,0.5840030674704632,0.41599693252953684,1233.213,1320.923,16,45
1960-10-28,1960,0,,nyj,oak,1304.161,1236.411,0.6822584931870076,0.3177415068129924,1294.095,1246.477,27,28
1960-10-30,1960,0,,lar,det,1374.514,1441.626,0.4969606251142596,0.5030393748857405,1401.091,1415.05,48,35
1960-10-30,1960,0,,sf,chi,1473.737,1590.037,0.4267052378523245,0.5732947621476755,1508.304,1555.47,25,7
1960-10-30,1960,0,,wsh,cle,1412.462,1603.928,0.32563446620908937,0.6743655337909107,1393.425,1622.965,10,31
1960-10-30,1960,0,,dal,ind,1252.551,1596.154,0.16745567327716557,0.8325443267228344,1241.661,1607.044,7,45
1960-10-30,1960,0,,pit,gb,1528.487,1569.358,0.5346687028725358,0.46533129712746424,1507.448,1590.397,13,19
1960-10-30,1960,0,,den,kc,1330.428,1305.081,0.6271662713532019,0.3728337286467981,1312.294,1323.215,14,17
1960-10-30,1960,0,,buf,ten,1268.938,1400.845,0.40488594838488345,0.5951140516151165,1277.447,1392.336,25,24
1960-10-30,1960,0,,nyg,ari,1615.307,1389.792,0.8418873909588063,0.15811260904119373,1574.967,1430.132,13,20
1960-11-04,1960,0,,ne,oak,1233.213,1246.477,0.5739086202925342,0.4260913797074658,1249.415,1230.275,34,28
1960-11-04,1960,0,,nyj,lac,1294.095,1320.923,0.5547139511343063,0.4452860488656937,1263.521,1351.497,7,21
1960-11-06,1960,0,,buf,kc,1277.447,1323.215,0.5276488391530134,0.4723511608469866,1246.676,1353.986,28,45
1960-11-06,1960,0,,ari,wsh,1430.132,1393.425,0.6423256666828173,0.3576743333171827,1455.004,1368.554,44,7
1960-11-06,1960,0,,phi,pit,1510.355,1507.448,0.5965003275632039,0.4034996724367961,1536.44,1481.363,34,7
1960-11-06,1960,0,,den,ten,1312.294,1392.336,0.47836633692765657,0.5216336630723435,1283.364,1421.266,25,45
1960-11-06,1960,0,,cle,nyg,1622.965,1574.967,0.6571160924623404,0.3428839075376596,1600.668,1597.264,13,17
1960-11-06,1960,0,,sf,det,1508.304,1415.05,0.7132013246371633,0.28679867536283665,1458.831,1464.523,0,24
1960-11-06,1960,0,,dal,lar,1241.661,1401.091,0.36735453159655024,0.6326454684034497,1218.709,1424.043,13,38
1960-11-06,1960,0,,ind,gb,1607.044,1590.397,0.615383262359694,0.384616737640306,1627.13,1570.311,38,24
1960-11-11,1960,0,,ne,nyj,1249.415,1263.521,0.5727229388028039,0.4272770611971961,1273.556,1239.38,38,21
1960-11-13,1960,0,,lac,ten,1351.497,1421.266,0.4931372883050339,0.5068627116949661,1365.581,1407.182,24,21
1960-11-13,1960,0,,det,lar,1464.523,1424.043,0.647299922539871,0.352700077460129,1471.918,1416.648,12,10
1960-11-13,1960,0,,oak,buf,1230.275,1246.676,0.5694869748962214,0.43051302510377865,1252.507,1224.444,20,7
1960-11-13,1960,0,,cle,ari,1600.668,1455.004,0.7707727061143069,0.22922729388569307,1603.568,1452.104,28,27
1960-11-13,1960,0,,chi,ind,1555.47,1627.13,0.49041666332503075,0.5095833366749692,1539.732,1642.868,20,24
1960-11-13,1960,0,,phi,wsh,1536.44,1368.554,0.7925885248468161,0.20741147515318392,1543.74,1361.254,19,13
1960-11-13,1960,0,,nyg,pit,1597.264,1481.363,0.7391103794142356,0.26088962058576437,1603.948,1474.679,27,24
1960-11-13,1960,0,,kc,den,1353.986,1283.364,0.6858316043188978,0.3141683956811022,1373.707,1263.642,34,7
1960-11-13,1960,0,,gb,dal,1570.311,1218.709,0.916686419810844,0.08331358018915602,1575.292,1213.728,41,7
1960-11-18,1960,0,,ne,kc,1273.556,1373.707,0.4495855401054691,0.5504144598945309,1311.226,1336.037,42,14
1960-11-20,1960,0,,gb,lar,1575.292,1416.648,0.783706507624861,0.21629349237513895,1556.124,1435.817,31,33
1960-11-20,1960,0,,lac,buf,1365.581,1224.444,0.76613600151032,0.23386399848967998,1308.077,1281.948,3,32
1960-11-20,1960,0,,pit,cle,1474.679,1603.568,0.4090788544251479,0.5909211455748521,1494.269,1583.978,14,10
1960-11-20,1960,0,,wsh,ari,1361.254,1452.104,0.46286735270915363,0.5371326472908464,1337.785,1475.573,14,26
1960-11-20,1960,0,,ten,den,1407.182,1263.642,0.7686053133221362,0.23139468667786378,1417.319,1253.506,20,10
1960-11-20,1960,0,,chi,det,1539.732,1471.918,0.6823383532057095,0.31766164679429054,1558.252,1453.398,28,7
1960-11-20,1960,0,,nyg,phi,1603.948,1543.74,0.672773292449541,0.327226707550459,1574.279,1573.408,10,17
1960-11-20,1960,0,,dal,sf,1213.728,1458.831,0.26177637061999126,0.7382236293800087,1201.315,1471.244,14,26
1960-11-24,1960,0,,nyj,kc,1239.38,1336.037,0.4545675743223335,0.5454324256776665,1260.917,1314.5,41,35
1960-11-24,1960,0,,det,gb,1453.398,1556.124,0.4459202974477963,0.5540797025522037,1483.153,1526.369,23,10
1960-11-25,1960,0,,ne,ten,1311.226,1417.319,0.44113664369558286,0.5588633563044172,1287.772,1440.773,10,24
1960-11-27,1960,0,,ind,sf,1642.868,1471.244,0.7961035888311038,0.20389641116889623,1603.668,1510.444,22,30
1960-11-27,1960,0,,phi,nyg,1573.408,1574.279,0.5912550705350915,0.4087449294649085,1590.861,1556.826,31,23
1960-11-27,1960,0,,chi,dal,1558.252,1201.315,0.9190020580859756,0.08099794191402443,1561.511,1198.056,17,7
1960-11-27,1960,0,,pit,wsh,1494.269,1337.785,0.7815913854266643,0.2184086145733357,1504.448,1327.606,22,10
1960-11-27,1960,0,,lac,oak,1308.077,1252.507,0.6668687540398959,0.3331312459601041,1328.409,1232.175,52,28
1960-11-27,1960,0,,den,buf,1253.506,1281.948,0.5524178812295099,0.44758211877049014,1251.907,1283.546,38,38
1960-11-27,1960,0,,ari,cle,1475.573,1583.978,0.43785813912114124,0.5621418608788588,1477.468,1582.083,17,17
1960-12-04,1960,0,,kc,ten,1314.5,1440.773,0.412724016244609,0.5872759837553909,1353.391,1401.883,24,0
1960-12-04,1960,0,,oak,lac,1232.175,1328.409,0.45517136069032954,0.5448286393096704,1203.283,1357.302,17,41
1960-12-04,1960,0,,cle,wsh,1582.083,1327.606,0.8628371948948592,0.13716280510514078,1588.035,1321.654,27,16
1960-12-04,1960,0,,den,nyj,1251.907,1260.917,0.5798857366275054,0.4201142633724946,1235.41,1277.415,27,30
1960-12-04,1960,0,,buf,ne,1283.546,1287.772,0.5865795708399343,0.4134204291600657,1309.446,1261.873,38,14
1960-12-04,1960,0,,chi,gb,1561.511,1526.369,0.640253296393536,0.359746703606464,1516.337,1571.543,13,41
1960-12-04,1960,0,,ind,det,1603.668,1483.153,0.7441992874674284,0.25580071253257164,1574.543,1512.277,15,20
1960-12-04,1960,0,,nyg,dal,1556.826,1198.056,0.9197840257126791,0.08021597428732086,1544.023,1210.858,31,31
1960-12-04,1960,0,,ari,phi,1477.468,1590.861,0.4308037811436653,0.5691962188563346,1454.637,1613.692,6,20
1960-12-04,1960,0,,lar,sf,1435.817,1510.444,0.4861491779037536,0.5138508220962463,1408.389,1537.872,7,23
1960-12-10,1960,0,,lac,den,1357.302,1235.41,0.745705334463989,0.254294665536011,1367.602,1225.11,41,33
1960-12-10,1960,0,,sf,gb,1537.872,1571.543,0.5449642529900074,0.4550357470099926,1508.692,1600.723,0,13
1960-12-11,1960,0,,ten,buf,1401.883,1309.446,0.712238378673649,0.28776162132635097,1413.684,1297.645,31,23
1960-12-11,1960,0,,wsh,nyg,1321.654,1544.023,0.2878418554161224,0.7121581445838776,1307.105,1558.572,3,17
1960-12-11,1960,0,,oak,nyj,1203.283,1277.415,0.4868610211263925,0.5131389788736075,1189.84,1290.857,28,31
1960-12-11,1960,0,,kc,ne,1353.391,1261.873,0.7111529124105282,0.28884708758947175,1372.565,1242.698,34,0
1960-12-11,1960,0,,lar,ind,1408.389,1574.543,0.35840601186864235,0.6415939881313577,1436.359,1546.574,10,3
1960-12-11,1960,0,,det,dal,1512.277,1210.858,0.8918016203144338,0.10819837968556623,1516.549,1206.587,23,14
1960-12-11,1960,0,,pit,phi,1504.448,1613.692,0.4366697303588183,0.5633302696411817,1526.822,1591.318,27,21
1960-12-11,1960,0,,cle,chi,1588.035,1516.337,0.6871646559507281,0.31283534404927194,1610.191,1494.181,42,0
1960-12-17,1960,0,,oak,den,1189.84,1225.11,0.5426807877413815,0.4573192122586185,1222.901,1192.048,48,10
1960-12-17,1960,0,,lar,gb,1436.359,1600.723,0.3607788851583178,0.6392211148416822,1417.663,1619.418,21,35
1960-12-18,1960,0,,wsh,phi,1307.105,1591.318,0.22064845890810572,0.7793515410918943,1297.482,1600.941,28,38
1960-12-18,1960,0,,ari,pit,1454.637,1526.822,0.4896614275941498,0.5103385724058502,1490.127,1491.332,38,7
1960-12-18,1960,0,,ten,ne,1413.684,1242.698,0.7955067905095333,0.20449320949046668,1424.149,1232.233,37,21
1960-12-18,1960,0,,det,chi,1516.549,1494.181,0.6231477939728993,0.3768522060271007,1542.725,1468.004,36,0
1960-12-18,1960,0,,nyg,cle,1558.572,1610.191,0.5192472914042219,0.4807527085957781,1530.277,1638.486,34,48
1960-12-18,1960,0,,sf,ind,1508.692,1546.574,0.5389468818206482,0.4610531181793518,1538.012,1517.254,34,10
1960-12-18,1960,0,,kc,buf,1372.565,1297.645,0.6911378561955284,0.30886214380447163,1389.352,1280.858,24,7
1960-12-18,1960,0,,lac,nyj,1367.602,1290.857,0.6933759214807426,0.30662407851925744,1379.582,1278.877,50,43
1960-12-26,1960,0,c,phi,gb,1600.941,1619.418,0.5665546725223771,0.4334453274776229,1614.604,1605.755,17,13
1961-01-01,1960,0,c,ten,lac,1424.149,1379.582,0.6526523285278636,0.3473476714721364,1438.688,1365.042,24,16
1961-09-09,1961,0,,ne,nyj,1323.155,1354.251,0.5486374917177174,0.45136250828228264,1315.43,1361.976,20,21
1961-09-09,1961,0,,ten,oak,1460.792,1316.934,0.7689307196336579,0.2310692803663421,1477.782,1299.944,55,0
1961-09-10,1961,0,,buf,den,1355.572,1296.365,0.6715034827568378,0.3284965172431622,1319.063,1332.874,10,22
1961-09-10,1961,0,,kc,lac,1427.902,1411.695,0.6147835970285793,0.3852164029714207,1391.73,1447.866,10,26
1961-09-16,1961,0,,ne,den,1315.43,1332.874,0.5680143571942043,0.43198564280579566,1343.907,1304.397,45,17
1961-09-17,1961,0,,gb,det,1572.17,1530.15,0.6493211628601988,0.3506788371398012,1550.201,1552.119,13,17
1961-09-17,1961,0,,phi,cle,1578.07,1593.991,0.570164278479302,0.42983572152069804,1595.556,1576.505,27,20
1961-09-17,1961,0,,min,chi,1300.0,1480.336,0.3398579314299402,0.6601420685700599,1344.85,1435.487,37,13
1961-09-17,1961,0,,nyg,ari,1521.851,1495.085,0.6290742902901593,0.37092570970984073,1489.227,1527.71,10,21
1961-09-17,1961,0,,dal,pit,1306.058,1495.888,0.32770592002250276,0.6722940799774972,1325.819,1476.127,27,24
1961-09-17,1961,0,,buf,nyj,1319.063,1361.976,0.531742998244916,0.468257001755084,1341.297,1339.743,41,31
1961-09-17,1961,0,,sf,wsh,1527.008,1366.654,0.7853704338315165,0.2146295661684835,1540.623,1353.04,35,3
1961-09-17,1961,0,,lac,oak,1447.866,1299.944,0.7730611505307043,0.22693884946929566,1463.619,1284.191,44,0
1961-09-17,1961,0,,ind,lar,1513.169,1446.775,0.6805639432317283,0.3194360567682717,1521.527,1438.418,27,24
1961-09-23,1961,0,,buf,ne,1341.297,1343.907,0.588833618791484,0.411166381208516,1327.981,1357.223,21,23
1961-09-23,1961,0,,lar,chi,1438.418,1435.487,0.5965335793526165,0.4034664206473835,1418.604,1455.3,17,21
1961-09-24,1961,0,,gb,sf,1550.201,1540.623,0.6057078107216183,0.3942921892783817,1573.422,1517.401,30,10
1961-09-24,1961,0,,dal,min,1325.819,1344.85,0.5657713629511034,0.4342286370488966,1348.856,1321.813,21,7
1961-09-24,1961,0,,cle,ari,1576.505,1527.71,0.6581490667763611,0.3418509332236389,1585.517,1518.698,20,17
1961-09-24,1961,0,,phi,wsh,1595.556,1353.04,0.8544830875658067,0.1455169124341933,1600.866,1347.73,14,7
1961-09-24,1961,0,,lac,ten,1463.619,1477.782,0.5726426425888963,0.4273573574111037,1483.651,1457.75,34,24
1961-09-24,1961,0,,nyj,den,1339.743,1304.397,0.6405237314185132,0.35947626858148685,1354.041,1290.099,35,28
1961-09-24,1961,0,,ind,det,1521.527,1552.119,0.5493558409216439,0.4506441590783561,1513.79,1559.856,15,16
1961-09-24,1961,0,,oak,kc,1284.191,1391.73,0.43908554048544285,0.5609144595145572,1266.277,1409.645,35,42
1961-09-24,1961,0,,pit,nyg,1476.127,1489.227,0.5741394622284394,0.42586053777156063,1459.824,1505.53,14,17
1961-09-30,1961,0,,buf,lac,1327.981,1483.651,0.37239906501101805,0.627600934988982,1312.264,1499.368,11,19
1961-10-01,1961,0,,kc,ten,1409.645,1457.75,0.5242947129459173,0.47570528705408266,1426.562,1440.833,26,21
1961-10-01,1961,0,,wsh,nyg,1347.73,1505.53,0.3695378987956031,0.6304621012043969,1337.899,1515.361,21,24
1961-10-01,1961,0,,det,sf,1559.856,1517.401,0.6498911321896998,0.35010886781030015,1506.397,1570.86,0,49
1961-10-01,1961,0,,oak,den,1266.277,1290.099,0.55898398229016,0.44101601770984,1289.724,1266.652,33,19
1961-10-01,1961,0,,cle,dal,1585.517,1348.856,0.8502419933072212,0.14975800669277883,1593.272,1341.1,25,7
1961-10-01,1961,0,,lar,pit,1418.604,1459.824,0.5341688315131977,0.4658311684868023,1440.706,1437.722,24,14
1961-10-01,1961,0,,nyj,ne,1354.041,1357.223,0.5880361961188929,0.4119638038811071,1370.706,1340.558,37,30
1961-10-01,1961,0,,gb,chi,1573.422,1455.3,0.7415681357562153,0.2584318642437847,1588.781,1439.941,24,0
1961-10-01,1961,0,,ind,min,1513.79,1321.813,0.8144635812271115,0.1855364187728885,1516.093,1319.51,34,33
1961-10-01,1961,0,,phi,ari,1600.866,1518.698,0.6999725411576787,0.3000274588423213,1580.067,1539.496,27,30
1961-10-07,1961,0,,ne,lac,1340.558,1499.368,0.36818437926464115,0.6318156207353589,1323.008,1516.918,27,38
1961-10-08,1961,0,,sf,lar,1570.86,1440.706,0.7546182309260836,0.2453817690739164,1587.014,1424.552,35,0
1961-10-08,1961,0,,cle,wsh,1593.272,1337.899,0.863446473554277,0.13655352644572305,1600.946,1330.226,31,7
1961-10-08,1961,0,,phi,pit,1580.067,1437.722,0.7673796199086224,0.23262038009137764,1587.685,1430.104,21,16
1961-10-08,1961,0,,ari,nyg,1539.496,1515.361,0.6255334452778556,0.3744665547221444,1503.345,1551.513,9,24
1961-10-08,1961,0,,den,kc,1266.652,1426.562,0.3667126080354657,0.6332873919645343,1252.032,1441.182,12,19
1961-10-08,1961,0,,min,dal,1319.51,1341.1,0.5621489452985076,0.43785105470149244,1280.889,1379.721,0,28
1961-10-08,1961,0,,gb,ind,1588.781,1516.093,0.6883884359735667,0.3116115640264333,1610.268,1494.606,45,7
1961-10-08,1961,0,,det,chi,1506.397,1439.941,0.6806415272498156,0.31935847275018436,1467.19,1479.148,17,31
1961-10-08,1961,0,,ten,buf,1440.833,1312.264,0.7529248228410517,0.24707517715894833,1401.24,1351.856,12,22
1961-10-13,1961,0,,ne,ten,1323.008,1401.24,0.480966822607353,0.519033177392647,1323.589,1400.66,31,31
1961-10-15,1961,0,,pit,wsh,1430.104,1330.226,0.7209369739186969,0.27906302608130307,1445.912,1314.418,20,0
1961-10-15,1961,0,,min,sf,1280.889,1587.014,0.19972290966482742,0.8002770903351726,1271.141,1596.763,24,38
1961-10-15,1961,0,,den,oak,1252.032,1289.724,0.5392186431653552,0.46078135683464483,1264.651,1277.105,27,24
1961-10-15,1961,0,,ari,phi,1503.345,1587.685,0.4721962142837931,0.5278037857162069,1478.639,1612.391,7,20
1961-10-15,1961,0,,dal,nyg,1379.721,1551.513,0.3509777500817197,0.6490222499182803,1359.028,1572.206,10,31
1961-10-15,1961,0,,buf,kc,1351.856,1441.182,0.4650491654640965,0.5349508345359035,1366.854,1426.184,27,24
1961-10-15,1961,0,,cle,gb,1600.946,1610.268,0.579448131559349,0.42055186844065096,1559.373,1651.841,17,49
1961-10-15,1961,0,,chi,ind,1479.148,1494.606,0.5708173454705351,0.4291826545294649,1501.881,1471.873,24,10
1961-10-15,1961,0,,nyj,lac,1370.706,1516.918,0.38520958663039817,0.6147904133696018,1350.106,1537.518,10,25
1961-10-15,1961,0,,det,lar,1467.19,1424.552,0.6501307846540593,0.34986921534594073,1471.814,1419.928,14,13
1961-10-22,1961,0,,dal,phi,1359.028,1612.391,0.25269227770728453,0.7473077222927155,1342.218,1629.2,7,43
1961-10-22,1961,0,,ten,kc,1400.66,1426.184,0.5565673167290817,0.44343268327091834,1430.855,1395.99,38,7
1961-10-22,1961,0,,min,gb,1271.141,1651.841,0.13975632945893446,0.8602436705410655,1263.084,1659.897,7,33
1961-10-22,1961,0,,oak,lac,1277.105,1537.518,0.24510580017972564,0.7548941998202744,1261.501,1553.122,10,41
1961-10-22,1961,0,,chi,sf,1501.881,1596.763,0.45710206870910786,0.5428979312908921,1540.03,1558.614,31,0
1961-10-22,1961,0,,ne,buf,1323.589,1366.854,0.5312384389547353,0.4687615610452647,1355.763,1334.68,52,21
1961-10-22,1961,0,,nyg,lar,1572.206,1419.928,0.7774301316107326,0.2225698683892674,1581.92,1410.213,24,14
1961-10-22,1961,0,,pit,cle,1445.912,1559.373,0.43070779813609184,0.5692922018639082,1436.652,1568.632,28,30
1961-10-22,1961,0,,det,ind,1471.814,1471.873,0.5923842240333627,0.40761577596663734,1454.89,1488.797,14,17
1961-10-22,1961,0,,wsh,ari,1314.418,1478.639,0.36096874526000855,0.6390312547399915,1292.183,1500.874,0,24
1961-10-22,1961,0,,den,nyj,1264.651,1350.106,0.47059685299618814,0.5294031470038119,1295.541,1319.215,27,10
1961-10-29,1961,0,,nyg,dal,1581.92,1342.218,0.8524573267895396,0.14754267321046044,1568.203,1355.935,16,17
1961-10-29,1961,0,,ind,chi,1488.797,1540.03,0.5198019429525256,0.4801980570474744,1481.546,1547.282,20,21
1961-10-29,1961,0,,lac,den,1553.122,1295.541,0.8649381879538435,0.13506181204615653,1561.691,1286.972,37,0
1961-10-29,1961,0,,pit,sf,1436.652,1558.614,0.41875176308061424,0.5812482369193858,1465.268,1529.997,20,10
1961-10-29,1961,0,,wsh,phi,1292.183,1629.2,0.17280799397206423,0.8271920060279357,1287.919,1633.464,24,27
1961-10-29,1961,0,,buf,ten,1334.68,1430.855,0.45525558727178456,0.5447444127282155,1311.652,1453.883,16,28
1961-10-29,1961,0,,oak,nyj,1261.501,1319.215,0.510483860068588,0.48951613993141196,1238.994,1341.722,6,14
1961-10-29,1961,0,,kc,ne,1395.99,1355.763,0.6469673545625529,0.35303264543744706,1386.57,1365.182,17,18
1961-10-29,1961,0,,gb,min,1659.897,1263.084,0.9345274068178979,0.06547259318210208,1663.084,1259.898,28,10
1961-10-29,1961,0,,lar,det,1410.213,1454.89,0.5292138364403806,0.47078616355961944,1378.758,1486.346,10,28
1961-10-29,1961,0,,ari,cle,1500.874,1568.632,0.4960310023136272,0.5039689976863728,1476.253,1593.253,10,21
1961-11-03,1961,0,,ne,kc,1365.182,1386.57,0.5624351346260316,0.43756486537396844,1383.027,1368.726,28,21
1961-11-05,1961,0,,nyg,wsh,1568.203,1287.919,0.8794905321769322,0.12050946782306782,1576.513,1279.609,53,0
1961-11-05,1961,0,,den,ten,1286.972,1453.883,0.35740458652577356,0.6425954134742264,1261.437,1479.417,14,55
1961-11-05,1961,0,,cle,pit,1593.253,1465.268,0.7522989036127687,0.24770109638723126,1566.709,1491.813,13,17
1961-11-05,1961,0,,lar,min,1378.758,1259.898,0.7423814587731089,0.2576185412268911,1391.635,1247.021,31,17
1961-11-05,1961,0,,ind,gb,1481.546,1663.084,0.33830728675100324,0.6616927132489967,1526.526,1618.103,45,21
1961-11-05,1961,0,,sf,det,1529.997,1486.346,0.6514560118363774,0.34854398816362264,1525.378,1490.965,20,20
1961-11-05,1961,0,,buf,oak,1311.652,1238.994,0.688351390238832,0.31164860976116804,1277.836,1272.81,22,31
1961-11-05,1961,0,,lac,nyj,1561.691,1341.722,0.8375911848422397,0.1624088151577603,1571.996,1331.417,48,13
1961-11-05,1961,0,,dal,ari,1355.935,1476.253,0.4210569525270916,0.5789430474729085,1333.69,1498.499,17,31
1961-11-05,1961,0,,phi,chi,1633.464,1547.282,0.7048026146298806,0.2951973853701194,1639.534,1541.213,16,14
1961-11-11,1961,0,,nyj,oak,1331.417,1272.81,0.6707411529757938,0.32925884702420616,1346.91,1257.317,23,12
1961-11-12,1961,0,,ari,det,1498.499,1490.965,0.6028942685873159,0.3971057314126841,1455.285,1534.179,14,45
1961-11-12,1961,0,,pit,dal,1491.813,1333.69,0.7831976928826456,0.21680230711735438,1505.331,1320.171,37,7
1961-11-12,1961,0,,lar,sf,1391.635,1525.378,0.40234192621825776,0.5976580737817423,1421.222,1495.791,17,7
1961-11-12,1961,0,,nyg,phi,1576.513,1639.534,0.5028479791364084,0.49715202086359156,1605.226,1610.82,38,21
1961-11-12,1961,0,,ten,ne,1479.417,1383.027,0.7168795725305681,0.2831204274694319,1492.948,1369.495,27,15
1961-11-12,1961,0,,chi,gb,1541.213,1618.103,0.4828955913222946,0.5171044086777055,1527.896,1631.42,28,31
1961-11-12,1961,0,,min,ind,1247.021,1526.526,0.22534415673788402,0.774655843262116,1284.741,1488.807,28,20
1961-11-12,1961,0,,wsh,cle,1279.609,1566.709,0.21780389775327394,0.7821961022467261,1269.777,1576.541,6,17
1961-11-12,1961,0,,kc,buf,1368.726,1277.836,0.7104097606852731,0.28959023931472694,1332.058,1314.504,20,30
1961-11-12,1961,0,,den,lac,1261.437,1571.996,0.19567453799908352,0.8043254620009165,1256.557,1576.877,16,19
1961-11-17,1961,0,,ne,oak,1369.495,1257.317,0.7349567344726039,0.2650432655273961,1376.296,1250.516,20,17
1961-11-19,1961,0,,gb,lar,1631.42,1421.222,0.8297938618714633,0.1702061381285367,1640.329,1412.313,35,17
1961-11-19,1961,0,,nyg,pit,1605.226,1505.331,0.7209566616116375,0.2790433383883625,1621.274,1489.283,42,21
1961-11-19,1961,0,,dal,wsh,1320.171,1269.777,0.6602169708929494,0.3397830291070506,1315.284,1274.663,28,28
1961-11-19,1961,0,,cle,phi,1576.541,1610.82,0.5440962110368223,0.45590378896317774,1604.337,1583.024,45,24
1961-11-19,1961,0,,den,buf,1256.557,1314.504,0.510148688870845,0.48985131112915503,1229.544,1341.517,10,23
1961-11-19,1961,0,,lac,kc,1576.877,1332.058,0.8561237683492106,0.14387623165078944,1582.925,1326.01,24,14
1961-11-19,1961,0,,ind,ari,1488.807,1455.285,0.6381025727750755,0.36189742722492446,1508.434,1435.657,16,0
1961-11-19,1961,0,,sf,chi,1495.791,1527.896,0.5471987616755156,0.4528012383244844,1517.187,1506.5,41,31
1961-11-19,1961,0,,min,det,1284.741,1534.179,0.25698271671169626,0.7430172832883037,1268.939,1549.981,10,37
1961-11-19,1961,0,,ten,nyj,1492.948,1346.91,0.7711528663498539,0.22884713365014608,1508.028,1331.83,49,13
1961-11-23,1961,0,,det,gb,1549.981,1640.329,0.4635858809066926,0.5364141190933074,1529.841,1660.469,9,17
1961-11-23,1961,0,,nyj,buf,1331.83,1341.517,0.5789360312500664,0.42106396874993357,1348.912,1324.435,21,14
1961-11-26,1961,0,,sf,min,1517.187,1268.939,0.8585380759305824,0.1414619240694176,1523.125,1263.0,38,28
1961-11-26,1961,0,,kc,oak,1326.01,1250.516,0.6918427478385526,0.3081572521614474,1346.266,1230.26,43,11
1961-11-26,1961,0,,cle,nyg,1604.337,1621.274,0.5687303452461966,0.4312696547538034,1571.391,1654.221,21,37
1961-11-26,1961,0,,ten,den,1508.028,1229.544,0.878388009039191,0.12161199096080899,1515.32,1222.253,45,14
1961-11-26,1961,0,,phi,dal,1583.024,1315.284,0.8716252005506613,0.12837479944933872,1590.017,1308.292,35,13
1961-11-26,1961,0,,wsh,ind,1274.663,1508.434,0.2745768465352239,0.7254231534647761,1258.898,1524.2,6,27
1961-11-26,1961,0,,pit,ari,1489.283,1435.657,0.6643780914599491,0.3356219085400509,1498.113,1426.828,30,27
1961-11-26,1961,0,,chi,lar,1506.5,1412.313,0.7142986327067945,0.2857013672932055,1515.076,1403.737,28,24
1961-12-03,1961,0,,chi,det,1515.076,1529.841,0.5717943689612398,0.4282056310387602,1506.964,1537.953,15,16
1961-12-03,1961,0,,nyj,kc,1348.912,1346.266,0.596138657162753,0.40386134283724695,1373.134,1322.044,28,7
1961-12-03,1961,0,,oak,buf,1230.26,1324.435,0.45811220904647504,0.5418877909535249,1214.058,1340.637,21,26
1961-12-03,1961,0,,min,lar,1263.0,1403.737,0.39269993402249626,0.6073000659775037,1301.883,1364.855,42,21
1961-12-03,1961,0,,dal,cle,1308.292,1571.391,0.24225619616436836,0.7577438038356317,1294.552,1585.13,17,38
1961-12-03,1961,0,,ari,wsh,1426.828,1258.898,0.7926301596722973,0.20736984032770267,1436.984,1248.742,38,24
1961-12-03,1961,0,,ind,sf,1524.2,1523.125,0.5939595116124665,0.4060404883875335,1535.129,1512.196,20,17
1961-12-03,1961,0,,pit,phi,1498.113,1590.017,0.4613592349901043,0.5386407650098957,1475.461,1612.669,24,35
1961-12-03,1961,0,,ten,lac,1515.32,1582.925,0.4962511738943275,0.5037488261056725,1546.029,1552.215,33,13
1961-12-03,1961,0,,gb,nyg,1660.469,1654.221,0.6011205981691892,0.39887940183081083,1671.181,1643.508,20,17
1961-12-03,1961,0,,den,ne,1222.253,1376.296,0.3745906159165949,0.6254093840834051,1210.664,1387.885,24,28
1961-12-09,1961,0,,oak,ne,1214.058,1387.885,0.3483139793992103,0.6516860206007897,1196.082,1405.861,21,35
1961-12-09,1961,0,,lar,ind,1364.855,1535.129,0.35297085325726185,0.6470291467427381,1404.138,1495.846,34,17
1961-12-10,1961,0,,kc,den,1322.044,1210.664,0.7340609462185568,0.2659390537814432,1338.624,1194.084,49,21
1961-12-10,1961,0,,lac,buf,1552.215,1340.637,0.8309128916424575,0.16908710835754248,1561.06,1331.791,28,10
1961-12-10,1961,0,,nyj,ten,1373.134,1546.029,0.34953278221659073,0.6504672177834092,1350.929,1568.235,21,48
1961-12-10,1961,0,,wsh,pit,1248.742,1475.461,0.2827361981253244,0.7172638018746755,1233.818,1490.385,14,30
1961-12-10,1961,0,,chi,cle,1506.964,1585.13,0.4810616672942514,0.5189383327057486,1521.439,1570.656,17,14
1961-12-10,1961,0,,sf,gb,1512.196,1671.181,0.36795006875866926,0.6320499312413308,1521.349,1662.028,22,21
1961-12-10,1961,0,,ari,dal,1436.984,1294.552,0.7674690070012412,0.2325309929987588,1449.497,1282.039,31,13
1961-12-10,1961,0,,det,min,1537.953,1301.883,0.8498082895827102,0.15019171041728985,1543.094,1296.741,13,7
1961-12-10,1961,0,,phi,nyg,1612.669,1643.508,0.5490038183197321,0.4509961816802679,1594.718,1661.459,24,28
1961-12-16,1961,0,,sf,ind,1521.349,1495.846,0.6273762274850605,0.3726237725149395,1503.208,1513.987,24,27
1961-12-17,1961,0,,oak,ten,1196.082,1568.235,0.1457769289410393,0.8542230710589607,1187.216,1577.101,16,47
1961-12-17,1961,0,,lac,ne,1561.06,1405.861,0.7803260317700292,0.21967396822997076,1496.24,1470.681,0,41
1961-12-17,1961,0,,ari,pit,1449.497,1490.385,0.534644355442968,0.46535564455703204,1477.526,1462.357,20,0
1961-12-17,1961,0,,det,phi,1543.094,1594.718,0.5192401064844715,0.4807598935155285,1528.61,1609.203,24,27
1961-12-17,1961,0,,kc,nyj,1338.624,1350.929,0.5752580228793138,0.4247419771206862,1359.239,1330.314,35,24
1961-12-17,1961,0,,chi,min,1521.439,1296.741,0.8412603493949057,0.15873965060509432,1529.547,1288.633,52,35
1961-12-17,1961,0,,nyg,cle,1661.459,1570.656,0.7103067188590686,0.2896932811409314,1655.045,1577.07,7,7
1961-12-17,1961,0,,wsh,dal,1233.818,1282.039,0.5241281669589702,0.47587183304102976,1256.467,1259.39,34,24
1961-12-17,1961,0,,lar,gb,1404.138,1662.028,0.24780301595536097,0.752196984044639,1394.663,1671.503,17,24
1961-12-24,1961,0,c,lac,ten,1496.24,1577.101,0.4771900298154957,0.5228099701845044,1476.537,1596.805,3,10
1961-12-31,1961,0,c,gb,nyg,1671.503,1655.045,0.6151257216783342,0.38487427832166576,1698.504,1628.044,37,0
1962-09-07,1962,0,,den,lac,1297.722,1486.024,0.32964670974613863,0.6703532902538614,1330.426,1453.321,30,21
1962-09-08,1962,0,,kc,ne,1407.826,1482.12,0.48662804824532263,0.5133719517546773,1435.749,1454.198,42,28
1962-09-09,1962,0,,buf,ten,1389.528,1566.203,0.3446019053977645,0.6553980946022355,1377.775,1577.956,23,28
1962-09-09,1962,0,,oak,nyj,1293.144,1388.543,0.45636361742253123,0.5436363825774688,1270.772,1410.914,17,28
1962-09-15,1962,0,,buf,den,1377.775,1330.426,0.6562738365070115,0.34372616349298846,1358.6,1349.601,20,23
1962-09-16,1962,0,,cle,nyg,1553.046,1587.029,0.5445188442041821,0.45548115579581794,1574.587,1565.489,17,7
1962-09-16,1962,0,,lac,nyj,1453.321,1410.914,0.6498282599920066,0.35017174000799345,1475.328,1388.906,40,14
1962-09-16,1962,0,,sf,chi,1503.805,1521.365,0.5678505013177573,0.4321494986822427,1470.919,1554.251,14,30
1962-09-16,1962,0,,phi,ari,1574.468,1486.684,0.7067176451038911,0.2932823548961089,1544.912,1516.241,21,27
1962-09-16,1962,0,,ind,lar,1510.991,1431.442,0.6967968646943467,0.30320313530565335,1518.88,1423.553,30,27
1962-09-16,1962,0,,gb,min,1634.002,1360.755,0.8751307648585683,0.12486923514143167,1641.215,1353.542,34,7
1962-09-16,1962,0,,dal,wsh,1341.26,1339.311,0.5951723059044326,0.4048276940955674,1338.357,1342.214,35,35
1962-09-16,1962,0,,det,pit,1520.74,1476.571,0.6521327672471144,0.34786723275288556,1545.024,1452.287,45,7
1962-09-16,1962,0,,ne,ten,1454.198,1577.956,0.41623749367780466,0.5837625063221954,1485.855,1546.298,34,21
1962-09-21,1962,0,,ne,den,1485.855,1349.601,0.7610620779257636,0.23893792207423636,1500.12,1335.337,41,16
1962-09-22,1962,0,,buf,nyj,1358.6,1388.906,0.5497633842962817,0.4502366157037183,1330.84,1416.666,6,17
1962-09-23,1962,0,,lar,chi,1423.553,1554.251,0.4065639822881052,0.5934360177118948,1410.846,1566.958,23,27
1962-09-23,1962,0,,lac,ten,1475.328,1546.298,0.4914093248405157,0.5085906751594843,1443.394,1578.233,17,42
1962-09-23,1962,0,,oak,kc,1270.772,1435.749,0.3599655029998315,0.6400344970001686,1254.26,1452.262,16,26
1962-09-23,1962,0,,min,ind,1353.542,1518.88,0.3594868721963388,0.6405131278036612,1330.629,1541.792,7,34
1962-09-23,1962,0,,dal,pit,1338.357,1452.287,0.4300459398525873,0.5699540601474127,1329.114,1461.531,28,30
1962-09-23,1962,0,,gb,ari,1641.215,1516.241,0.7490549305807517,0.2509450694192483,1654.569,1502.887,17,0
1962-09-23,1962,0,,phi,nyg,1544.912,1565.489,0.5635837221103325,0.4364162778896675,1512.318,1598.082,13,29
1962-09-23,1962,0,,det,sf,1545.024,1470.919,0.6901354782792375,0.3098645217207625,1563.04,1452.902,45,24
1962-09-23,1962,0,,cle,wsh,1574.587,1342.214,0.8470717561518893,0.15292824384811066,1561.008,1355.792,16,17
1962-09-30,1962,0,,kc,buf,1452.262,1330.84,0.7451919454278444,0.2548080545721556,1466.565,1316.537,41,21
1962-09-30,1962,0,,phi,cle,1512.318,1561.008,0.5234547499730293,0.4765452500269707,1544.176,1529.151,35,7
1962-09-30,1962,0,,lar,dal,1410.846,1329.114,0.6994451874659459,0.30055481253405414,1374.905,1365.055,17,27
1962-09-30,1962,0,,oak,lac,1254.26,1443.394,0.3285892191976199,0.6714107808023801,1239.936,1457.718,33,42
1962-09-30,1962,0,,nyj,den,1416.666,1335.337,0.6989572783764275,0.3010427216235725,1369.712,1382.291,10,32
1962-09-30,1962,0,,wsh,ari,1355.792,1502.887,0.38400652932658874,0.6159934706734113,1386.479,1472.2,24,14
1962-09-30,1962,0,,gb,chi,1654.569,1566.958,0.706511191224118,0.293488808775882,1676.042,1545.485,49,0
1962-09-30,1962,0,,pit,nyg,1461.531,1598.082,0.3984612588186217,0.6015387411813783,1449.109,1610.504,27,31
1962-09-30,1962,0,,sf,min,1452.902,1330.629,0.7461210067094132,0.25387899329058683,1465.574,1317.958,21,7
1962-09-30,1962,0,,ind,det,1541.792,1563.04,0.5626334592973434,0.43736654070265657,1515.356,1589.476,20,29
1962-10-05,1962,0,,den,oak,1382.291,1239.936,0.7673898955049493,0.2326101044950507,1397.756,1224.471,44,7
1962-10-06,1962,0,,nyj,ne,1369.712,1500.12,0.4069668144564637,0.5930331855435362,1342.827,1527.004,14,43
1962-10-06,1962,0,,pit,phi,1449.109,1544.176,0.4568378041528816,0.5431621958471184,1470.541,1522.744,13,7
1962-10-07,1962,0,,min,chi,1317.958,1545.485,0.28179390081292843,0.7182060991870716,1304.108,1559.335,0,13
1962-10-07,1962,0,,wsh,lar,1386.479,1374.905,0.6084485369022905,0.3915514630977095,1401.205,1360.179,20,14
1962-10-07,1962,0,,ind,sf,1515.356,1465.574,0.6594262190029031,0.3405737809970969,1484.783,1496.147,13,21
1962-10-07,1962,0,,ari,nyg,1472.2,1610.504,0.39604502548460896,0.603954974515391,1450.044,1632.66,14,31
1962-10-07,1962,0,,gb,det,1676.042,1589.476,0.7052623100659315,0.29473768993406846,1682.1,1583.418,9,7
1962-10-07,1962,0,,ten,buf,1578.233,1316.537,0.8676815610870116,0.13231843891298845,1581.427,1313.343,17,14
1962-10-07,1962,0,,cle,dal,1529.151,1365.055,0.7889790892774216,0.21102091072257845,1537.952,1356.254,19,10
1962-10-07,1962,0,,lac,kc,1457.718,1466.565,0.5801143073341173,0.4198856926658827,1470.897,1453.386,32,28
1962-10-12,1962,0,,ne,kc,1527.004,1453.386,0.6895356566338886,0.3104643433661114,1482.194,1498.195,7,27
1962-10-13,1962,0,,buf,lac,1313.343,1470.897,0.36986787980267277,0.6301321201973272,1356.207,1428.033,35,10
1962-10-14,1962,0,,chi,sf,1559.335,1496.147,0.6765385403159556,0.3234614596840444,1529.458,1526.025,27,34
1962-10-14,1962,0,,nyg,pit,1632.66,1470.541,0.7870781016823184,0.2129218983176816,1608.326,1494.875,17,20
1962-10-14,1962,0,,det,lar,1583.418,1360.179,0.8401355610602567,0.15986443893974334,1587.337,1356.26,13,10
1962-10-14,1962,0,,oak,den,1224.471,1397.756,0.349022527804032,0.650977472195968,1205.241,1416.986,6,23
1962-10-14,1962,0,,cle,ind,1537.952,1484.783,0.6637912441814494,0.3362087558185506,1493.963,1528.772,14,36
1962-10-14,1962,0,,ari,wsh,1450.044,1401.205,0.6582060506561462,0.34179394934385376,1445.219,1406.03,17,17
1962-10-14,1962,0,,ten,nyj,1581.427,1342.827,0.8516576799318029,0.14834232006819714,1591.044,1333.21,56,17
1962-10-14,1962,0,,dal,phi,1356.254,1522.744,0.3579613688391049,0.6420386311608951,1398.463,1480.534,41,19
1962-10-14,1962,0,,min,gb,1304.108,1682.1,0.14164099464542595,0.858359005354574,1295.844,1690.364,21,48
1962-10-19,1962,0,,ne,lac,1482.194,1428.033,0.6650644561634079,0.3349355438365921,1492.422,1417.806,24,20
1962-10-20,1962,0,,buf,oak,1356.207,1205.241,0.7761205694216823,0.22387943057831772,1365.165,1196.282,14,6
1962-10-21,1962,0,,ari,cle,1445.219,1493.963,0.5233772081673084,0.47662279183269163,1410.08,1529.103,7,34
1962-10-21,1962,0,,chi,ind,1529.458,1528.772,0.593419351283161,0.40658064871683897,1553.497,1504.733,35,15
1962-10-21,1962,0,,lar,min,1356.26,1295.844,0.6730368325049564,0.3269631674950436,1310.312,1341.792,14,38
1962-10-21,1962,0,,phi,wsh,1480.534,1406.03,0.6906264370146041,0.30937356298539587,1451.837,1434.728,21,27
1962-10-21,1962,0,,gb,sf,1690.364,1526.025,0.7892118862707507,0.21078811372924933,1701.605,1514.783,31,13
1962-10-21,1962,0,,den,ten,1416.986,1591.044,0.3480122001780129,0.6519877998219872,1449.885,1558.146,20,10
1962-10-21,1962,0,,kc,nyj,1498.195,1333.21,0.7898298466403402,0.21017015335965983,1503.471,1327.935,20,17
1962-10-21,1962,0,,nyg,det,1608.326,1587.337,0.6212818243720651,0.37871817562793486,1618.431,1577.231,17,14
1962-10-21,1962,0,,pit,dal,1494.875,1398.463,0.7169052755331649,0.28309472446683515,1451.974,1441.364,27,42
1962-10-26,1962,0,,ne,oak,1492.422,1196.282,0.8888343003228384,0.11116569967716161,1497.001,1191.703,26,16
1962-10-28,1962,0,,nyj,lac,1327.935,1417.806,0.4642687659967391,0.535731234003261,1360.928,1384.812,23,3
1962-10-28,1962,0,,min,phi,1341.792,1451.837,0.43553582496851084,0.5644641750314892,1369.428,1424.2,31,21
1962-10-28,1962,0,,nyg,wsh,1618.431,1434.728,0.8071582048034892,0.1928417951965108,1628.038,1425.12,49,34
1962-10-28,1962,0,,ten,kc,1558.146,1503.471,0.6657232225321288,0.3342767774678712,1512.823,1548.794,7,31
1962-10-28,1962,0,,ind,gb,1504.733,1701.605,0.3188381678939181,0.6811618321060819,1489.784,1716.555,6,17
1962-10-28,1962,0,,dal,ari,1441.364,1410.08,0.6351222786572034,0.3648777213427966,1419.985,1431.459,24,28
1962-10-28,1962,0,,pit,cle,1451.974,1529.103,0.48255205331596673,0.5174479466840333,1419.991,1561.086,14,41
1962-10-28,1962,0,,det,chi,1577.231,1553.497,0.6249925797374344,0.3750074202625656,1593.072,1537.657,11,3
1962-10-28,1962,0,,den,buf,1449.885,1365.165,0.7030486141224409,0.2969513858775591,1418.511,1396.54,38,45
1962-10-28,1962,0,,sf,lar,1514.783,1310.312,0.8250869482062971,0.17491305179370287,1463.858,1361.238,14,28
1962-11-03,1962,0,,buf,ne,1396.54,1497.001,0.44914398961053376,0.5508560103894662,1398.091,1495.45,28,28
1962-11-04,1962,0,,pit,min,1419.991,1369.428,0.660435175064348,0.339564824935652,1434.168,1355.251,39,31
1962-11-04,1962,0,,nyj,oak,1360.928,1191.703,0.7938527847153747,0.20614721528462532,1369.864,1182.768,31,21
1962-11-04,1962,0,,cle,phi,1561.086,1424.2,0.7617230227101033,0.23827697728989672,1553.104,1432.182,14,14
1962-11-04,1962,0,,lar,det,1361.238,1593.072,0.2768033794457802,0.7231966205542197,1349.389,1604.921,3,12
1962-11-04,1962,0,,kc,ten,1548.794,1512.823,0.6413517139678628,0.35864828603213716,1519.254,1542.362,6,14
1962-11-04,1962,0,,chi,gb,1537.657,1716.555,0.34171754630885015,0.6582824536911498,1515.136,1739.075,7,38
1962-11-04,1962,0,,wsh,dal,1425.12,1419.985,0.5995833851494646,0.40041661485053537,1383.411,1461.694,10,38
1962-11-04,1962,0,,nyg,ari,1628.038,1431.459,0.8184334398996962,0.1815665601003038,1632.537,1426.96,31,28
1962-11-04,1962,0,,sf,ind,1463.858,1489.784,0.5559961225014617,0.4440038774985383,1429.944,1523.698,3,22
1962-11-04,1962,0,,lac,den,1384.812,1418.511,0.5449242833343774,0.45507571666562263,1369.485,1433.837,20,23
1962-11-11,1962,0,,lar,ind,1349.389,1523.698,0.3476844311450673,0.6523155688549327,1332.397,1540.69,2,14
1962-11-11,1962,0,,ari,pit,1426.96,1434.168,0.5824107094618131,0.41758929053818694,1399.415,1461.713,17,26
1962-11-11,1962,0,,oak,ten,1182.768,1542.362,0.15501206687769348,0.8449879331223065,1176.76,1548.37,20,28
1962-11-11,1962,0,,dal,nyg,1461.694,1632.537,0.35222316395549114,0.6477768360445089,1438.4,1655.831,10,41
1962-11-11,1962,0,,den,ne,1433.837,1495.45,0.5048741304160156,0.4951258695839844,1417.561,1511.726,29,33
1962-11-11,1962,0,,nyj,kc,1369.864,1519.254,0.3808863339075208,0.6191136660924792,1347.187,1541.931,31,52
1962-11-11,1962,0,,lac,buf,1369.485,1398.091,0.5521844486545637,0.44781555134543627,1335.297,1432.279,20,40
1962-11-11,1962,0,,chi,min,1515.136,1355.251,0.7849149981032898,0.2150850018967102,1517.842,1352.546,31,30
1962-11-11,1962,0,,phi,gb,1432.182,1739.075,0.19901722881802167,0.8009827711819784,1418.154,1753.104,0,49
1962-11-11,1962,0,,sf,det,1429.944,1604.921,0.3468128249258272,0.6531871750741728,1412.054,1622.81,24,38
1962-11-11,1962,0,,wsh,cle,1383.411,1553.104,0.3537350544772541,0.6462649455227458,1413.23,1523.285,17,9
1962-11-18,1962,0,,cle,ari,1523.285,1399.415,0.7478584557226696,0.2521415442773304,1538.234,1384.467,38,14
1962-11-18,1962,0,,lar,sf,1332.397,1412.054,0.47891938552186186,0.5210806144781381,1312.611,1431.84,17,24
1962-11-18,1962,0,,pit,wsh,1461.713,1413.23,0.6577448683782133,0.34225513162178667,1468.864,1406.079,23,21
1962-11-18,1962,0,,nyg,phi,1655.831,1418.154,0.8509851699758881,0.14901483002411187,1660.525,1413.46,19,14
1962-11-18,1962,0,,ten,ne,1548.37,1511.726,0.6422423442941722,0.35775765570582785,1559.377,1500.719,21,17
1962-11-18,1962,0,,den,kc,1417.561,1541.931,0.415381725903044,0.584618274096956,1392.557,1566.936,3,24
1962-11-18,1962,0,,min,det,1352.546,1622.81,0.2347656101048908,0.7652343898951092,1341.874,1633.482,6,17
1962-11-18,1962,0,,gb,ind,1753.104,1540.69,0.8315879418488358,0.16841205815116422,1757.918,1535.876,17,13
1962-11-18,1962,0,,oak,buf,1176.76,1432.279,0.25035581211718005,0.74964418788282,1169.344,1439.695,6,10
1962-11-18,1962,0,,dal,chi,1438.4,1517.842,0.47922825341526604,0.5207717465847339,1431.8,1524.442,33,34
1962-11-22,1962,0,,den,nyj,1392.557,1347.187,0.6536994821807778,0.3463005178192222,1383.016,1356.728,45,46
1962-11-22,1962,0,,det,gb,1633.482,1757.918,0.41528946760494356,0.5847105323950564,1664.31,1727.09,26,14
1962-11-23,1962,0,,ne,buf,1500.719,1439.695,0.673806553905176,0.32619344609482404,1516.052,1424.362,21,10
1962-11-25,1962,0,,wsh,nyg,1406.079,1660.525,0.25151682511073636,0.7484831748892636,1392.442,1674.162,24,42
1962-11-25,1962,0,,min,lar,1341.874,1312.611,0.6324220220244492,0.3675779779755508,1337.835,1316.65,24,24
1962-11-25,1962,0,,cle,pit,1538.234,1468.864,0.6842766409046819,0.3157233590953181,1556.629,1450.469,35,14
1962-11-25,1962,0,,ten,lac,1559.377,1335.297,0.8407846998105776,0.15921530018942243,1564.854,1329.82,33,27
1962-11-25,1962,0,,ari,sf,1384.467,1431.84,0.52534554941229,0.47465445058771005,1362.442,1453.865,17,24
1962-11-25,1962,0,,kc,oak,1566.936,1169.344,0.9348012478952996,0.06519875210470039,1570.564,1165.716,35,7
1962-11-25,1962,0,,phi,dal,1413.46,1431.8,0.5667483279167161,0.43325167208328386,1436.438,1408.822,28,14
1962-11-25,1962,0,,ind,chi,1535.876,1524.442,0.6082565222498953,0.39174347775010465,1484.702,1575.616,0,57
1962-11-30,1962,0,,ne,nyj,1516.052,1356.728,0.7843693021749557,0.2156306978250443,1524.19,1348.59,24,17
1962-12-02,1962,0,,gb,lar,1727.09,1316.65,0.9391665277565818,0.060833472243418174,1730.557,1313.183,41,10
1962-12-02,1962,0,,dal,cle,1408.822,1556.629,0.3830374855837303,0.6169625144162697,1450.094,1515.357,45,21
1962-12-02,1962,0,,det,ind,1664.31,1484.702,0.8034624329813248,0.1965375670186752,1671.666,1477.346,21,14
1962-12-02,1962,0,,pit,ari,1450.469,1362.442,0.7070074917016228,0.2929925082983772,1464.522,1348.389,19,7
1962-12-02,1962,0,,buf,kc,1424.362,1570.564,0.38522321935748244,0.6147767806425175,1453.759,1541.167,23,14
1962-12-02,1962,0,,ten,den,1564.854,1383.016,0.8054816232962997,0.1945183767037003,1574.964,1372.905,34,17
1962-12-02,1962,0,,chi,nyg,1575.616,1674.162,0.4518728876006304,0.5481271123993696,1565.836,1683.942,24,26
1962-12-02,1962,0,,wsh,phi,1392.442,1436.438,0.5301904154834517,0.4698095845165483,1358.417,1470.462,14,37
1962-12-02,1962,0,,lac,oak,1329.82,1165.716,0.7889867563732397,0.21101324362676033,1338.985,1156.551,31,21
1962-12-02,1962,0,,min,sf,1337.835,1453.865,0.4270854927344305,0.5729145072655695,1311.305,1480.396,12,35
1962-12-08,1962,0,,ind,wsh,1477.346,1358.417,0.7424574156687835,0.25754258433121646,1489.891,1345.873,34,21
1962-12-08,1962,0,,nyj,buf,1348.59,1453.759,0.4424483645077529,0.5575516354922472,1323.471,1478.877,3,20
1962-12-09,1962,0,,ten,oak,1574.964,1156.551,0.9417364578987968,0.058263542101203214,1577.613,1153.902,32,17
1962-12-09,1962,0,,chi,lar,1565.836,1313.183,0.8615898129890124,0.13841018701098762,1572.689,1306.329,30,14
1962-12-09,1962,0,,nyg,cle,1683.942,1515.357,0.7932492211103578,0.20675077888964222,1689.958,1509.341,17,13
1962-12-09,1962,0,,ari,dal,1348.389,1450.094,0.4473729031057088,0.5526270968942912,1387.69,1410.793,52,20
1962-12-09,1962,0,,phi,pit,1470.462,1464.522,0.60069540391247,0.39930459608753,1441.877,1493.107,17,26
1962-12-09,1962,0,,kc,den,1541.167,1372.905,0.7929441143949915,0.20705588560500854,1548.953,1365.12,17,10
1962-12-09,1962,0,,lac,ne,1338.985,1524.19,0.33359818096677213,0.6664018190332279,1326.675,1536.5,14,20
1962-12-09,1962,0,,sf,gb,1480.396,1730.557,0.25618883249345414,0.7438111675065459,1469.063,1741.89,21,31
1962-12-09,1962,0,,det,min,1671.666,1311.305,0.9204571621330735,0.07954283786692651,1675.276,1307.694,37,23
1962-12-15,1962,0,,nyj,ten,1323.471,1577.613,0.2518464098868924,0.7481535901131076,1306.981,1594.103,10,44
1962-12-15,1962,0,,sf,cle,1469.063,1509.341,0.535517894301506,0.464482105698494,1454.047,1524.357,10,13
1962-12-16,1962,0,,oak,ne,1153.902,1536.5,0.1384479474222368,0.8615520525777632,1215.213,1475.189,20,0
1962-12-16,1962,0,,nyg,dal,1689.958,1410.793,0.878806148661641,0.12119385133835903,1694.984,1405.767,41,31
1962-12-16,1962,0,,lar,gb,1306.329,1741.89,0.1059191077145855,0.8940808922854145,1303.816,1744.403,17,20
1962-12-16,1962,0,,kc,lac,1548.953,1326.675,0.8393911768429545,0.1606088231570455,1555.495,1320.133,26,17
1962-12-16,1962,0,,chi,det,1572.689,1675.276,0.4461180029471109,0.5538819970528891,1588.313,1659.652,3,0
1962-12-16,1962,0,,wsh,pit,1345.873,1493.107,0.38381727540552146,0.6161827245944785,1335.614,1503.365,24,27
1962-12-16,1962,0,,ari,phi,1387.69,1441.877,0.5155561356557962,0.48444386434420383,1410.809,1418.758,45,35
1962-12-16,1962,0,,ind,min,1489.891,1307.694,0.8058052111277026,0.19419478887229735,1501.267,1296.319,42,17
1962-12-23,1962,0,c,ten,kc,1594.103,1555.495,0.6448358223971663,0.3551641776028337,1575.341,1574.257,17,20
1962-12-30,1962,0,c,nyg,gb,1694.984,1744.403,0.5224078417119415,0.47759215828805845,1670.755,1768.632,7,16
1963-09-07,1963,0,,den,kc,1411.746,1551.171,0.3945025520495473,0.6054974479504527,1381.446,1581.472,7,59
1963-09-07,1963,0,,ten,oak,1551.894,1311.809,0.8527344081072873,0.1472655918927127,1502.691,1361.011,13,24
1963-09-08,1963,0,,lac,buf,1381.755,1487.585,0.44150991863746625,0.5584900813625338,1400.072,1469.268,14,10
1963-09-08,1963,0,,ne,nyj,1485.126,1372.987,0.7349130002149777,0.26508699978502226,1500.92,1357.193,38,14
1963-09-14,1963,0,,lac,ne,1400.072,1500.92,0.4485928762151188,0.5514071237848812,1418.115,1482.877,17,13
1963-09-14,1963,0,,lar,det,1370.877,1608.101,0.2706354353206891,0.7293645646793109,1355.361,1623.618,2,23
1963-09-14,1963,0,,ten,den,1502.691,1381.446,0.7449984285978117,0.25500157140218827,1511.841,1372.296,20,14
1963-09-14,1963,0,,dal,ari,1438.845,1442.206,0.5877865578242977,0.4122134421757023,1398.543,1482.508,7,34
1963-09-15,1963,0,,gb,chi,1680.755,1560.542,0.7438682036604886,0.25613179633951144,1646.974,1594.323,3,10
1963-09-15,1963,0,,phi,pit,1447.505,1503.91,0.5123666766452745,0.48763332335472553,1447.128,1504.287,21,21
1963-09-15,1963,0,,cle,wsh,1517.905,1392.076,0.7499789503047447,0.2500210496952553,1532.528,1377.453,37,14
1963-09-15,1963,0,,ind,nyg,1502.511,1615.503,0.4313699040984308,0.5686300959015692,1483.07,1634.944,28,37
1963-09-15,1963,0,,oak,buf,1361.011,1469.268,0.4380678494076504,0.5619321505923496,1394.766,1435.513,35,17
1963-09-15,1963,0,,sf,min,1471.031,1365.879,0.7270037638889115,0.2729962361110885,1445.668,1391.242,20,24
1963-09-21,1963,0,,lar,wsh,1355.361,1377.453,0.561437543569234,0.43856245643076597,1318.966,1413.848,14,37
1963-09-22,1963,0,,nyj,ten,1357.193,1511.841,0.3737750815258013,0.6262249184741987,1384.344,1484.691,24,17
1963-09-22,1963,0,,sf,ind,1445.668,1483.07,0.5396333917955667,0.4603666082044333,1424.4,1504.338,14,20
1963-09-22,1963,0,,phi,ari,1447.128,1482.508,0.5425236342626789,0.4574763657373211,1429.427,1500.209,24,28
1963-09-22,1963,0,,gb,det,1646.974,1623.618,0.6244824505388429,0.3755175494611571,1669.293,1601.299,31,10
1963-09-22,1963,0,,min,chi,1391.242,1594.323,0.3111264876299194,0.6888735123700807,1373.144,1612.421,7,28
1963-09-22,1963,0,,pit,nyg,1504.287,1634.944,0.4066209268075964,0.5933790731924036,1546.682,1592.549,31,0
1963-09-22,1963,0,,dal,cle,1398.543,1532.528,0.4020069916325545,0.5979930083674455,1376.011,1555.06,24,41
1963-09-22,1963,0,,buf,kc,1435.513,1581.472,0.38555454995628397,0.614445450043716,1439.003,1577.982,27,27
1963-09-22,1963,0,,oak,ne,1394.766,1482.877,0.4667895656434029,0.5332104343565971,1376.789,1500.855,14,20
1963-09-28,1963,0,,buf,ten,1439.003,1484.691,0.5277636148981624,0.47223638510183763,1412.542,1511.152,20,31
1963-09-28,1963,0,,nyj,oak,1384.344,1376.789,0.6029232098116871,0.3970767901883129,1395.002,1366.131,10,7
1963-09-29,1963,0,,det,chi,1601.299,1612.421,0.5769210683145626,0.4230789316854374,1567.788,1645.932,21,37
1963-09-29,1963,0,,lac,kc,1418.115,1577.982,0.3667700944421519,0.6332299055578481,1453.957,1542.14,24,10
1963-09-29,1963,0,,cle,lar,1555.06,1318.966,0.8498259220414692,0.15017407795853077,1562.215,1311.811,20,6
1963-09-29,1963,0,,pit,ari,1546.682,1500.209,0.6551354258869793,0.34486457411302074,1564.007,1482.885,23,10
1963-09-29,1963,0,,min,sf,1373.144,1424.4,0.51976889512097,0.48023110487903,1406.224,1391.319,45,14
1963-09-29,1963,0,,phi,nyg,1429.427,1592.549,0.3624293267623376,0.6375706732376625,1407.374,1614.602,14,37
1963-09-29,1963,0,,den,ne,1372.296,1500.855,0.40953813818084944,0.5904618618191506,1391.868,1481.283,14,10
1963-09-29,1963,0,,wsh,dal,1413.848,1376.011,0.6438187147154943,0.35618128528450566,1424.801,1365.058,21,17
1963-09-29,1963,0,,gb,ind,1669.293,1504.338,0.7898011782525084,0.2101988217474916,1678.751,1494.88,31,20
1963-10-05,1963,0,,nyj,ne,1395.002,1481.283,0.4694124220372912,0.5305875779627087,1417.284,1459.001,31,24
1963-10-05,1963,0,,buf,oak,1412.542,1366.131,0.6550547857796274,0.3449452142203726,1429.384,1349.288,12,0
1963-10-05,1963,0,,cle,pit,1562.215,1564.007,0.5899731776652694,0.41002682233473065,1582.661,1543.56,35,23
1963-10-06,1963,0,,den,lac,1391.868,1453.957,0.5041891677277927,0.49581083227220735,1419.925,1425.9,50,34
1963-10-06,1963,0,,gb,lar,1678.751,1311.811,0.9231861912454661,0.07681380875453392,1683.241,1307.321,42,10
1963-10-06,1963,0,,phi,dal,1407.374,1365.058,0.6497090504950285,0.3502909495049715,1416.634,1355.797,24,21
1963-10-06,1963,0,,chi,ind,1645.932,1494.88,0.7762065772862831,0.22379342271371694,1654.407,1486.405,10,3
1963-10-06,1963,0,,min,ari,1406.224,1482.885,0.48322477052583496,0.516775229474165,1370.066,1519.043,14,56
1963-10-06,1963,0,,wsh,nyg,1424.801,1614.602,0.32774269985607746,0.6722573001439225,1409.927,1629.476,14,24
1963-10-06,1963,0,,kc,ten,1542.14,1511.152,0.6347273196709666,0.3652726803290334,1563.777,1489.514,28,7
1963-10-06,1963,0,,det,sf,1567.788,1391.319,0.8005934084804207,0.1994065915195793,1579.209,1379.898,26,3
1963-10-11,1963,0,,ne,oak,1459.001,1349.288,0.7321834514240251,0.2678165485759749,1468.657,1339.632,20,14
1963-10-13,1963,0,,den,ten,1419.925,1489.514,0.493396282146513,0.506603717853487,1397.251,1512.189,24,33
1963-10-13,1963,0,,lac,nyj,1425.9,1417.284,0.604384489404069,0.39561551059593103,1438.222,1404.962,24,20
1963-10-13,1963,0,,wsh,phi,1409.927,1416.634,0.583111952591981,0.416888047408019,1378.312,1448.249,24,37
1963-10-13,1963,0,,ind,sf,1486.405,1379.898,0.7285490817275452,0.2714509182724548,1500.962,1365.341,20,3
1963-10-13,1963,0,,ari,pit,1519.043,1543.56,0.5579974844335401,0.44200251556645986,1525.06,1537.544,24,23
1963-10-13,1963,0,,kc,buf,1563.777,1429.384,0.7591085511715226,0.24089144882847735,1525.335,1467.827,26,35
1963-10-13,1963,0,,nyg,cle,1629.476,1582.661,0.6555800865497802,0.34441991345021983,1595.15,1616.987,24,35
1963-10-13,1963,0,,lar,chi,1307.321,1654.407,0.16467905657253248,0.8353209434274675,1296.626,1665.102,14,52
1963-10-13,1963,0,,min,gb,1370.066,1683.241,0.1933153331086293,0.8066846668913707,1362.066,1691.241,28,37
1963-10-13,1963,0,,dal,det,1355.797,1579.209,0.28661267327021717,0.7133873267297828,1377.111,1557.895,17,14
1963-10-18,1963,0,,ne,den,1468.657,1397.251,0.686803203040767,0.31319679695923297,1486.327,1379.582,40,21
1963-10-20,1963,0,,kc,lac,1525.335,1438.222,0.7059164164836808,0.29408358351631925,1478.453,1485.104,17,38
1963-10-20,1963,0,,pit,wsh,1537.544,1378.312,0.7842797161841739,0.21572028381582609,1547.273,1368.583,38,27
1963-10-20,1963,0,,cle,phi,1616.987,1448.249,0.7933936292773636,0.20660637072263643,1629.814,1435.422,37,7
1963-10-20,1963,0,,ten,buf,1512.189,1467.827,0.6523847606137405,0.3476152393862595,1530.125,1449.891,28,14
1963-10-20,1963,0,,lar,min,1296.626,1362.066,0.49936678943794605,0.5006332105620539,1310.51,1348.182,27,24
1963-10-20,1963,0,,sf,chi,1365.341,1665.102,0.2056427352262903,0.7943572647737097,1399.949,1630.494,20,14
1963-10-20,1963,0,,det,ind,1557.895,1500.962,0.6686095057603546,0.3313904942396454,1535.11,1523.747,21,25
1963-10-20,1963,0,,nyg,dal,1595.15,1377.111,0.8360741967972177,0.16392580320278227,1603.38,1368.881,37,21
1963-10-20,1963,0,,ari,gb,1525.06,1691.241,0.35837027261531385,0.6416297273846862,1503.283,1713.018,7,30
1963-10-20,1963,0,,oak,nyj,1339.632,1404.962,0.49952509196738304,0.500474908032617,1371.448,1373.146,49,26
1963-10-26,1963,0,,nyj,den,1373.146,1379.582,0.5834911278428634,0.4165088721571366,1370.6,1382.128,35,35
1963-10-26,1963,0,,buf,ne,1449.891,1486.327,0.5410145347478302,0.45898546525216977,1468.735,1467.483,28,21
1963-10-27,1963,0,,det,min,1535.11,1348.182,0.8100313886539907,0.1899686113460093,1545.148,1338.145,28,10
1963-10-27,1963,0,,chi,phi,1630.494,1435.422,0.8171407724653261,0.18285922753467387,1638.025,1427.892,16,7
1963-10-27,1963,0,,ind,gb,1523.747,1713.018,0.32841525528828486,0.6715847447117151,1506.911,1729.854,20,34
1963-10-27,1963,0,,ten,kc,1530.125,1478.453,0.6618653662035593,0.3381346337964407,1549.976,1458.602,28,7
1963-10-27,1963,0,,wsh,ari,1368.583,1503.283,0.4010179474068238,0.5989820525931762,1347.531,1524.336,7,21
1963-10-27,1963,0,,pit,dal,1547.273,1368.881,0.802354732987513,0.19764526701248697,1554.199,1361.956,27,21
1963-10-27,1963,0,,cle,nyg,1629.814,1603.38,0.6286282340017266,0.3713717659982734,1586.103,1647.091,6,33
1963-10-27,1963,0,,lac,oak,1485.104,1371.448,0.7366107468905667,0.2633892531094333,1473.989,1382.562,33,34
1963-10-27,1963,0,,lar,sf,1310.51,1399.949,0.4648873436778448,0.5351126563221552,1333.014,1377.444,28,21
1963-11-01,1963,0,,ne,ten,1467.483,1549.976,0.4748468003171699,0.52515319968283,1507.303,1510.155,45,3
1963-11-02,1963,0,,nyj,lac,1370.6,1473.989,0.44497752137242474,0.5550224786275753,1336.923,1507.666,7,53
1963-11-03,1963,0,,gb,pit,1729.854,1554.199,0.7998443030152429,0.2001556969847571,1740.664,1543.389,33,14
1963-11-03,1963,0,,min,lar,1338.145,1333.014,0.5995778570179802,0.40042214298201984,1355.198,1315.962,21,13
1963-11-03,1963,0,,dal,wsh,1361.956,1347.531,0.6123514025973762,0.3876485974026238,1382.702,1326.784,35,20
1963-11-03,1963,0,,ari,nyg,1524.336,1647.091,0.4176410922065723,0.5823589077934277,1500.811,1670.616,21,38
1963-11-03,1963,0,,oak,kc,1382.562,1458.602,0.48411750798141423,0.5158824920185858,1396.937,1444.227,10,7
1963-11-03,1963,0,,sf,det,1377.444,1545.148,0.3563568712633218,0.6436431287366782,1352.498,1570.094,7,45
1963-11-03,1963,0,,phi,cle,1427.892,1586.103,0.3689868611653619,0.631013138834638,1414.115,1599.88,17,23
1963-11-03,1963,0,,ind,chi,1506.911,1638.025,0.40598634600978695,0.594013653990213,1488.008,1656.927,7,17
1963-11-03,1963,0,,den,buf,1382.128,1468.735,0.4689450530423644,0.5310549469576356,1371.924,1478.939,28,30
1963-11-08,1963,0,,kc,oak,1444.227,1396.937,0.6561972189258188,0.34380278107418116,1405.882,1435.282,7,22
1963-11-09,1963,0,,buf,den,1478.939,1371.924,0.7291270168259439,0.27087298317405606,1490.987,1359.876,27,17
1963-11-10,1963,0,,ind,det,1488.008,1570.094,0.4754310722630121,0.5245689277369878,1502.666,1555.436,24,21
1963-11-10,1963,0,,nyg,phi,1670.616,1414.115,0.8642102704753447,0.1357897295246553,1678.595,1406.136,42,14
1963-11-10,1963,0,,sf,dal,1352.498,1382.702,0.5499087158075778,0.45009128419242217,1370.926,1364.275,31,24
1963-11-10,1963,0,,gb,min,1740.664,1355.198,0.9304155855943256,0.06958441440567442,1744.234,1351.627,28,7
1963-11-10,1963,0,,ari,wsh,1500.811,1326.784,0.7983397676303102,0.20166023236968977,1506.666,1320.929,24,20
1963-11-10,1963,0,,ten,nyj,1510.155,1336.923,0.7976019934554888,0.20239800654451123,1516.033,1331.045,31,27
1963-11-10,1963,0,,chi,lar,1656.927,1315.962,0.9118891208679157,0.08811087913208426,1659.822,1313.067,6,0
1963-11-10,1963,0,,ne,lac,1507.303,1507.666,0.591961600325298,0.408038399674702,1498.849,1516.121,6,7
1963-11-10,1963,0,,pit,cle,1543.389,1599.88,0.512242987653009,0.487757012346991,1554.065,1589.204,9,7
1963-11-17,1963,0,,nyg,sf,1678.595,1370.926,0.8952245610785303,0.10477543892146968,1684.966,1364.555,48,14
1963-11-17,1963,0,,den,nyj,1359.876,1331.045,0.6318437412839787,0.3681562587160213,1336.225,1354.695,9,14
1963-11-17,1963,0,,det,lar,1555.436,1313.067,0.8543778380174379,0.14562216198256206,1514.133,1354.37,21,28
1963-11-17,1963,0,,min,ind,1351.627,1502.666,0.37865045587956075,0.6213495441204393,1341.524,1512.77,34,37
1963-11-17,1963,0,,cle,ari,1589.204,1506.666,0.7004196511021428,0.29958034889785723,1559.985,1535.884,14,20
1963-11-17,1963,0,,chi,gb,1659.822,1744.234,0.47209291954904536,0.5279070804509547,1691.733,1712.323,26,7
1963-11-17,1963,0,,ne,kc,1498.849,1405.882,0.7128632755430799,0.28713672445692007,1492.357,1412.374,24,24
1963-11-17,1963,0,,dal,phi,1364.275,1406.136,0.533250551609107,0.46674944839089305,1383.485,1386.927,27,20
1963-11-17,1963,0,,wsh,pit,1320.929,1554.065,0.27530553563199694,0.7246944643680031,1310.975,1564.018,28,34
1963-11-17,1963,0,,buf,lac,1490.987,1516.121,0.5571213175034495,0.4428786824965505,1463.776,1543.332,13,23
1963-11-24,1963,0,,nyg,ari,1684.966,1535.884,0.7742304980995098,0.22576950190049017,1649.296,1571.555,17,24
1963-11-24,1963,0,,lar,ind,1354.37,1512.77,0.3687335788522878,0.6312664211477121,1363.509,1503.63,17,16
1963-11-24,1963,0,,min,det,1341.524,1514.133,0.34990718800770676,0.6500928119922933,1360.475,1495.181,34,31
1963-11-24,1963,0,,cle,dal,1559.985,1383.485,0.8006218954082238,0.19937810459177618,1568.601,1374.869,27,17
1963-11-24,1963,0,,gb,sf,1712.323,1364.555,0.9149852838439007,0.08501471615609935,1716.539,1360.339,28,10
1963-11-24,1963,0,,phi,wsh,1386.927,1310.975,0.6924045470240752,0.30759545297592483,1366.415,1331.487,10,13
1963-11-24,1963,0,,pit,chi,1564.018,1691.733,0.4107135076595253,0.5892864923404747,1566.742,1689.01,17,17
1963-11-28,1963,0,,den,oak,1336.225,1435.282,0.45114441641988123,0.5488555835801188,1311.051,1460.456,10,26
1963-11-28,1963,0,,det,gb,1495.181,1716.539,0.28903631807540797,0.710963681924592,1501.615,1710.105,13,13
1963-12-01,1963,0,,sf,lar,1360.339,1363.509,0.5880529300286003,0.41194706997139974,1340.863,1382.985,17,21
1963-12-01,1963,0,,ne,buf,1492.357,1463.776,0.6315089147114966,0.3684910852885034,1509.308,1446.825,17,7
1963-12-01,1963,0,,pit,phi,1566.742,1366.415,0.821617522027694,0.178382477972306,1556.933,1376.224,20,20
1963-12-01,1963,0,,ari,cle,1571.555,1568.601,0.5965654448185498,0.4034345551814502,1538.214,1601.941,10,24
1963-12-01,1963,0,,wsh,ind,1331.487,1503.63,0.3505176301040393,0.6494823698959606,1312.547,1522.57,20,36
1963-12-01,1963,0,,nyj,kc,1354.695,1412.374,0.5105342068664669,0.4894657931335331,1382.896,1384.173,17,0
1963-12-01,1963,0,,chi,min,1689.01,1360.475,0.9059680618451761,0.09403193815482391,1676.629,1372.856,17,17
1963-12-01,1963,0,,dal,nyg,1374.869,1649.296,0.2304878273686599,0.7695121726313401,1366.116,1658.048,27,34
1963-12-01,1963,0,,lac,ten,1543.332,1516.033,0.629789938321662,0.37021006167833803,1567.011,1492.354,27,0
1963-12-07,1963,0,,lar,gb,1382.985,1710.105,0.18110424149073337,0.8188957585092667,1373.63,1719.459,14,31
1963-12-08,1963,0,,oak,lac,1460.456,1567.011,0.44048109009906367,0.5595189099009363,1491.343,1536.124,41,27
1963-12-08,1963,0,,ten,ne,1492.354,1509.308,0.5687063423945046,0.43129365760549543,1458.116,1543.546,28,46
1963-12-08,1963,0,,buf,nyj,1446.825,1382.896,0.6774712820669286,0.32252871793307136,1467.943,1361.778,45,14
1963-12-08,1963,0,,nyg,wsh,1658.048,1312.547,0.9139646556536627,0.0860353443463373,1663.028,1307.568,44,14
1963-12-08,1963,0,,ind,min,1522.57,1372.856,0.7748657921359362,0.2251342078640638,1536.787,1358.639,41,10
1963-12-08,1963,0,,kc,den,1384.173,1311.051,0.68892409444789,0.31107590555210995,1404.462,1290.762,52,21
1963-12-08,1963,0,,det,cle,1501.615,1601.941,0.449336267919074,0.550663732080926,1539.306,1564.251,38,10
1963-12-08,1963,0,,dal,pit,1366.116,1556.933,0.32645540092298725,0.6735445990770128,1355.05,1567.998,19,24
1963-12-08,1963,0,,ari,phi,1538.214,1376.224,0.7869536284007564,0.21304637159924356,1550.647,1363.791,38,14
1963-12-08,1963,0,,chi,sf,1676.629,1340.863,0.909454669718872,0.09054533028112799,1681.292,1336.199,27,7
1963-12-14,1963,0,,nyj,buf,1361.778,1467.943,0.4410344659393587,0.5589655340606413,1341.841,1487.88,10,19
1963-12-14,1963,0,,kc,ne,1404.462,1543.546,0.394971540358664,0.605028459641336,1448.246,1499.762,35,3
1963-12-14,1963,0,,sf,gb,1336.199,1719.459,0.13799402331505822,0.8620059766849417,1332.319,1723.34,17,21
1963-12-15,1963,0,,ten,lac,1458.116,1536.124,0.48128872525831606,0.518711274741684,1439.495,1554.745,14,20
1963-12-15,1963,0,,nyg,pit,1663.028,1567.998,0.7152879216576065,0.28471207834239354,1678.067,1552.959,33,17
1963-12-15,1963,0,,phi,min,1363.791,1358.639,0.5996068794254271,0.4003931205745729,1325.502,1396.928,13,34
1963-12-15,1963,0,,chi,det,1681.292,1539.306,0.7670105165025614,0.23298948349743864,1691.505,1529.093,24,14
1963-12-15,1963,0,,ind,lar,1536.787,1373.63,0.7880777462044782,0.21192225379552176,1542.111,1368.307,19,16
1963-12-15,1963,0,,oak,den,1491.343,1290.762,0.8218317159001763,0.17816828409982366,1496.461,1285.645,35,31
1963-12-15,1963,0,,ari,dal,1550.647,1355.05,0.8175919135550691,0.1824080864449309,1520.793,1384.904,24,28
1963-12-15,1963,0,,wsh,cle,1307.568,1564.251,0.24910037763132434,0.7508996223686757,1298.038,1573.781,20,27
1963-12-22,1963,0,,oak,ten,1496.461,1439.495,0.6686515947324438,0.33134840526755616,1505.165,1430.791,52,49
1963-12-22,1963,0,,kc,nyj,1448.246,1341.841,0.7284329464209349,0.2715670535790651,1467.856,1322.231,48,0
1963-12-22,1963,0,,lac,den,1554.745,1285.645,0.8724986549952841,0.12750134500471588,1562.855,1277.535,58,20
1963-12-28,1963,0,d,buf,ne,1487.88,1499.762,0.5758528683248574,0.4241471316751426,1453.13,1534.512,8,26
1963-12-29,1963,0,c,chi,nyg,1691.505,1678.067,0.6110018558572303,0.3889981441427697,1703.595,1665.977,14,10
1964-01-05,1963,0,c,lac,ne,1562.855,1534.512,0.6311900420309071,0.3688099579690929,1589.303,1508.064,51,10
1964-09-12,1964,0,,nyj,den,1383.154,1353.356,0.6331376520052606,0.3668623479947394,1405.796,1330.714,30,6
1964-09-12,1964,0,,dal,ari,1424.936,1515.529,0.46323518571799704,0.536764814282003,1402.976,1537.489,6,16
1964-09-12,1964,0,,lac,ten,1561.202,1455.527,0.7276008729629334,0.2723991270370666,1571.04,1445.689,27,21
1964-09-13,1964,0,,sf,det,1389.879,1521.062,0.4058905612485711,0.594109438751429,1371.733,1539.208,17,26
1964-09-13,1964,0,,phi,nyg,1385.335,1612.318,0.2824281089086616,0.7175718910913385,1439.026,1558.626,38,7
1964-09-13,1964,0,,wsh,cle,1367.025,1550.854,0.33536139285431726,0.6646386071456827,1349.793,1568.087,13,27
1964-09-13,1964,0,,buf,kc,1470.42,1480.237,0.5787535982737262,0.4212464017262738,1494.175,1456.482,34,17
1964-09-13,1964,0,,min,ind,1432.952,1529.741,0.4543791859815353,0.5456208140184646,1459.502,1503.19,34,24
1964-09-13,1964,0,,gb,chi,1650.56,1637.397,0.6106255381277758,0.38937446187222424,1669.247,1618.71,23,12
1964-09-13,1964,0,,pit,lar,1536.973,1413.871,0.7470238983940157,0.25297610160598427,1495.069,1455.776,14,26
1964-09-13,1964,0,,oak,ne,1505.11,1507.043,0.5897768185630214,0.41022318143697856,1488.275,1523.878,14,17
1964-09-19,1964,0,,lar,det,1455.776,1539.208,0.4734990770655993,0.5265009229344007,1456.584,1538.4,17,17
1964-09-19,1964,0,,ten,oak,1445.689,1488.275,0.5322116642282099,0.46778833577179013,1470.77,1463.195,42,28
1964-09-20,1964,0,,dal,wsh,1402.976,1349.793,0.6638092295167655,0.33619077048323454,1415.392,1337.376,24,18
1964-09-20,1964,0,,cle,ari,1568.087,1537.489,0.6342066576691189,0.3657933423308811,1563.994,1541.582,33,33
1964-09-20,1964,0,,phi,sf,1439.026,1371.733,0.6816879312070011,0.3183120687929989,1415.68,1395.08,24,28
1964-09-20,1964,0,,pit,nyg,1495.069,1558.626,0.5020766319902622,0.4979233680097378,1508.865,1544.83,27,24
1964-09-20,1964,0,,gb,ind,1669.247,1503.19,0.7908523803614561,0.2091476196385439,1656.997,1515.44,20,21
1964-09-20,1964,0,,min,chi,1459.502,1618.71,0.36765158055936015,0.6323484194406399,1445.782,1632.431,28,34
1964-09-20,1964,0,,buf,den,1494.175,1330.714,0.7883698625873575,0.21163013741264247,1505.258,1319.631,30,13
1964-09-20,1964,0,,lac,ne,1571.04,1523.878,0.656030969787027,0.343969030212973,1546.268,1548.65,28,33
1964-09-25,1964,0,,nyg,wsh,1544.83,1337.376,0.8275512998525271,0.17244870014747293,1549.084,1333.121,13,10
1964-09-26,1964,0,,buf,lac,1505.258,1546.268,0.5344696219941144,0.4655303780058856,1535.948,1515.578,30,3
1964-09-27,1964,0,,sf,ari,1395.08,1541.582,0.38481431599403715,0.6151856840059629,1377.284,1559.378,13,23
1964-09-27,1964,0,,phi,cle,1415.68,1563.994,0.382348015892501,0.617651984107499,1399.491,1580.183,20,28
1964-09-27,1964,0,,ne,nyj,1548.65,1405.796,0.7679022459957016,0.23209775400429844,1560.666,1393.78,26,10
1964-09-27,1964,0,,oak,kc,1463.195,1456.482,0.6017622420753025,0.3982377579246975,1431.285,1488.392,9,21
1964-09-27,1964,0,,den,ten,1319.631,1470.77,0.3785150305761956,0.6214849694238044,1297.113,1493.288,17,38
1964-09-27,1964,0,,lar,min,1456.584,1445.782,0.6073892969794664,0.3926107030205336,1474.062,1428.303,22,13
1964-09-27,1964,0,,ind,chi,1515.44,1632.431,0.4257324625812957,0.5742675374187043,1562.144,1585.727,52,0
1964-09-27,1964,0,,pit,dal,1508.865,1415.392,0.7134591183520749,0.2865408816479251,1519.267,1404.99,23,17
1964-09-28,1964,0,,det,gb,1538.4,1656.997,0.4234738013411498,0.5765261986588501,1525.093,1670.304,10,14
1964-10-03,1964,0,,buf,oak,1535.948,1431.285,0.7264447337932308,0.2735552662067692,1542.99,1424.243,23,20
1964-10-03,1964,0,,nyj,lac,1393.78,1515.578,0.4189815636621345,0.5810184363378654,1396.25,1513.107,17,17
1964-10-04,1964,0,,phi,pit,1399.491,1519.267,0.4218176961110377,0.5781823038889623,1431.605,1487.153,21,7
1964-10-04,1964,0,,ind,lar,1562.144,1474.062,0.7070730715566335,0.29292692844336654,1577.331,1458.875,35,20
1964-10-04,1964,0,,det,nyg,1525.093,1549.084,0.5587441426213174,0.44125585737868256,1552.626,1521.551,26,3
1964-10-04,1964,0,,cle,dal,1580.183,1404.99,0.7994181973711948,0.2005818026288052,1591.362,1393.811,27,6
1964-10-04,1964,0,,gb,min,1670.304,1428.303,0.8541140792208725,0.14588592077912754,1656.543,1442.064,23,24
1964-10-04,1964,0,,den,ne,1297.113,1560.666,0.2417767761616625,0.7582232238383375,1282.028,1575.751,10,39
1964-10-04,1964,0,,kc,ten,1488.392,1493.288,0.5856439629544122,0.41435603704558777,1513.326,1468.353,28,7
1964-10-04,1964,0,,sf,chi,1377.284,1585.727,0.30454990618028643,0.6954500938197136,1412.963,1550.048,31,21
1964-10-04,1964,0,,wsh,ari,1333.121,1559.378,0.2832758438699114,0.7167241561300886,1322.85,1569.65,17,23
1964-10-09,1964,0,,ne,lac,1575.751,1513.107,0.6758528792573235,0.3241471207426765,1542.71,1546.148,17,26
1964-10-10,1964,0,,nyj,oak,1396.25,1424.243,0.5530568555682339,0.4469431444317661,1423.815,1396.679,35,13
1964-10-10,1964,0,,cle,pit,1591.362,1487.153,0.7259250776648816,0.27407492233511843,1546.801,1531.714,7,23
1964-10-11,1964,0,,wsh,phi,1322.85,1431.605,0.4373622911071539,0.562637708892846,1354.682,1399.773,35,20
1964-10-11,1964,0,,den,kc,1282.028,1513.326,0.27742146288145886,0.7225785371185411,1312.449,1482.905,33,27
1964-10-11,1964,0,,dal,nyg,1393.811,1521.551,0.4106786774892592,0.5893213225107408,1396.535,1518.827,13,13
1964-10-11,1964,0,,gb,sf,1656.543,1412.963,0.8552430130526418,0.14475698694735817,1662.631,1406.874,24,14
1964-10-11,1964,0,,min,det,1442.064,1552.626,0.4348043105758257,0.5651956894241743,1428.352,1566.338,20,24
1964-10-11,1964,0,,chi,lar,1550.048,1458.875,0.7107447924902492,0.28925520750975076,1566.745,1442.179,38,17
1964-10-11,1964,0,,ten,buf,1468.353,1542.99,0.4861347978018935,0.5138652021981065,1434.804,1576.539,17,48
1964-10-12,1964,0,,ari,ind,1569.65,1577.331,0.5817483515384775,0.4182516484615225,1533.279,1613.701,27,47
1964-10-16,1964,0,,ne,oak,1542.71,1396.679,0.7711457551245771,0.22885424487542294,1534.44,1404.949,43,43
1964-10-17,1964,0,,nyj,ten,1423.815,1434.804,0.5771079296893412,0.4228920703106588,1435.259,1423.36,24,21
1964-10-18,1964,0,,nyg,phi,1518.827,1399.773,0.7425949814849034,0.25740501851509656,1487.288,1431.312,17,23
1964-10-18,1964,0,,min,pit,1428.352,1531.714,0.4450159072805799,0.5549840927194201,1462.745,1497.321,30,10
1964-10-18,1964,0,,ari,wsh,1533.279,1354.682,0.8025418043961615,0.19745819560383848,1542.908,1345.054,38,24
1964-10-18,1964,0,,ind,gb,1613.701,1662.631,0.5231101111224266,0.47688988887757344,1626.828,1649.505,24,21
1964-10-18,1964,0,,dal,cle,1396.535,1546.801,0.3796979305110614,0.6203020694889386,1384.769,1558.567,16,20
1964-10-18,1964,0,,kc,buf,1482.905,1576.539,0.45888540665267763,0.5411145933473224,1458.996,1600.449,22,35
1964-10-18,1964,0,,lac,den,1546.148,1312.449,0.8480579357178204,0.1519420642821796,1555.158,1303.439,42,14
1964-10-18,1964,0,,lar,sf,1442.179,1406.874,0.6404693864419252,0.3595306135580748,1465.336,1383.717,42,14
1964-10-18,1964,0,,chi,det,1566.745,1566.338,0.5930317962502935,0.40696820374970655,1537.433,1595.65,0,10
1964-10-23,1964,0,,ne,kc,1534.44,1458.996,0.691781381605449,0.308218618394551,1551.188,1442.248,24,7
1964-10-24,1964,0,,buf,nyj,1600.449,1435.259,0.7900256704872459,0.20997432951275408,1609.565,1426.143,34,24
1964-10-25,1964,0,,wsh,chi,1345.054,1537.433,0.3244814022423405,0.6755185977576594,1374.874,1507.612,27,20
1964-10-25,1964,0,,oak,den,1404.949,1303.439,0.7228231045761023,0.2771768954238977,1423.122,1285.266,40,7
1964-10-25,1964,0,,ari,dal,1542.908,1384.769,0.7832133315467195,0.21678666845328054,1491.579,1436.097,13,31
1964-10-25,1964,0,,pit,phi,1497.321,1431.312,0.6800819477702483,0.31991805222975167,1450.767,1477.866,10,34
1964-10-25,1964,0,,det,ind,1595.65,1626.828,0.5485205981868685,0.4514794018131315,1556.037,1666.44,0,34
1964-10-25,1964,0,,cle,nyg,1558.567,1487.288,0.686645924910763,0.31335407508923696,1577.071,1468.783,42,20
1964-10-25,1964,0,,sf,min,1383.717,1462.745,0.4798230482125906,0.5201769517874094,1366.632,1479.831,22,27
1964-10-25,1964,0,,gb,lar,1649.505,1465.336,0.8075754040288563,0.1924245959711437,1605.829,1509.012,17,27
1964-10-25,1964,0,,ten,lac,1423.36,1555.158,0.405037144631455,0.594962855368545,1412.461,1566.057,17,20
1964-10-31,1964,0,,nyj,ne,1426.143,1551.188,0.41443845610976526,0.5855615438902347,1463.358,1513.973,35,14
1964-11-01,1964,0,,phi,wsh,1477.866,1374.874,0.7245290516301416,0.2754709483698584,1438.882,1413.859,10,21
1964-11-01,1964,0,,pit,cle,1450.767,1577.071,0.4126807636058284,0.5873192363941716,1429.576,1598.262,17,30
1964-11-01,1964,0,,ind,sf,1666.44,1366.632,0.8909035341975252,0.10909646580247478,1672.867,1360.205,37,7
1964-11-01,1964,0,,buf,ten,1609.565,1412.461,0.818882098667169,0.181117901332831,1618.33,1403.696,24,10
1964-11-01,1964,0,,min,gb,1479.831,1605.829,0.4131077679238931,0.586892232076107,1452.488,1633.172,13,42
1964-11-01,1964,0,,chi,dal,1507.612,1436.097,0.6869381555313545,0.3130618444686455,1467.946,1475.764,10,24
1964-11-01,1964,0,,nyg,ari,1468.783,1491.579,0.5604394556315492,0.4395605443684508,1493.715,1466.647,34,17
1964-11-01,1964,0,,lac,oak,1566.057,1423.122,0.7679853387848886,0.23201466121511138,1577.538,1411.641,31,17
1964-11-01,1964,0,,kc,den,1442.248,1285.266,0.7820803572468515,0.21791964275314846,1451.741,1275.773,49,39
1964-11-01,1964,0,,det,lar,1556.037,1509.012,0.6558529888988014,0.3441470111011986,1575.977,1489.072,37,17
1964-11-06,1964,0,,ne,ten,1513.973,1403.696,0.7328196086763167,0.2671803913236833,1517.403,1400.265,25,24
1964-11-08,1964,0,,nyj,buf,1463.358,1618.33,0.37333862695972236,0.6266613730402777,1444.427,1637.261,7,20
1964-11-08,1964,0,,nyg,dal,1493.715,1475.764,0.6171583881111857,0.38284161188881427,1462.958,1506.521,21,31
1964-11-08,1964,0,,den,lac,1275.773,1577.538,0.20376469181685186,0.7962353081831481,1266.63,1586.68,20,31
1964-11-08,1964,0,,gb,det,1633.172,1575.977,0.6689435923742019,0.33105640762579813,1653.107,1556.042,30,7
1964-11-08,1964,0,,ari,pit,1466.647,1429.576,0.6428069163894562,0.3571930836105438,1477.635,1418.588,34,30
1964-11-08,1964,0,,kc,oak,1451.741,1411.641,0.6468003596280507,0.3531996403719493,1475.901,1387.481,42,7
1964-11-08,1964,0,,min,sf,1452.488,1360.205,0.7120566529726842,0.28794334702731583,1468.022,1344.67,24,7
1964-11-08,1964,0,,lar,phi,1489.072,1438.882,0.6599534858902802,0.34004651410971976,1504.569,1423.385,20,10
1964-11-08,1964,0,,cle,wsh,1598.262,1413.859,0.8077846394760351,0.19221536052396493,1606.542,1405.579,34,24
1964-11-08,1964,0,,chi,ind,1467.946,1672.867,0.3088609149949084,0.6911390850050916,1451.491,1689.322,24,40
1964-11-15,1964,0,,sf,gb,1344.67,1653.107,0.19760419111770153,0.8023958088822984,1387.939,1609.838,24,14
1964-11-15,1964,0,,ind,min,1689.322,1468.022,0.8386307493541951,0.16136925064580487,1693.281,1464.064,17,14
1964-11-15,1964,0,,cle,det,1606.542,1556.042,0.6603538406388909,0.3396461593611091,1624.828,1537.756,37,21
1964-11-15,1964,0,,buf,ne,1637.261,1517.403,0.7434786566489712,0.25652134335102883,1601.592,1553.072,28,36
1964-11-15,1964,0,,ari,nyg,1477.635,1462.958,0.6126956925272813,0.3873043074727187,1474.198,1466.395,10,10
1964-11-15,1964,0,,den,nyj,1266.63,1444.427,0.3431446548678315,0.6568553451321685,1288.916,1422.141,20,16
1964-11-15,1964,0,,dal,phi,1506.521,1423.385,0.7011414705403285,0.2988585294596715,1485.678,1444.228,14,17
1964-11-15,1964,0,,oak,ten,1387.481,1400.265,0.5745841640315741,0.4254158359684259,1407.41,1380.336,20,10
1964-11-15,1964,0,,pit,wsh,1418.588,1405.579,0.6104147425914577,0.38958525740854233,1375.124,1449.044,0,30
1964-11-15,1964,0,,kc,lac,1475.901,1586.68,0.4344973570053513,0.5655026429946487,1452.848,1609.734,14,28
1964-11-15,1964,0,,lar,chi,1504.569,1451.491,0.6636743279299369,0.33632567207006314,1470.935,1485.124,24,34
1964-11-20,1964,0,,ne,den,1553.072,1288.916,0.8692989294601724,0.1307010705398276,1557.146,1284.842,12,7
1964-11-22,1964,0,,oak,nyj,1407.41,1422.141,0.5718422893970154,0.4281577106029846,1426.687,1402.864,35,26
1964-11-22,1964,0,,det,min,1537.756,1464.064,0.6896268410886786,0.31037315891132145,1531.973,1469.847,23,23
1964-11-22,1964,0,,chi,sf,1485.124,1387.939,0.7178074884917575,0.28219251150824254,1490.899,1382.164,23,21
1964-11-22,1964,0,,gb,cle,1609.838,1624.828,0.5714772145259803,0.4285227854740197,1627.264,1607.402,28,21
1964-11-22,1964,0,,nyg,pit,1466.395,1375.124,0.7108607569755858,0.2891392430244142,1415.398,1426.121,17,44
1964-11-22,1964,0,,lar,ind,1470.935,1693.281,0.28786899643348896,0.712131003566511,1455.405,1708.811,7,24
1964-11-22,1964,0,,phi,ari,1444.228,1474.198,0.5502420911691474,0.44975790883085265,1407.793,1510.633,13,38
1964-11-22,1964,0,,wsh,dal,1449.044,1485.678,0.5407314939699854,0.45926850603001457,1472.304,1462.418,28,16
1964-11-22,1964,0,,ten,kc,1380.336,1452.848,0.48919104725714296,0.510808952742857,1357.885,1475.299,19,28
1964-11-26,1964,0,,det,chi,1531.973,1490.899,0.6480801731989747,0.3519198268010253,1513.094,1509.778,24,27
1964-11-26,1964,0,,lac,buf,1609.734,1601.592,0.6037318938610634,0.3962681061389366,1592.419,1618.907,24,27
1964-11-29,1964,0,,dal,gb,1462.418,1627.264,0.3601392579159766,0.6398607420840234,1440.24,1649.442,21,45
1964-11-29,1964,0,,pit,ari,1426.121,1510.633,0.47194945860561455,0.5280505413943855,1419.636,1517.118,20,21
1964-11-29,1964,0,,wsh,nyg,1472.304,1415.398,0.6685750673231304,0.33142493267686957,1489.717,1397.984,36,21
1964-11-29,1964,0,,ten,ne,1357.885,1557.146,0.31585893135315324,0.6841410686468468,1340.676,1574.355,17,34
1964-11-29,1964,0,,min,lar,1469.847,1455.405,0.612374632039362,0.38762536796063796,1492.975,1432.277,34,13
1964-11-29,1964,0,,cle,phi,1607.402,1407.793,0.8210109545861487,0.1789890454138513,1616.055,1399.14,38,24
1964-11-29,1964,0,,den,oak,1284.842,1426.687,0.39117987299782236,0.6088201270021776,1288.161,1423.368,20,20
1964-11-29,1964,0,,sf,ind,1382.164,1708.811,0.1815083993895038,0.8184916006104962,1374.103,1716.873,3,14
1964-11-29,1964,0,,nyj,kc,1402.864,1475.299,0.4893018079074348,0.5106981920925652,1429.911,1448.253,27,14
1964-12-05,1964,0,,chi,gb,1509.778,1649.442,0.39417396334233923,0.6058260366576608,1489.13,1670.09,3,17
1964-12-06,1964,0,,wsh,pit,1489.717,1419.636,0.6851602001866393,0.31483979981336074,1459.358,1449.995,7,14
1964-12-06,1964,0,,sf,lar,1374.103,1432.277,0.5098221399132032,0.49017786008679676,1404.312,1402.067,28,7
1964-12-06,1964,0,,lac,nyj,1592.419,1429.911,0.7874531301043594,0.21254686989564064,1606.225,1416.105,38,3
1964-12-06,1964,0,,ari,cle,1517.118,1616.055,0.4513154672776844,0.5486845327223155,1542.782,1590.392,28,19
1964-12-06,1964,0,,ind,det,1716.873,1513.094,0.8245113148977514,0.17548868510224858,1662.577,1567.391,14,31
1964-12-06,1964,0,,nyg,min,1397.984,1492.975,0.45694636395783683,0.5430536360421632,1377.224,1513.735,21,30
1964-12-06,1964,0,,kc,ne,1448.253,1574.355,0.4129626275775674,0.5870373724224326,1431.542,1591.066,24,31
1964-12-06,1964,0,,oak,buf,1423.368,1618.907,0.3205069839307158,0.6794930160692843,1443.396,1598.879,16,13
1964-12-06,1964,0,,phi,dal,1399.14,1440.24,0.5343407148446983,0.46565928515530175,1421.232,1418.148,24,14
1964-12-12,1964,0,,nyg,cle,1377.224,1590.392,0.29881993180699484,0.7011800681930052,1357.646,1609.97,20,52
1964-12-13,1964,0,,den,buf,1288.161,1598.879,0.19553052623410527,0.8044694737658947,1279.42,1607.62,19,30
1964-12-13,1964,0,,ten,nyj,1340.676,1416.105,0.4849959686047923,0.5150040313952077,1369.997,1386.784,33,17
1964-12-13,1964,0,,chi,min,1489.13,1513.735,0.5578725425347,0.4421274574653,1451.256,1551.61,14,41
1964-12-13,1964,0,,lar,gb,1402.067,1670.09,0.23709107074094035,0.7629089292590596,1410.086,1662.072,24,24
1964-12-13,1964,0,,lac,kc,1606.225,1431.542,0.7989470323435436,0.20105296765645642,1538.364,1499.403,6,49
1964-12-13,1964,0,,ind,wsh,1662.577,1459.358,0.8240443936457629,0.17595560635423713,1673.139,1448.796,45,17
1964-12-13,1964,0,,det,sf,1567.391,1404.312,0.7880027477869856,0.21199725221301435,1578.495,1393.208,24,7
1964-12-13,1964,0,,dal,pit,1418.148,1449.995,0.5475667191193266,0.45243328088067336,1430.505,1437.637,17,14
1964-12-13,1964,0,,ari,phi,1542.782,1421.232,0.7453318295742953,0.25466817042570467,1547.94,1416.074,36,34
1964-12-20,1964,0,,ne,buf,1591.066,1607.62,0.5692710295889976,0.43072897041100244,1563.15,1635.536,14,24
1964-12-20,1964,0,,ten,den,1369.997,1279.42,0.7100389455655761,0.2899610544344239,1386.223,1263.194,34,15
1964-12-20,1964,0,,oak,lac,1443.396,1538.364,0.45697921838959205,0.543020781610408,1451.028,1530.732,21,20
1964-12-20,1964,0,,kc,nyj,1499.403,1386.784,0.7354509468735119,0.26454905312648813,1513.553,1372.633,24,7
1964-12-26,1964,0,c,buf,lac,1635.536,1530.732,0.7266059997254171,0.27339400027458294,1648.932,1517.336,20,7
1964-12-27,1964,0,c,cle,ind,1609.97,1673.139,0.5026349964216243,0.49736500357837565,1643.089,1640.02,27,0
1965-09-11,1965,0,,buf,ne,1600.955,1543.767,0.6689346686078643,0.3310653313921357,1619.086,1525.636,24,7
1965-09-11,1965,0,,lac,den,1513.224,1343.796,0.7940439548413379,0.20595604515866206,1518.385,1338.636,34,31
1965-09-12,1965,0,,oak,kc,1469.019,1510.702,0.5335055726371678,0.4664944273628322,1499.782,1479.939,37,10
1965-09-12,1965,0,,ten,nyj,1425.815,1416.756,0.604994068714753,0.39500593128524697,1440.687,1401.883,27,21
1965-09-18,1965,0,,nyj,kc,1401.883,1479.939,0.4812197448020682,0.5187802551979318,1386.485,1495.337,10,14
1965-09-19,1965,0,,dal,nyg,1455.337,1406.764,0.6578614876010479,0.3421385123989521,1477.468,1384.633,31,2
1965-09-19,1965,0,,oak,lac,1499.782,1518.385,0.5663765481529386,0.4336234518470614,1471.027,1547.139,6,17
1965-09-19,1965,0,,ind,min,1595.013,1536.073,0.6711643572890388,0.3288356427109612,1613.665,1517.422,35,16
1965-09-19,1965,0,,pit,gb,1460.091,1609.714,0.3805701003481467,0.6194298996518532,1434.464,1635.342,9,41
1965-09-19,1965,0,,phi,ari,1445.716,1533.627,0.46707612990665254,0.5329238700933474,1468.113,1511.23,34,27
1965-09-19,1965,0,,wsh,cle,1467.53,1597.059,0.4081885750895763,0.5918114249104237,1448.512,1616.077,7,17
1965-09-19,1965,0,,sf,chi,1430.472,1469.17,0.537779477104406,0.462220522895594,1461.233,1438.409,52,24
1965-09-19,1965,0,,ten,ne,1440.687,1525.636,0.4713225889530907,0.5286774110469092,1473.67,1492.653,31,10
1965-09-19,1965,0,,det,lar,1553.996,1441.724,0.7350621262858479,0.2649378737141521,1568.926,1426.795,20,0
1965-09-19,1965,0,,den,buf,1338.636,1619.086,0.22439597158951088,0.7756040284104891,1327.303,1630.419,15,30
1965-09-24,1965,0,,ne,den,1492.653,1327.303,0.7901784155076578,0.20982158449234223,1441.633,1378.323,10,27
1965-09-25,1965,0,,lar,chi,1426.795,1438.409,0.5762296308123994,0.4237703691876006,1435.885,1429.319,30,28
1965-09-26,1965,0,,dal,wsh,1477.468,1448.512,0.6320111069493175,0.3679888930506825,1498.957,1427.023,27,7
1965-09-26,1965,0,,lac,kc,1547.139,1495.337,0.6620328241413206,0.3379671758586794,1542.197,1500.279,10,10
1965-09-26,1965,0,,gb,ind,1635.342,1613.665,0.6222132320433305,0.37778676795666954,1645.419,1603.587,20,17
1965-09-26,1965,0,,cle,ari,1616.077,1511.23,0.7266551683149853,0.27334483168501467,1559.209,1568.098,13,49
1965-09-26,1965,0,,min,det,1517.422,1568.926,0.5194125423553565,0.4805874576446435,1505.939,1580.409,29,31
1965-09-26,1965,0,,phi,nyg,1468.113,1384.633,0.7015562453389976,0.29844375466100237,1451.582,1401.163,14,16
1965-09-26,1965,0,,buf,nyj,1630.419,1386.485,0.8554951134920564,0.14450488650794358,1636.919,1379.985,33,21
1965-09-26,1965,0,,oak,ten,1471.027,1473.67,0.5887876262763467,0.41121237372365327,1483.899,1460.798,21,17
1965-09-26,1965,0,,sf,pit,1461.233,1434.464,0.6290783199172413,0.3709216800827587,1478.309,1417.387,27,17
1965-10-03,1965,0,,lar,min,1435.885,1505.939,0.49272722231086286,0.5072727776891371,1422.255,1519.569,35,38
1965-10-03,1965,0,,den,nyj,1378.323,1379.985,0.5901541925650025,0.40984580743499754,1389.368,1368.939,16,13
1965-10-03,1965,0,,lac,ten,1542.197,1460.798,0.6990420592092932,0.3009579407907068,1558.509,1444.486,31,14
1965-10-03,1965,0,,gb,chi,1645.419,1429.319,0.8345386844814564,0.1654613155185436,1652.176,1422.562,23,14
1965-10-03,1965,0,,phi,cle,1451.582,1559.209,0.43896078181711434,0.5610392181828856,1426.224,1584.567,17,35
1965-10-03,1965,0,,det,wsh,1580.409,1427.023,0.7785318077002078,0.2214681922997922,1586.894,1420.538,14,10
1965-10-03,1965,0,,kc,ne,1500.279,1441.633,0.6707907317815968,0.32920926821840324,1515.227,1426.685,27,17
1965-10-03,1965,0,,buf,oak,1636.919,1483.899,0.7781683287416457,0.22183167125835435,1644.152,1476.666,17,12
1965-10-03,1965,0,,ind,sf,1603.587,1478.309,0.7493837309251858,0.25061626907481416,1609.983,1471.914,27,24
1965-10-03,1965,0,,pit,nyg,1417.387,1401.163,0.6148067724042829,0.38519322759571706,1386.772,1431.779,13,23
1965-10-04,1965,0,,ari,dal,1568.098,1498.957,0.683991778551517,0.31600822144848295,1580.485,1486.57,20,13
1965-10-08,1965,0,,ne,oak,1426.685,1476.666,0.5216006252816519,0.47839937471834815,1398.24,1505.111,10,24
1965-10-09,1965,0,,cle,pit,1584.567,1386.772,0.8194713022887066,0.18052869771129343,1590.346,1380.993,24,19
1965-10-09,1965,0,,min,nyg,1519.569,1431.779,0.7067248038295016,0.29327519617049835,1537.645,1413.702,40,14
1965-10-10,1965,0,,wsh,ari,1420.538,1580.485,0.3666631460239196,0.6333368539760804,1398.808,1602.215,16,37
1965-10-10,1965,0,,dal,phi,1486.57,1426.224,0.6729481533230374,0.32705184667696263,1451.105,1461.689,24,35
1965-10-10,1965,0,,buf,lac,1644.152,1558.509,0.7041566627206403,0.29584333727935974,1591.756,1610.905,3,34
1965-10-10,1965,0,,den,kc,1389.368,1515.227,0.413301777154463,0.5866982228455371,1371.695,1532.901,23,31
1965-10-10,1965,0,,chi,lar,1422.562,1422.255,0.5928928594149073,0.4071071405850927,1448.325,1396.492,31,6
1965-10-10,1965,0,,ind,det,1609.983,1586.894,0.6241219545394199,0.3758780454605801,1633.249,1563.627,31,7
1965-10-10,1965,0,,gb,sf,1652.176,1471.914,0.8040562439377439,0.1959437560622561,1662.367,1461.723,27,10
1965-10-16,1965,0,,nyj,oak,1368.939,1505.111,0.39898430575052585,0.6010156942494742,1372.02,1502.03,24,24
1965-10-17,1965,0,,den,ten,1371.695,1444.486,0.48878972867534637,0.5112102713246536,1397.191,1418.989,28,17
1965-10-17,1965,0,,lar,sf,1396.492,1461.723,0.4996675643261839,0.5003324356738161,1364.328,1493.887,21,45
1965-10-17,1965,0,,nyg,phi,1413.702,1461.689,0.524464124871037,0.475535875128963,1434.439,1440.952,35,27
1965-10-17,1965,0,,pit,ari,1380.993,1602.215,0.2891972218194329,0.710802778180567,1366.741,1616.467,7,20
1965-10-17,1965,0,,ne,lac,1398.24,1610.905,0.299426969363536,0.7005730306364639,1404.358,1604.788,13,13
1965-10-17,1965,0,,kc,buf,1532.901,1591.756,0.5088424438594981,0.49115755614050194,1503.987,1620.67,7,23
1965-10-17,1965,0,,min,chi,1537.645,1448.325,0.7085469364808903,0.2914530635191097,1504.159,1481.811,37,45
1965-10-17,1965,0,,wsh,ind,1398.808,1633.249,0.2738092944280614,0.7261907055719385,1381.187,1650.871,7,38
1965-10-17,1965,0,,det,gb,1563.627,1662.367,0.4515963006985694,0.5484036993014306,1542.297,1683.697,21,31
1965-10-17,1965,0,,cle,dal,1590.346,1451.105,0.7641747997764088,0.2358252002235912,1598.745,1442.707,23,17
1965-10-23,1965,0,,nyj,lac,1372.02,1604.788,0.27572837947336043,0.7242716205266395,1355.326,1621.482,9,34
1965-10-24,1965,0,,chi,det,1481.811,1542.297,0.5064958026988146,0.49350419730118544,1514.978,1509.129,38,10
1965-10-24,1965,0,,nyg,cle,1434.439,1598.745,0.3608558861110754,0.6391441138889247,1412.211,1620.972,14,38
1965-10-24,1965,0,,ari,wsh,1616.467,1381.187,0.849226935955059,0.15077306404494095,1584.811,1412.843,20,24
1965-10-24,1965,0,,ind,lar,1650.871,1364.328,0.88325729949039,0.11674270050961,1656.453,1358.746,35,20
1965-10-24,1965,0,,buf,den,1620.67,1397.191,0.8403210269606476,0.1596789730393524,1628.983,1388.878,31,13
1965-10-24,1965,0,,gb,dal,1683.697,1442.707,0.8533874199258388,0.14661258007416123,1689.87,1436.534,13,3
1965-10-24,1965,0,,phi,pit,1440.952,1366.741,0.6902659502956372,0.3097340497043628,1412.273,1395.42,14,20
1965-10-24,1965,0,,oak,ne,1502.03,1404.358,0.71837499747986,0.28162500252014,1514.106,1392.281,30,21
1965-10-24,1965,0,,sf,min,1493.887,1504.159,0.5781149138194086,0.4218850861805914,1485.668,1512.378,41,42
1965-10-24,1965,0,,ten,kc,1418.989,1503.987,0.4712523048235213,0.5287476951764787,1430.714,1492.262,38,36
1965-10-31,1965,0,,cle,min,1620.972,1512.378,0.7309184482443596,0.2690815517556404,1582.916,1550.434,17,27
1965-10-31,1965,0,,buf,ten,1628.983,1430.714,0.819874608917139,0.18012539108286096,1608.519,1451.177,17,19
1965-10-31,1965,0,,wsh,phi,1412.843,1412.273,0.593258231387544,0.40674176861245603,1421.521,1403.595,23,21
1965-10-31,1965,0,,kc,oak,1492.262,1514.106,0.5617890247820427,0.43821097521795727,1510.136,1496.232,14,7
1965-10-31,1965,0,,lar,det,1358.746,1509.129,0.3795393142107119,0.620460685789288,1335.225,1532.65,7,31
1965-10-31,1965,0,,nyj,den,1355.326,1388.878,0.5451341175569769,0.45486588244302306,1387.467,1356.737,45,10
1965-10-31,1965,0,,sf,ind,1485.668,1656.453,0.3522993452666354,0.6477006547333646,1472.586,1669.534,28,34
1965-10-31,1965,0,,nyg,ari,1412.211,1584.811,0.3499189730138178,0.6500810269861822,1434.213,1562.809,14,10
1965-10-31,1965,0,,pit,dal,1395.42,1436.534,0.5343206622087665,0.4656793377912335,1416.635,1415.319,22,13
1965-10-31,1965,0,,chi,gb,1514.978,1689.87,0.3469236760153454,0.6530763239846546,1557.475,1647.374,31,10
1965-10-31,1965,0,,lac,ne,1621.482,1392.281,0.8446913795503483,0.15530862044965166,1566.229,1447.534,6,22
1965-11-07,1965,0,,cle,phi,1582.916,1403.595,0.8032014173988613,0.1967985826011387,1588.618,1397.893,38,34
1965-11-07,1965,0,,min,lar,1550.434,1335.225,0.8338292354200287,0.16617076457997126,1557.76,1327.9,24,13
1965-11-07,1965,0,,ten,oak,1451.177,1496.232,0.5286716735167076,0.47132832648329237,1423.809,1523.601,21,33
1965-11-07,1965,0,,dal,sf,1415.319,1472.586,0.5111268442616662,0.4888731557383338,1436.727,1451.178,39,31
1965-11-07,1965,0,,ari,pit,1562.809,1416.635,0.771290996459243,0.22870900354075696,1569.526,1409.918,21,17
1965-11-07,1965,0,,ne,buf,1447.534,1608.519,0.3652766842209506,0.6347233157790494,1427.701,1628.352,7,23
1965-11-07,1965,0,,nyg,wsh,1434.213,1421.521,0.609980702466687,0.390019297533313,1398.383,1457.351,7,23
1965-11-07,1965,0,,kc,nyj,1510.136,1387.467,0.7465525686516191,0.2534474313483809,1487.507,1410.096,10,13
1965-11-07,1965,0,,gb,det,1647.374,1532.65,0.737801797989177,0.262198202010823,1618.582,1561.441,7,12
1965-11-07,1965,0,,chi,ind,1557.475,1669.534,0.4326877847736935,0.5673122152263065,1542.294,1684.715,21,26
1965-11-07,1965,0,,den,lac,1356.737,1566.229,0.30327246167703004,0.69672753832297,1341.324,1581.643,21,35
1965-11-14,1965,0,,min,ind,1557.76,1684.715,0.41177277052311473,0.5882272294768853,1533.374,1709.101,21,41
1965-11-14,1965,0,,chi,ari,1542.294,1569.526,0.5541394375413949,0.44586056245860506,1569.392,1542.428,34,13
1965-11-14,1965,0,,det,sf,1561.441,1451.178,0.7328038291651606,0.2671961708348394,1530.453,1482.166,21,27
1965-11-14,1965,0,,dal,pit,1436.727,1409.918,0.6291320465615058,0.3708679534384942,1451.533,1395.112,24,17
1965-11-14,1965,0,,ten,den,1423.809,1341.324,0.700355629024393,0.29964437097560703,1387.808,1377.325,21,31
1965-11-14,1965,0,,oak,buf,1523.601,1628.352,0.4430420269896488,0.5569579730103512,1511.535,1640.418,14,17
1965-11-14,1965,0,,kc,lac,1487.507,1581.643,0.4581679411736025,0.5418320588263975,1522.857,1546.293,31,7
1965-11-14,1965,0,,cle,nyg,1588.618,1398.383,0.8129434793714566,0.1870565206285434,1597.464,1389.537,34,21
1965-11-14,1965,0,,gb,lar,1618.582,1327.9,0.8856917445515362,0.11430825544846379,1621.31,1325.172,6,3
1965-11-14,1965,0,,ne,nyj,1427.701,1410.096,0.6166876831469593,0.3833123168530407,1396.972,1440.825,20,30
1965-11-14,1965,0,,phi,wsh,1397.893,1457.351,0.5079749027507104,0.49202509724928956,1418.305,1436.939,21,14
1965-11-21,1965,0,,det,chi,1530.453,1569.392,0.5374346122937246,0.4625653877062754,1507.834,1592.012,10,17
1965-11-21,1965,0,,dal,cle,1451.533,1597.464,0.38559273479005063,0.6144072652099494,1436.066,1612.932,17,24
1965-11-21,1965,0,,min,gb,1533.374,1621.31,0.46704030818180203,0.532959691818198,1503.254,1651.43,13,38
1965-11-21,1965,0,,ari,nyg,1542.428,1389.537,0.7780401156984282,0.22195988430157176,1496.848,1435.117,15,28
1965-11-21,1965,0,,pit,wsh,1395.112,1436.939,0.5332992648375853,0.4667007351624147,1358.814,1473.237,3,31
1965-11-21,1965,0,,ind,phi,1709.101,1418.305,0.8857581663787056,0.11424183362129436,1713.817,1413.589,34,24
1965-11-21,1965,0,,ne,kc,1396.972,1522.857,0.41326548560969195,0.586734514390308,1399.617,1520.212,10,10
1965-11-21,1965,0,,den,oak,1377.325,1511.535,0.4016956675264108,0.5983043324735893,1360.211,1528.649,20,28
1965-11-21,1965,0,,nyj,ten,1440.82